anho,periodo,Industrias Manufactureras,Electricidad y Agua,Construcción,Comercio,Transporte,Comunicaciones,Intermediación Financiera,Servicios,Hoteles y Restaurantes,Índice General
2001,jun,100.0,100.0,100.0,100.0,100.0,100.0,100.0,100.0,100.0,100.0
2001,dic,102.6,100.0,100.0,101.2,100.6,107.8,102.4,103.9,102.2,102.4
2002,jun,104.9,100.1,106.0,101.3,103.5,111.0,106.9,110.6,105.1,105.0
2002,dic,111.2,101.4,110.5,109.6,106.1,114.6,108.7,116.1,113.5,110.2
2003,jun,118.9,102.9,115.4,123.9,111.4,117.9,115.7,122.6,121.6,117.9
2003,dic,120.2,118.8,115.6,134.4,112.3,118.7,117.3,124.2,123.8,121.9
2004,jun,121.8,118.9,117.9,144.3,116.0,130.0,121.1,127.2,126.6,126.6
2004,dic,122.8,119.0,117.9,146.2,116.4,130.1,122.4,129.8,127.9,127.6
2005,jun,133.5,121.2,131.7,155.3,126.1,138.1,134.5,138.0,142.3,137.4
2005,dic,135.1,121.2,131.7,159.5,127.0,138.6,141.9,141.6,144.0,139.9
2006,jun,146.3,138.2,140.7,171.1,141.9,150.2,153.4,152.9,153.9,151.8
2006,dic,148.3,138.2,141.0,176.9,151.2,151.2,162.1,160.3,156.8,156.2
2007,jun,152.5,138.5,143.1,181.2,155.9,152.5,173.9,168.2,162.2,161.0
2007,dic,165.8,141.1,149.8,201.8,179.3,163.6,183.3,175.3,173.2,174.6
2008,jun,168.8,152.3,151.2,204.2,200.8,179.8,192.0,183.4,176.0,181.8
2008,dic,170.4,152.3,152.1,211.6,203.0,179.8,203.1,186.7,177.6,185.5
2009,jun,177.9,155.4,158.0,217.5,218.8,190.9,213.4,192.0,188.4,193.6
2009,dic,179.2,155.4,160.3,224.7,220.5,198.7,221.4,198.8,192.2,197.9
2010,jun,182.1,156.9,164.6,232.6,226.0,208.9,231.1,206.0,205.1,203.9
2010,dic,191.7,159.1,175.7,244.9,238.6,208.9,241.2,211.3,211.4,212.8
2011,jun,206.3,168.4,186.9,261.2,254.8,215.0,253.5,225.0,227.4,226.3
2011,dic,207.3,168.4,188.6,273.0,261.0,215.0,266.0,228.4,232.0,231.4
2012,jun,210.9,181.3,190.0,273.0,266.4,227.3,280.6,237.6,244.1,237.4
2012,dic,214.0,183.1,193.0,277.7,268.8,227.7,290.8,246.1,245.8,241.6
2013,jun,216.8,204.8,197.7,284.5,287.4,228.9,302.5,252.4,257.6,249.2
2013,dic,220.2,204.8,200.2,290.2,293.2,228.9,311.7,260.4,260.9,253.7
2014,jun,234.3,208.5,214.7,298.4,307.7,229.4,324.8,275.7,276.7,264.8
2014,dic,238.1,208.5,214.7,313.3,314.0,230.0,333.4,281.9,279.0,271.1
2015,jun,239.3,208.5,215.4,316.1,319.1,230.9,344.8,286.3,284.1,274.3
2015,dic,241.9,208.5,228.3,319.9,319.9,231.4,356.2,298.9,291.4,278.9
2016,jun,244.8,208.5,235.0,338.4,322.4,231.4,368.0,304.8,298.3,286.0
2016,dic,257.2,208.5,242.2,344.7,330.7,231.9,383.4,314.8,306.6,294.8
2017,jun,259.8,208.5,244.1,347.8,335.8,236.7,395.4,319.3,310.3,298.9
2017,dic,269.9,208.5,249.3,349.3,340.1,238.8,401.2,333.4,318.2,305.0
2018,jun,275.0,236.4,251.0,356.5,367.1,238.8,417.5,340.6,325.7,314.7
2018,dic,282.1,238.1,265.2,372.1,370.5,241.0,428.6,347.6,329.3,323.2
2019,jun,287.5,238.7,269.0,375.4,373.1,242.6,440.1,353.7,334.7,328.0
2019,dic,293.8,238.7,274.8,382.0,376.9,242.6,450.0,362.3,340.1,333.7
2020,jun,291.0,238.7,276.9,386.2,384.1,242.6,458.9,364.2,343.8,335.6
2020,dic,292.9,239.3,286.0,386.2,384.4,242.6,462.4,367.0,343.8,337.3
2021,jun,295.9,239.3,289.0,399.3,405.0,242.6,477.8,369.1,344.8,344.8
2021,dic,304.8,256.7,293.4,419.9,408.6,242.6,492.2,379.5,355.9,355.9
2022,jun,311.5,257.2,294.2,427.5,411.0,244.4,513.2,383.6,358.5,362.6
2022,dic,332.0,258.4,297.7,458.6,421.8,244.4,532.7,402.5,376.6,380.3
2023,jun,334.6,258.4,304.2,470.1,423.3,244.6,549.4,404.1,380.1,386.0
2023,dic,346.4,259.0,306.9,497.8,429.6,247.5,561.8,411.2,392.6,398.3
2024,jun,349.4,269.5,307.5,500.0,432.3,247.5,576.7,418.1,393.0,402.8
2024,dic,360.4,281.1,311.5,521.8,438.3,250.3,588.4,428.3,399.0,414.4
2025,jun,363.4,290.7,319.6,530.2,442.5,250.3,603.1,436.5,401.4,420.7
