anho,periodo,salario_minimo
1980,Enero/Junio,20520.0
1980,Julio/Diciembre,23610.0
1981,Enero/Abril,23610.0
1981,Mayo/Diciembre,27180.0
1982,Enero/Diciembre,27180.0
1983,Enero/Junio,27180.0
1983,Julio/Diciembre,29910.0
1984,Enero/Mayo,29910.0
1984,Junio/Agosto,34410.0
1984,Septiembre/Diciembre,39570.0
1985,Enero,39570.0
1985,Febrero/Septiembre,43530.0
1985,Octubre/Diciembre,52230.0
1986,Enero,52230.0
1986,Febrero/Junio,60060.0
1986,Julio/Diciembre,72060.0
1987,Enero/Septiembre,86460.0
1987,Octubre/Diciembre,103740.0
1988,Enero/Febrero,103740.0
1988,Marzo/Septiembre,119310.0
1988,Octubre/Diciembre,143160.0
1989,Enero/Mayo,143160.0
1989,Junio/Diciembre,164640.0
1990,Enero/Junio,185220.0
1990,Julio/Septiembre,213000.0
1990,Octubre/Diciembre,244950.0
1991,Enero/Diciembre,244950.0
1992,Enero/Junio,244950.0
1992,Julio/Diciembre,269445.0
1993,Enero/Marzo,269445.0
1993,Abril/Diciembre,300000.0
1994,Enero/Junio,345000.0
1994,Julio/Diciembre,379500.0
1995,Enero/Abril,379500.0
1995,Mayo/Diciembre,436425.0
1996,Enero/Marzo,436425.0
1996,Abril/Diciembre,480067.5
1997,Enero/Diciembre,528075.0
1998,Enero/Febrero,528075.0
1998,Marzo/Diciembre,591445.0
1999,Enero/Diciembre,591445.0
2000,Enero,591445.0
2000,Febrero/Diciembre,680162.0
2001,Enero/Abril,680162.0
2001,Mayo/Diciembre,782186.0
2002,Enero/Julio,782186.0
2002,Agosto/Diciembre,876048.0
2003,Enero,876048.0
2003,Febrero/Diciembre,972413.0
2004,Enero/Diciembre,972413.0
2005,Enero/Marzo,972413.0
2005,Abril/Diciembre,1089103.0
2006,Enero/Marzo,1089103.0
2006,Abril/Diciembre,1219795.0
2007,Enero/Septiembre,1219795.0
2007,Octubre/Diciembre,1341775.0
2008,Enero/Diciembre,1341775.0
2009,Enero/Abril,1341775.0
2009,Mayo/Diciembre,1408864.0
2010,Enero/Junio,1408864.0
2010,Julio/Diciembre,1507484.0
2011,Enero/Marzo,1507484.0
2011,Abril/Diciembre,1658232.0
2012,Enero/Diciembre,1658232.0
2013,Enero/Diciembre,1658232.0
2014,Enero/Febrero,1658232.0
2014,Marzo/Diciembre,1824055.0
2015,Enero/Diciembre,1824055.0
2016,Enero/Noviembre,1824055.0
2016,Diciembre,1964507.0
2017,Enero/Junio,1964507.0
2017,Julio/Diciembre,2041123.0
2018,Enero/Junio,2041123.0
2018,Julio/Diciembre,2112562.0
2019,Enero/Junio,2112562.0
2019,Julio/Diciembre,2192839.0
2020,Enero/Diciembre,2192839.0
2021,Enero/Junio,2192839.0
2021,Julio/Diciembre,2289324.0
2022,Enero/Junio,2289324.0
2022,Julio/Diciembre,2550307.0
2023,Enero/Junio,2550307.0
2023,Julio/Diciembre,2680373.0
2024,Enero/Junio,2680373.0
2024,Julio/Diciembre,2798309.0
2025,Enero/Junio,2798309.0
2025,Julio/Diciembre,2899048.0
2026,Enero/Junio,2899048.0
2026,Julio/Agosto,3044000.0
