anho,ipc,salario_minimo,salario_minimo_real_1980,salario_minimo_real_ultimo
1980,100.0,22065.0,22065.0,2286505.993753126
1981,114.14141414141415,25990.0,22770.0,2359562.269556251
1982,122.22222222222221,27180.0,22238.18181818182,2304452.119530683
1983,138.38383838383837,28545.0,20627.40875912409,2137534.2743409458
1984,166.66666666666666,34255.0,20553.0,2129823.597988126
1985,209.0909090909091,45375.0,21701.086956521736,2248795.168685463
1986,274.7474747474747,65407.5,23806.406250000004,2466960.823945021
1987,334.34343434343435,90780.0,27151.72205438066,2813622.262318619
1988,412.1212121212121,122677.5,29767.334558823528,3084667.5226288037
1989,519.1919191919192,155690.0,29986.984435797665,3107428.943894542
1990,717.1717171717171,207097.5,28876.97535211268,2992403.2279205495
1991,890.9090909090909,244950.0,27494.38775510204,2849131.311879147
1992,1026.262626262626,257197.5,25061.567421259846,2597028.0589874787
1993,1213.131313131313,292361.25,24099.72002497919,2497355.7346425173
1994,1462.6262626262626,362250.0,24767.092541436465,2566512.827728657
1995,1658.5858585858584,417450.0,25169.031668696713,2608164.140831057
1996,1821.212121212121,469156.875,25760.69363560732,2669475.6583301225
1997,1948.4848484848485,528075.0,27101.82737169518,2808451.879766307
1998,2173.7373737373737,580883.3333333334,26722.79275092937,2769174.0672931154
1999,2320.20202020202,591445.0,25491.099259904226,2641538.692278581
2000,2528.282828282828,672768.9166666666,26609.717439073112,2757456.533719363
2001,2712.121212121212,748178.0,27586.451396648044,2858671.4917206005
2002,2997.1380471380467,821295.1666666666,27402.647250463408,2839624.617398015
2003,3423.5690235690236,964382.5833333334,28168.924788552322,2919030.8346524313
2004,3571.8855218855224,972413.0,27224.080784276754,2821120.5025002537
2005,3814.562289562289,1059930.5,27786.425270869655,2879393.969037697
2006,4180.555555555556,1187122.0,28396.273754152822,2942590.081084297
2007,4520.454545454545,1250290.0,27658.501759678235,2866137.777101095
2008,4979.49696969697,1341775.0,26945.994910037156,2792303.597074153
2009,5108.562878787879,1386501.0,27140.724953335182,2812482.6775710825
2010,5346.170454545456,1458174.0,27275.11238928459,2826408.6996777416
2011,5787.441666666669,1620545.0,28001.05976590116,2901635.666719805
2012,6000.183333333337,1658232.0,27636.355555802445,2863842.856280752
2013,6161.2196969697,1658232.0,26914.021598930736,2788990.3331953874
2014,6471.056818181821,1796417.8333333333,27760.810696112458,2876739.6350830286
2015,6673.536363636365,1824055.0,27332.65993632924,2832372.117363822
2016,6946.271969696974,1835759.3333333333,26427.9795168086,2738623.7737578833
2017,7196.509848484852,2002815.0,27830.365582306138,2883947.3243727027
2018,7482.615025000004,2076842.5,27755.570653589773,2876196.630839401
2019,7688.918000000005,2152700.5,27997.443853608514,2901260.9644705406
2020,7824.820850000004,2192839.0,28024.143198115507,2904027.708691911
2021,8199.471950000003,2241081.5,27332.022277361397,2832306.039364641
2022,9000.196850000002,2419815.5,26886.25082683608,2786112.561301184
2023,9417.088025000003,2615340.0,27772.2794249871,2877928.092699734
2024,9778.271275000001,2739341.0,28014.573567862073,2903036.046922934
2025,10173.124150000001,2848678.5,28002.00270828308,2901733.379994585
2026,10362.592312500004,2935286.0,28325.788677986253,2935286.0
