anho,nivel_nombre,personas_distintas_anio
2015,Banco Central,919
2015,Contraloría General,920
2015,Empresas públicas,11148
2015,Entes autónomos y autárquicos,10013
2015,Entidades financieras oficiales,1960
2015,Gobiernos departamentales,2939
2015,Municipalidades,5516
2015,Otros organismos del Estado,209
2015,Poder Ejecutivo,195969
2015,Poder Judicial,30553
2015,Poder Legislativo,3413
2015,Seguridad social,16438
2015,Sociedades anónimas del Estado,6665
2015,Universidades nacionales,20728
2016,Banco Central,909
2016,Contraloría General,935
2016,Empresas públicas,11122
2016,Entes autónomos y autárquicos,9816
2016,Entidades financieras oficiales,2095
2016,Gobiernos departamentales,2778
2016,Municipalidades,21803
2016,Otros organismos del Estado,208
2016,Poder Ejecutivo,195917
2016,Poder Judicial,28637
2016,Poder Legislativo,3446
2016,Seguridad social,17100
2016,Sociedades anónimas del Estado,6563
2016,Universidades nacionales,22759
2017,Banco Central,913
2017,Contraloría General,927
2017,Empresas públicas,10836
2017,Entes autónomos y autárquicos,9760
2017,Entidades financieras oficiales,2143
2017,Gobiernos departamentales,2796
2017,Municipalidades,28647
2017,Otros organismos del Estado,232
2017,Poder Ejecutivo,195715
2017,Poder Judicial,28990
2017,Poder Legislativo,3564
2017,Seguridad social,17623
2017,Sociedades anónimas del Estado,6246
2017,Universidades nacionales,23772
2018,Banco Central,901
2018,Contraloría General,1002
2018,Empresas públicas,10830
2018,Entes autónomos y autárquicos,9927
2018,Entidades financieras oficiales,2157
2018,Gobiernos departamentales,3544
2018,Municipalidades,29195
2018,Otros organismos del Estado,404
2018,Poder Ejecutivo,216174
2018,Poder Judicial,28187
2018,Poder Legislativo,4143
2018,Seguridad social,17974
2018,Sociedades anónimas del Estado,6145
2018,Universidades nacionales,24013
2019,Banco Central,882
2019,Contraloría General,1035
2019,Empresas públicas,10712
2019,Entes autónomos y autárquicos,9428
2019,Entidades financieras oficiales,2154
2019,Gobiernos departamentales,2640
2019,Municipalidades,30085
2019,Otros organismos del Estado,425
2019,Poder Ejecutivo,218165
2019,Poder Judicial,29176
2019,Poder Legislativo,3947
2019,Seguridad social,18404
2019,Sociedades anónimas del Estado,6475
2019,Universidades nacionales,23917
2020,Banco Central,845
2020,Contraloría General,992
2020,Empresas públicas,10813
2020,Entes autónomos y autárquicos,8962
2020,Entidades financieras oficiales,2116
2020,Gobiernos departamentales,2476
2020,Municipalidades,28502
2020,Otros organismos del Estado,226
2020,Poder Ejecutivo,209101
2020,Poder Judicial,28574
2020,Poder Legislativo,3790
2020,Seguridad social,21182
2020,Sociedades anónimas del Estado,6390
2020,Universidades nacionales,23634
2021,Banco Central,769
2021,Contraloría General,998
2021,Empresas públicas,10590
2021,Entes autónomos y autárquicos,9385
2021,Entidades financieras oficiales,2289
2021,Gobiernos departamentales,2516
2021,Municipalidades,34143
2021,Otros organismos del Estado,236
2021,Poder Ejecutivo,215603
2021,Poder Judicial,28690
2021,Poder Legislativo,3921
2021,Seguridad social,25701
2021,Sociedades anónimas del Estado,6408
2021,Universidades nacionales,23601
2022,Banco Central,795
2022,Contraloría General,1010
2022,Empresas públicas,10489
2022,Entes autónomos y autárquicos,14671
2022,Entidades financieras oficiales,2278
2022,Gobiernos departamentales,2578
2022,Municipalidades,33814
2022,Otros organismos del Estado,245
2022,Poder Ejecutivo,218596
2022,Poder Judicial,29668
2022,Poder Legislativo,4025
2022,Seguridad social,27426
2022,Sociedades anónimas del Estado,6648
2022,Universidades nacionales,23188
2023,Banco Central,733
2023,Contraloría General,1030
2023,Empresas públicas,10683
2023,Entes autónomos y autárquicos,10465
2023,Entidades financieras oficiales,2254
2023,Gobiernos departamentales,3079
2023,Municipalidades,32623
2023,Otros organismos del Estado,226
2023,Poder Ejecutivo,219099
2023,Poder Judicial,29702
2023,Poder Legislativo,4633
2023,Seguridad social,26981
2023,Sociedades anónimas del Estado,6437
2023,Universidades nacionales,23558
2024,Banco Central,775
2024,Contraloría General,1009
2024,Empresas públicas,10352
2024,Entes autónomos y autárquicos,10449
2024,Entidades financieras oficiales,2356
2024,Gobiernos departamentales,2459
2024,Municipalidades,32185
2024,Otros organismos del Estado,214
2024,Poder Ejecutivo,222125
2024,Poder Judicial,29205
2024,Poder Legislativo,4481
2024,Seguridad social,26709
2024,Sociedades anónimas del Estado,5186
2024,Universidades nacionales,24339
2025,Banco Central,795
2025,Contraloría General,1013
2025,Empresas públicas,9771
2025,Entes autónomos y autárquicos,9846
2025,Entidades financieras oficiales,2182
2025,Gobiernos departamentales,2458
2025,Municipalidades,29806
2025,Otros organismos del Estado,215
2025,Poder Ejecutivo,225505
2025,Poder Judicial,28913
2025,Poder Legislativo,4362
2025,Seguridad social,25943
2025,Sociedades anónimas del Estado,4861
2025,Universidades nacionales,23812
