anho,mes,cantidad_mensual,cantidad_acumulada,permanente,contratado,fecha,pct_contratado
2015,1,223417,223417,190400,36171,2015-01,15.96
2015,2,225085,226612,190363,38538,2015-02,16.84
2015,3,226448,229033,191010,38844,2015-03,16.9
2015,4,227742,231293,191738,39338,2015-04,17.02
2015,5,283145,287629,234577,52144,2015-05,18.19
2015,6,239226,289645,200288,42142,2015-06,17.38
2015,7,262452,299595,224980,42080,2015-07,15.76
2015,8,274339,303012,233505,45919,2015-08,16.43
2015,9,267709,304093,227954,44328,2015-09,16.28
2015,10,272925,305294,232207,45494,2015-10,16.38
2015,11,273274,306529,232797,45582,2015-11,16.37
2015,12,272517,307390,232337,45398,2015-12,16.35
2016,1,296686,296686,249502,52474,2016-01,17.38
2016,2,299005,301604,250408,53646,2016-02,17.64
2016,3,302811,307654,251416,56555,2016-03,18.36
2016,4,302426,310760,251050,56704,2016-04,18.43
2016,5,304537,313269,252230,57411,2016-05,18.54
2016,6,305973,315804,252993,58080,2016-06,18.67
2016,7,305666,317595,252448,58306,2016-07,18.76
2016,8,306360,320038,252353,59025,2016-08,18.96
2016,9,305944,321364,252401,58634,2016-09,18.85
2016,10,305170,322602,251708,58396,2016-10,18.83
2016,11,304682,323423,251261,59024,2016-11,19.02
2016,12,303918,324088,252627,57088,2016-12,18.43
2017,1,303500,303500,251711,56435,2017-01,18.31
2017,2,307342,309764,252825,59564,2017-02,19.07
2017,3,313312,317787,255032,63610,2017-03,19.96
2017,4,314271,319975,256125,63450,2017-04,19.85
2017,5,313946,321569,255772,63300,2017-05,19.84
2017,6,314335,323254,256396,63069,2017-06,19.74
2017,7,314429,325466,255860,63775,2017-07,19.95
2017,8,313968,327206,255590,63465,2017-08,19.89
2017,9,314185,328670,255776,63420,2017-09,19.87
2017,10,314572,330006,256155,61116,2017-10,19.26
2017,11,313962,331382,256108,60554,2017-11,19.12
2017,12,313135,332164,255627,60795,2017-12,19.21
2018,1,309450,309450,256624,55332,2018-01,17.74
2018,2,313174,315697,257785,58084,2018-02,18.39
2018,3,315388,319655,258495,59797,2018-03,18.79
2018,4,316690,322960,258891,60687,2018-04,18.99
2018,5,317181,325143,258851,61253,2018-05,19.14
2018,6,318257,327782,259196,61900,2018-06,19.28
2018,7,316646,329710,258619,60710,2018-07,19.01
2018,8,317279,332826,259737,60191,2018-08,18.81
2018,9,317250,334633,262711,58386,2018-09,18.18
2018,10,316655,336254,262384,58270,2018-10,18.17
2018,11,332208,353817,274281,61937,2018-11,18.42
2018,12,331030,354596,273691,62526,2018-12,18.6
2019,1,310129,310129,261018,52756,2019-01,16.81
2019,2,315259,317755,264113,55340,2019-02,17.32
2019,3,333123,338227,276681,60633,2019-03,17.98
2019,4,334227,341965,276587,61516,2019-04,18.19
2019,5,335066,344981,277345,61969,2019-05,18.26
2019,6,336193,347383,277677,62997,2019-06,18.49
2019,7,335527,349419,276321,63336,2019-07,18.65
2019,8,337449,352660,277368,64128,2019-08,18.78
2019,9,337532,354380,277461,63980,2019-09,18.74
2019,10,337566,355912,277690,63897,2019-10,18.71
2019,11,337003,356917,277439,63561,2019-11,18.64
2019,12,334554,357445,275802,63980,2019-12,18.83
2020,1,317456,317456,261743,59437,2020-01,18.51
2020,2,321700,325209,263024,62529,2020-02,19.21
2020,3,325065,330908,264687,65054,2020-03,19.73
2020,4,325712,334174,264362,65782,2020-04,19.93
2020,5,327047,336593,265094,66063,2020-05,19.95
2020,6,328641,338904,266110,66748,2020-06,20.05
2020,7,327901,340279,265174,67037,2020-07,20.18
2020,8,329060,341944,265320,68062,2020-08,20.42
2020,9,329822,343911,265083,69164,2020-09,20.69
2020,10,330885,346141,264645,70677,2020-10,21.08
2020,11,331109,347020,264937,70729,2020-11,21.07
2020,12,328373,347603,263265,70376,2020-12,21.09
2021,1,325391,325391,260346,69280,2021-01,21.02
2021,2,331651,333311,263613,72786,2021-02,21.64
2021,3,335159,337952,264345,75635,2021-03,22.25
2021,4,337825,341639,265344,77134,2021-04,22.52
2021,5,341647,347136,267358,78853,2021-05,22.78
2021,6,342085,349408,267086,79654,2021-06,22.97
2021,7,343475,353390,266172,81939,2021-07,23.54
2021,8,343717,355431,265968,82414,2021-08,23.66
2021,9,344478,357829,265927,83280,2021-09,23.85
2021,10,342734,358932,265527,81779,2021-10,23.55
2021,11,342682,363232,265143,82090,2021-11,23.64
2021,12,338632,364850,261805,82061,2021-12,23.86
2022,1,336627,336627,261298,79441,2022-01,23.31
2022,2,340152,343128,262204,82113,2022-02,23.85
2022,3,344624,349647,264618,85060,2022-03,24.33
2022,4,348961,355547,267283,86359,2022-04,24.42
2022,5,351367,360230,269191,86934,2022-05,24.41
2022,6,352269,362505,271479,86887,2022-06,24.25
2022,7,352074,365339,271892,86281,2022-07,24.09
2022,8,353052,368000,272303,86384,2022-08,24.08
2022,9,353044,370226,271579,87021,2022-09,24.27
2022,10,352057,371959,270941,86830,2022-10,24.27
2022,11,353104,374462,271023,87521,2022-11,24.41
2022,12,349690,375431,269556,86101,2022-12,24.21
2023,1,338284,338284,262943,80628,2023-01,23.47
2023,2,346248,348270,266225,84970,2023-02,24.19
2023,3,349945,354325,268605,87273,2023-03,24.52
2023,4,351283,357672,269228,87220,2023-04,24.47
2023,5,351816,359463,269753,87220,2023-05,24.43
2023,6,350133,361076,269733,85630,2023-06,24.1
2023,7,349951,363017,269150,85911,2023-07,24.2
2023,8,347626,364900,266928,85608,2023-08,24.28
2023,9,350639,367691,270582,85182,2023-09,23.94
2023,10,349150,369524,269728,84412,2023-10,23.84
2023,11,347654,370883,268997,83747,2023-11,23.74
2023,12,345841,371503,268543,83043,2023-12,23.62
2024,1,336179,336179,264831,75904,2024-01,22.28
2024,2,341667,343591,266766,79530,2024-02,22.97
2024,3,345486,349497,269299,80897,2024-03,23.1
2024,4,346951,353531,270835,80961,2024-04,23.01
2024,5,349940,357368,271505,83525,2024-05,23.53
2024,6,350331,359704,271678,83575,2024-06,23.53
2024,7,350275,362776,272231,83048,2024-07,23.38
2024,8,351460,365403,272558,83833,2024-08,23.52
2024,9,350248,366620,272493,82671,2024-09,23.28
2024,10,352027,369443,272931,84131,2024-10,23.56
2024,11,352747,371209,273073,84662,2024-11,23.67
2024,12,350278,371844,271512,84674,2024-12,23.77
2025,1,341672,341672,267093,79523,2025-01,22.94
2025,2,347267,350093,269624,82668,2025-02,23.47
2025,3,352200,356824,273253,84108,2025-03,23.54
2025,4,353122,360632,274399,84178,2025-04,23.48
2025,5,358869,369482,279008,85287,2025-05,23.41
