anho,meses_informados,promedio_mensual,prom_permanente,prom_contratado,ultimo_mes,personas_distintas_anio,pct_contratado,anio_completo
2015,12,254023,215180,42998,12,307390,16.65,True
2016,12,303598,251700,57112,12,324088,18.49,True
2017,12,312580,255248,61879,12,332164,19.51,True
2018,12,318434,261772,59923,12,354596,18.63,True
2019,12,331969,274625,61508,12,357445,18.3,True
2020,12,326898,264454,66805,12,347603,20.17,True
2021,12,339123,264886,78909,12,364850,22.95,True
2022,12,348918,268614,85578,12,375431,24.16,True
2023,12,348214,268368,85070,12,371503,24.07,True
2024,12,348132,270809,82284,12,371844,23.3,True
2025,5,350626,272675,83153,5,369482,23.37,False
