anho,sector,permanente,contratado,mujeres,hombres,total
2015,Defensa Nacional,19247,282,2557,16972,19529
2015,Educación (MEC),84956,451,57136,28272,85407
2015,Policía Nacional,24972,67,3895,21144,25039
2015,Resto del sector público,62915,25029,38490,49455,87944
2015,Salud (MSPBS),23089,17169,26682,13576,40258
2016,Defensa Nacional,19328,289,2563,17054,19617
2016,Educación (MEC),83869,431,56544,27755,84300
2016,Policía Nacional,25081,55,3995,21141,25136
2016,Resto del sector público,98267,39663,61386,76545,137931
2016,Salud (MSPBS),25154,16674,27698,14130,41828
2017,Defensa Nacional,19535,280,2559,17256,19815
2017,Educación (MEC),83146,334,56008,27473,83481
2017,Policía Nacional,25226,86,4095,21217,25312
2017,Resto del sector público,102738,44715,65709,81744,147453
2017,Salud (MSPBS),24602,16464,27313,13754,41067
2018,Defensa Nacional,20167,264,2556,17875,20431
2018,Educación (MEC),82656,308,55805,27159,82964
2018,Policía Nacional,25453,95,4224,21324,25548
2018,Resto del sector público,106462,42985,67106,82340,149447
2018,Salud (MSPBS),24989,15580,27278,13291,40569
2019,Defensa Nacional,20664,263,2512,18415,20927
2019,Educación (MEC),81188,297,55092,26393,81485
2019,Policía Nacional,26096,108,4455,21750,26204
2019,Resto del sector público,109559,41554,68136,82977,151113
2019,Salud (MSPBS),26484,16438,28827,14096,42923
2020,Defensa Nacional,20463,242,2540,18165,20705
2020,Educación (MEC),80294,235,54709,25820,80529
2020,Policía Nacional,27665,147,4947,22864,27811
2020,Resto del sector público,109836,43152,69739,83248,152988
2020,Salud (MSPBS),26196,23029,32962,16263,49225
2021,Defensa Nacional,21191,224,2572,18843,21415
2021,Educación (MEC),79957,234,54620,25571,80191
2021,Policía Nacional,29229,186,5230,24185,29415
2021,Resto del sector público,108746,48365,73010,84102,157112
2021,Salud (MSPBS),25763,29899,37627,18035,55662
2022,Defensa Nacional,21317,211,2552,18976,21528
2022,Educación (MEC),80277,224,54982,25520,80501
2022,Policía Nacional,30328,143,5415,25055,30471
2022,Resto del sector público,108307,53718,76497,85529,162025
2022,Salud (MSPBS),26992,30988,39321,18660,57980
2023,Defensa Nacional,21439,203,2571,19072,21643
2023,Educación (MEC),80786,190,55553,25422,80976
2023,Policía Nacional,30838,194,5581,25450,31032
2023,Resto del sector público,107304,53148,76750,83701,160452
2023,Salud (MSPBS),28001,31336,40232,19105,59336
2024,Defensa Nacional,21538,192,2558,19173,21730
2024,Educación (MEC),81185,127,56019,25293,81312
2024,Policía Nacional,30636,130,5582,25184,30765
2024,Resto del sector público,109574,50173,76951,82796,159747
2024,Salud (MSPBS),27876,31662,40398,19141,59538
2025,Defensa Nacional,21665,182,2585,19262,21847
2025,Educación (MEC),81862,148,56882,25128,82010
2025,Policía Nacional,36917,276,6627,30566,37193
2025,Resto del sector público,110502,51746,78900,83349,162249
2025,Salud (MSPBS),27267,34685,42178,19775,61952
