anho,mes,permanente,contratado,mujeres,hombres,total,oee_reportan,fecha
2015,1,190400,36171,116103,110468,226571,72,2015-01
2015,2,190363,38538,117039,111862,228901,73,2015-02
2015,3,191010,38844,116872,112982,229854,71,2015-03
2015,4,191738,39338,117124,113952,231076,71,2015-04
2015,5,234577,52144,143026,143695,286721,157,2015-05
2015,6,200288,42142,121139,121291,242430,97,2015-06
2015,7,224980,42080,133094,133966,267060,118,2015-07
2015,8,233505,45919,137190,142234,279424,130,2015-08
2015,9,227954,44328,133049,139233,272282,132,2015-09
2015,10,232207,45494,136540,141161,277701,130,2015-10
2015,11,232797,45582,136943,141436,278379,130,2015-11
2015,12,232337,45398,136996,140739,277735,133,2015-12
2016,1,249502,52474,150291,151685,301976,261,2016-01
2016,2,250408,53646,150652,153402,304054,267,2016-02
2016,3,251416,56555,152077,155894,307971,284,2016-03
2016,4,251050,56704,151888,155866,307754,292,2016-04
2016,5,252230,57411,152347,157294,309641,307,2016-05
2016,6,252993,58080,152742,158331,311073,311,2016-06
2016,7,252448,58306,152897,157857,310754,319,2016-07
2016,8,252353,59025,152856,158522,311378,323,2016-08
2016,9,252401,58634,152764,158271,311035,324,2016-09
2016,10,251708,58396,152417,157687,310104,322,2016-10
2016,11,251261,59024,152724,157561,310285,318,2016-11
2016,12,252627,57088,152574,157141,309715,312,2016-12
2017,1,251711,56435,152313,155833,308146,332,2017-01
2017,2,252825,59564,153666,158723,312389,334,2017-02
2017,3,255032,63610,156364,162278,318642,336,2017-03
2017,4,256125,63450,156665,162910,319575,340,2017-04
2017,5,255772,63300,156413,162659,319072,340,2017-05
2017,6,256396,63069,156548,162917,319465,344,2017-06
2017,7,255860,63775,156782,162853,319635,344,2017-07
2017,8,255590,63465,156527,162528,319055,343,2017-08
2017,9,255776,63420,156525,162671,319196,344,2017-09
2017,10,256155,61116,155571,161700,317271,342,2017-10
2017,11,256108,60554,155377,161285,316662,340,2017-11
2017,12,255627,60795,155451,160971,316422,339,2017-12
2018,1,256624,55332,154019,157937,311956,348,2018-01
2018,2,257785,58084,155489,160380,315869,347,2018-02
2018,3,258495,59797,156267,162025,318292,350,2018-03
2018,4,258891,60687,156952,162626,319578,351,2018-04
2018,5,258851,61253,157275,162829,320104,351,2018-05
2018,6,259196,61900,157873,163223,321096,354,2018-06
2018,7,258619,60710,157373,161956,319329,354,2018-07
2018,8,259737,60191,157537,162391,319928,354,2018-08
2018,9,262711,58386,158049,163048,321097,354,2018-09
2018,10,262384,58270,157717,162937,320654,353,2018-10
2018,11,262017,57814,157359,162472,319831,349,2018-11
2018,12,261420,58347,157719,162048,319767,343,2018-12
2019,1,261018,52756,155284,158490,313774,358,2019-01
2019,2,264113,55340,157336,162117,319453,359,2019-02
2019,3,263906,57245,157709,163442,321151,359,2019-03
2019,4,263805,58079,157705,164179,321884,357,2019-04
2019,5,264563,58567,158792,164338,323130,357,2019-05
2019,6,264895,59553,159711,164737,324448,356,2019-06
2019,7,263546,59941,159325,164162,323487,356,2019-07
2019,8,264593,60712,160449,164856,325305,357,2019-08
2019,9,264707,60571,160342,164936,325278,355,2019-09
2019,10,264950,60495,160574,164871,325445,354,2019-10
2019,11,264720,60152,160549,164323,324872,350,2019-11
2019,12,263083,60515,160496,163102,323598,346,2019-12
2020,1,261743,59437,160000,161180,321180,355,2020-01
2020,2,263024,62529,161043,164510,325553,357,2020-02
2020,3,264687,65054,163459,166282,329741,358,2020-03
2020,4,264362,65782,164123,166021,330144,359,2020-04
2020,5,265094,66063,164772,166385,331157,356,2020-05
2020,6,266110,66748,165225,167633,332858,358,2020-06
2020,7,265174,67037,165541,166670,332211,358,2020-07
2020,8,265320,68062,166040,167342,333382,355,2020-08
2020,9,265083,69164,166478,167769,334247,356,2020-09
2020,10,264645,70677,167332,167990,335322,356,2020-10
2020,11,264937,70729,167591,168075,335666,354,2020-11
2020,12,263265,70376,167164,166477,333641,347,2020-12
2021,1,260346,69280,165261,164365,329626,353,2021-01
2021,2,263613,72786,168584,167815,336399,356,2021-02
2021,3,264345,75635,170566,169414,339980,357,2021-03
2021,4,265344,77134,171957,170521,342478,357,2021-04
2021,5,267358,78853,173215,172996,346211,358,2021-05
2021,6,267086,79654,173820,172920,346740,355,2021-06
2021,7,266172,81939,175505,172606,348111,355,2021-07
2021,8,265968,82414,175757,172625,348382,355,2021-08
2021,9,265927,83280,176070,173137,349207,355,2021-09
2021,10,265527,81779,175438,171868,347306,351,2021-10
2021,11,265143,82090,175704,171529,347233,346,2021-11
2021,12,261805,82061,174831,169035,343866,353,2021-12
2022,1,261298,79441,172884,167855,340739,374,2022-01
2022,2,262204,82113,174499,169818,344317,372,2022-02
2022,3,264618,85060,177076,172602,349678,373,2022-03
2022,4,266702,86275,178250,174727,352977,373,2022-04
2022,5,267074,86640,178742,174972,353714,377,2022-05
2022,6,269362,86166,180013,175515,355528,376,2022-06
2022,7,269782,85574,180261,175095,355356,378,2022-07
2022,8,270220,86125,180911,175434,356345,377,2022-08
2022,9,269507,86685,180884,175308,356192,377,2022-09
2022,10,268869,86354,180588,174635,355223,374,2022-10
2022,11,268951,87185,181126,175010,356136,373,2022-11
2022,12,268065,85793,179955,173903,353858,368,2022-12
2023,1,262943,80628,175115,168456,343571,377,2023-01
2023,2,266225,84970,179012,172183,351195,378,2023-02
2023,3,268605,87273,181271,174607,355878,378,2023-03
2023,4,269228,87220,181689,174759,356448,378,2023-04
2023,5,269753,87220,181994,174979,356973,379,2023-05
2023,6,269733,85630,181535,173828,355363,381,2023-06
2023,7,269150,85911,181839,173222,355061,381,2023-07
2023,8,266928,85608,181094,171442,352536,379,2023-08
2023,9,270582,85182,182216,173548,355764,380,2023-09
2023,10,269728,84412,181390,172750,354140,379,2023-10
2023,11,268997,83747,180785,171959,352744,374,2023-11
2023,12,268543,83043,180312,171274,351586,371,2023-12
2024,1,264831,75904,174735,166000,340735,381,2024-01
2024,2,266766,79530,177624,168672,346296,382,2024-02
2024,3,269299,80897,179486,170710,350196,379,2024-03
2024,4,270835,80961,180298,171498,351796,380,2024-04
2024,5,271505,83524,182319,172710,355029,379,2024-05
2024,6,271678,83574,182502,172750,355252,379,2024-06
2024,7,272231,83047,182450,172828,355278,379,2024-07
2024,8,272558,83833,183406,172985,356391,378,2024-08
2024,9,272493,82671,182858,172306,355164,376,2024-09
2024,10,272931,84131,183818,173244,357062,379,2024-10
2024,11,273073,84662,184290,173445,357735,379,2024-11
2024,12,271512,84674,184294,171892,356186,375,2024-12
2025,1,267090,79521,177268,169343,346611,376,2025-01
2025,2,270308,82809,181157,171960,353117,375,2025-02
2025,3,274008,84407,183804,174611,358415,378,2025-03
2025,4,275295,84909,184826,175378,360204,379,2025-04
2025,5,280884,87331,187682,180533,368215,378,2025-05
2025,6,281552,87465,188358,180659,369017,378,2025-06
2025,7,281412,88006,188938,180480,369418,377,2025-07
2025,8,281454,88432,189550,180336,369886,376,2025-08
2025,9,281905,89526,190563,180868,371431,374,2025-09
2025,10,281936,90522,191252,181206,372458,373,2025-10
2025,11,282245,90865,191813,181297,373110,369,2025-11
2025,12,280471,90656,190847,180280,371127,360,2025-12
2026,1,268417,90011,184549,173879,358428,367,2026-01
2026,2,271491,90238,185810,175919,361729,369,2026-02
2026,3,275812,92953,189619,179146,368765,367,2026-03
2026,4,277531,91994,190264,179261,369525,365,2026-04
2026,5,283125,93770,193038,183857,376895,359,2026-05
2026,6,282796,93261,192859,183198,376057,353,2026-06
2026,7,282486,92342,192794,182034,374828,340,2026-07
2026,8,281113,92446,192764,180795,373559,321,2026-08
