anho,mes,sector,permanente,contratado,mujeres,hombres,total,fecha
2015,1,Defensa Nacional,17364,273,2565,15072,17637,2015-01
2015,1,Educación (MEC),85430,328,57383,28375,85758,2015-01
2015,1,Policía Nacional,24683,65,3794,20954,24748,2015-01
2015,1,Resto del sector público,42173,17486,26655,33004,59659,2015-01
2015,1,Salud (MSPBS),20750,18019,25706,13063,38769,2015-01
2015,2,Defensa Nacional,18376,266,2566,16076,18642,2015-02
2015,2,Educación (MEC),85269,348,57276,28341,85617,2015-02
2015,2,Policía Nacional,24675,65,3793,20947,24740,2015-02
2015,2,Resto del sector público,41303,18997,27045,33255,60300,2015-02
2015,2,Salud (MSPBS),20740,18862,26359,13243,39602,2015-02
2015,3,Defensa Nacional,19235,262,2571,16926,19497,2015-03
2015,3,Educación (MEC),84989,348,57052,28285,85337,2015-03
2015,3,Policía Nacional,24686,64,3796,20954,24750,2015-03
2015,3,Resto del sector público,41392,19545,27324,33613,60937,2015-03
2015,3,Salud (MSPBS),20708,18625,26129,13204,39333,2015-03
2015,4,Defensa Nacional,20123,280,2616,17787,20403,2015-04
2015,4,Educación (MEC),84848,345,56947,28246,85193,2015-04
2015,4,Policía Nacional,24686,69,3800,20955,24755,2015-04
2015,4,Resto del sector público,41393,19741,27482,33652,61134,2015-04
2015,4,Salud (MSPBS),20688,18903,26279,13312,39591,2015-04
2015,5,Defensa Nacional,19994,288,2554,17728,20282,2015-05
2015,5,Educación (MEC),84881,351,56966,28266,85232,2015-05
2015,5,Policía Nacional,25021,69,3881,21209,25090,2015-05
2015,5,Resto del sector público,84022,32304,53206,63120,116326,2015-05
2015,5,Salud (MSPBS),20659,19132,26419,13372,39791,2015-05
2015,6,Defensa Nacional,19864,286,2546,17604,20150,2015-06
2015,6,Educación (MEC),84905,355,57001,28259,85260,2015-06
2015,6,Policía Nacional,25156,69,3924,21301,25225,2015-06
2015,6,Resto del sector público,49752,22368,31338,40782,72120,2015-06
2015,6,Salud (MSPBS),20611,19064,26330,13345,39675,2015-06
2015,7,Defensa Nacional,19350,285,2554,17081,19635,2015-07
2015,7,Educación (MEC),84901,350,57013,28238,85251,2015-07
2015,7,Policía Nacional,25188,69,3963,21294,25257,2015-07
2015,7,Resto del sector público,69991,25902,42427,53466,95893,2015-07
2015,7,Salud (MSPBS),25550,15474,27137,13887,41024,2015-07
2015,8,Defensa Nacional,19350,282,2552,17080,19632,2015-08
2015,8,Educación (MEC),84876,740,57301,28315,85616,2015-08
2015,8,Policía Nacional,25146,68,3957,21257,25214,2015-08
2015,8,Resto del sector público,78618,29446,46349,61715,108064,2015-08
2015,8,Salud (MSPBS),25515,15383,27031,13867,40898,2015-08
2015,9,Defensa Nacional,19253,281,2543,16991,19534,2015-09
2015,9,Educación (MEC),84840,562,57151,28251,85402,2015-09
2015,9,Policía Nacional,25122,67,3954,21235,25189,2015-09
2015,9,Resto del sector público,73251,27965,42343,58873,101216,2015-09
2015,9,Salud (MSPBS),25488,15453,27058,13883,40941,2015-09
2015,10,Defensa Nacional,19430,296,2546,17180,19726,2015-10
2015,10,Educación (MEC),84831,462,57100,28193,85293,2015-10
2015,10,Policía Nacional,25128,67,3957,21238,25195,2015-10
2015,10,Resto del sector público,77344,29162,45836,60670,106506,2015-10
2015,10,Salud (MSPBS),25474,15507,27101,13880,40981,2015-10
2015,11,Defensa Nacional,19366,297,2538,17125,19663,2015-11
2015,11,Educación (MEC),84865,869,57414,28320,85734,2015-11
2015,11,Policía Nacional,25117,67,3964,21220,25184,2015-11
2015,11,Resto del sector público,77996,28689,45814,60871,106685,2015-11
2015,11,Salud (MSPBS),25453,15660,27213,13900,41113,2015-11
2015,12,Defensa Nacional,19256,290,2529,17017,19546,2015-12
2015,12,Educación (MEC),84840,352,57022,28170,85192,2015-12
2015,12,Policía Nacional,25058,67,3961,21164,25125,2015-12
2015,12,Resto del sector público,77748,28744,46056,60436,106492,2015-12
2015,12,Salud (MSPBS),25435,15945,27428,13952,41380,2015-12
2016,1,Defensa Nacional,17576,280,2523,15333,17856,2016-01
2016,1,Educación (MEC),84830,313,56999,28144,85143,2016-01
2016,1,Policía Nacional,24779,48,3918,20909,24827,2016-01
2016,1,Resto del sector público,96918,35507,59156,73269,132425,2016-01
2016,1,Salud (MSPBS),25399,16326,27695,14030,41725,2016-01
2016,2,Defensa Nacional,18734,283,2555,16462,19017,2016-02
2016,2,Educación (MEC),84359,329,56745,27943,84688,2016-02
2016,2,Policía Nacional,24762,48,3915,20895,24810,2016-02
2016,2,Resto del sector público,97191,36565,59724,74032,133756,2016-02
2016,2,Salud (MSPBS),25362,16421,27713,14070,41783,2016-02
2016,3,Defensa Nacional,19285,282,2558,17009,19567,2016-03
2016,3,Educación (MEC),83891,328,56440,27779,84219,2016-03
2016,3,Policía Nacional,24796,48,3933,20911,24844,2016-03
2016,3,Resto del sector público,98122,38705,61004,75823,136827,2016-03
2016,3,Salud (MSPBS),25322,17192,28142,14372,42514,2016-03
2016,4,Defensa Nacional,19722,287,2561,17448,20009,2016-04
2016,4,Educación (MEC),83761,327,56384,27704,84088,2016-04
2016,4,Policía Nacional,24886,48,3952,20982,24934,2016-04
2016,4,Resto del sector público,97403,39142,61068,75477,136545,2016-04
2016,4,Salud (MSPBS),25278,16900,27923,14255,42178,2016-04
2016,5,Defensa Nacional,19676,294,2551,17419,19970,2016-05
2016,5,Educación (MEC),83659,324,56326,27657,83983,2016-05
2016,5,Policía Nacional,24873,48,3950,20971,24921,2016-05
2016,5,Resto del sector público,98785,39999,61753,77031,138784,2016-05
2016,5,Salud (MSPBS),25237,16746,27767,14216,41983,2016-05
2016,6,Defensa Nacional,19904,296,2548,17652,20200,2016-06
2016,6,Educación (MEC),83782,386,56470,27698,84168,2016-06
2016,6,Policía Nacional,25319,46,4031,21334,25365,2016-06
2016,6,Resto del sector público,98796,40671,62004,77463,139467,2016-06
2016,6,Salud (MSPBS),25192,16681,27689,14184,41873,2016-06
2016,7,Defensa Nacional,19218,295,2584,16929,19513,2016-07
2016,7,Educación (MEC),83709,323,56386,27646,84032,2016-07
2016,7,Policía Nacional,25310,46,4032,21324,25356,2016-07
2016,7,Resto del sector público,99045,40867,62132,77780,139912,2016-07
2016,7,Salud (MSPBS),25166,16775,27763,14178,41941,2016-07
2016,8,Defensa Nacional,19589,294,2579,17304,19883,2016-08
2016,8,Educación (MEC),83662,328,56352,27638,83990,2016-08
2016,8,Policía Nacional,25296,66,4047,21315,25362,2016-08
2016,8,Resto del sector público,98702,41832,62363,78171,140534,2016-08
2016,8,Salud (MSPBS),25104,16505,27515,14094,41609,2016-08
2016,9,Defensa Nacional,19639,286,2578,17347,19925,2016-09
2016,9,Educación (MEC),83669,598,56558,27709,84267,2016-09
2016,9,Policía Nacional,25260,66,4045,21281,25326,2016-09
2016,9,Resto del sector público,98793,41184,62104,77873,139977,2016-09
2016,9,Salud (MSPBS),25040,16500,27479,14061,41540,2016-09
2016,10,Defensa Nacional,19675,291,2577,17389,19966,2016-10
2016,10,Educación (MEC),83700,331,56397,27634,84031,2016-10
2016,10,Policía Nacional,25243,66,4040,21269,25309,2016-10
2016,10,Resto del sector público,98101,41223,61953,77371,139324,2016-10
2016,10,Salud (MSPBS),24989,16485,27450,14024,41474,2016-10
2016,11,Defensa Nacional,19512,293,2576,17229,19805,2016-11
2016,11,Educación (MEC),83706,936,56862,27780,84642,2016-11
2016,11,Policía Nacional,25234,67,4041,21260,25301,2016-11
2016,11,Resto del sector público,97914,41170,61796,77288,139084,2016-11
2016,11,Salud (MSPBS),24895,16558,27449,14004,41453,2016-11
2016,12,Defensa Nacional,19412,285,2569,17128,19697,2016-12
2016,12,Educación (MEC),83699,646,56612,27733,84345,2016-12
2016,12,Policía Nacional,25209,67,4035,21241,25276,2016-12
2016,12,Resto del sector público,99439,39096,61573,76962,138535,2016-12
2016,12,Salud (MSPBS),24868,16994,27785,14077,41862,2016-12
2017,1,Defensa Nacional,17872,271,2549,15594,18143,2017-01
2017,1,Educación (MEC),83703,314,56384,27633,84017,2017-01
2017,1,Policía Nacional,24966,89,4021,21034,25055,2017-01
2017,1,Resto del sector público,100376,39411,62098,77689,139787,2017-01
2017,1,Salud (MSPBS),24794,16350,27261,13883,41144,2017-01
2017,2,Defensa Nacional,19280,275,2562,16993,19555,2017-02
2017,2,Educación (MEC),83314,315,56089,27540,83629,2017-02
2017,2,Policía Nacional,24945,90,4019,21016,25035,2017-02
2017,2,Resto del sector público,100533,42064,63382,79215,142597,2017-02
2017,2,Salud (MSPBS),24753,16820,27614,13959,41573,2017-02
2017,3,Defensa Nacional,19764,288,2585,17467,20052,2017-03
2017,3,Educación (MEC),83050,312,55892,27470,83362,2017-03
2017,3,Policía Nacional,24933,90,4019,21004,25023,2017-03
2017,3,Resto del sector público,102554,45727,66036,82245,148281,2017-03
2017,3,Salud (MSPBS),24731,17193,27832,14092,41924,2017-03
2017,4,Defensa Nacional,20021,283,2580,17724,20304,2017-04
2017,4,Educación (MEC),83105,320,55953,27472,83425,2017-04
2017,4,Policía Nacional,24926,90,4016,21000,25016,2017-04
2017,4,Resto del sector público,103389,45625,66381,82633,149014,2017-04
2017,4,Salud (MSPBS),24684,17132,27735,14081,41816,2017-04
2017,5,Defensa Nacional,19868,282,2561,17589,20150,2017-05
2017,5,Educación (MEC),83074,312,55943,27443,83386,2017-05
2017,5,Policía Nacional,24875,88,4009,20954,24963,2017-05
2017,5,Resto del sector público,103296,45571,66262,82605,148867,2017-05
2017,5,Salud (MSPBS),24659,17047,27638,14068,41706,2017-05
2017,6,Defensa Nacional,20115,284,2581,17818,20399,2017-06
2017,6,Educación (MEC),82959,310,55876,27393,83269,2017-06
2017,6,Policía Nacional,25322,83,4101,21304,25405,2017-06
2017,6,Resto del sector público,103371,45219,66277,82313,148590,2017-06
2017,6,Salud (MSPBS),24629,17173,27713,14089,41802,2017-06
2017,7,Defensa Nacional,19397,281,2567,17111,19678,2017-07
2017,7,Educación (MEC),83039,378,55946,27471,83417,2017-07
2017,7,Policía Nacional,25470,83,4153,21400,25553,2017-07
2017,7,Resto del sector público,103349,45947,66497,82799,149296,2017-07
2017,7,Salud (MSPBS),24605,17086,27619,14072,41691,2017-07
2017,8,Defensa Nacional,19586,283,2557,17312,19869,2017-08
2017,8,Educación (MEC),83104,293,55946,27451,83397,2017-08
2017,8,Policía Nacional,25459,83,4152,21390,25542,2017-08
2017,8,Resto del sector público,102869,45628,66198,82299,148497,2017-08
2017,8,Salud (MSPBS),24572,17178,27674,14076,41750,2017-08
2017,9,Defensa Nacional,19692,282,2545,17429,19974,2017-09
2017,9,Educación (MEC),83067,376,55994,27449,83443,2017-09
2017,9,Policía Nacional,25448,85,4149,21384,25533,2017-09
2017,9,Resto del sector público,103078,45655,66328,82405,148733,2017-09
2017,9,Salud (MSPBS),24491,17022,27509,14004,41513,2017-09
2017,10,Defensa Nacional,19740,280,2544,17476,20020,2017-10
2017,10,Educación (MEC),83087,289,55940,27436,83376,2017-10
2017,10,Policía Nacional,25467,82,4170,21379,25549,2017-10
2017,10,Resto del sector público,103394,45695,66585,82504,149089,2017-10
2017,10,Salud (MSPBS),24467,14770,26332,12905,39237,2017-10
2017,11,Defensa Nacional,19563,277,2541,17299,19840,2017-11
2017,11,Educación (MEC),83128,390,56065,27453,83518,2017-11
2017,11,Policía Nacional,25462,82,4168,21376,25544,2017-11
2017,11,Resto del sector público,103530,45031,66290,82271,148561,2017-11
2017,11,Salud (MSPBS),24425,14774,26313,12886,39199,2017-11
2017,12,Defensa Nacional,19526,275,2535,17266,19801,2017-12
2017,12,Educación (MEC),83123,405,56062,27466,83528,2017-12
2017,12,Policía Nacional,25443,82,4167,21358,25525,2017-12
2017,12,Resto del sector público,103115,45007,66169,81953,148122,2017-12
2017,12,Salud (MSPBS),24420,15026,26518,12928,39446,2017-12
2018,1,Defensa Nacional,18126,262,2563,15825,18388,2018-01
2018,1,Educación (MEC),83135,261,55975,27421,83396,2018-01
2018,1,Policía Nacional,25148,80,4119,21109,25228,2018-01
2018,1,Resto del sector público,105929,39953,65137,80745,145882,2018-01
2018,1,Salud (MSPBS),24286,14776,26225,12837,39062,2018-01
2018,2,Defensa Nacional,19638,261,2569,17330,19899,2018-02
2018,2,Educación (MEC),83030,262,55916,27376,83292,2018-02
2018,2,Policía Nacional,25165,80,4131,21114,25245,2018-02
2018,2,Resto del sector público,105746,41767,65991,81522,147513,2018-02
2018,2,Salud (MSPBS),24206,15714,26882,13038,39920,2018-02
2018,3,Defensa Nacional,20179,248,2574,17853,20427,2018-03
2018,3,Educación (MEC),82620,262,55639,27243,82882,2018-03
2018,3,Policía Nacional,25241,78,4182,21137,25319,2018-03
2018,3,Resto del sector público,106295,43123,66781,82637,149418,2018-03
2018,3,Salud (MSPBS),24160,16086,27091,13155,40246,2018-03
2018,4,Defensa Nacional,20528,259,2574,18213,20787,2018-04
2018,4,Educación (MEC),82451,263,55565,27149,82714,2018-04
2018,4,Policía Nacional,25250,77,4180,21147,25327,2018-04
2018,4,Resto del sector público,106561,43768,67419,82910,150329,2018-04
2018,4,Salud (MSPBS),24101,16320,27214,13207,40421,2018-04
2018,5,Defensa Nacional,20610,268,2573,18305,20878,2018-05
2018,5,Educación (MEC),82555,262,55665,27152,82817,2018-05
2018,5,Policía Nacional,25222,92,4172,21142,25314,2018-05
2018,5,Resto del sector público,106423,44217,67632,83008,150640,2018-05
2018,5,Salud (MSPBS),24041,16414,27233,13222,40455,2018-05
2018,6,Defensa Nacional,20738,270,2573,18435,21008,2018-06
2018,6,Educación (MEC),82681,263,55779,27165,82944,2018-06
2018,6,Policía Nacional,25223,92,4178,21137,25315,2018-06
2018,6,Resto del sector público,106570,44336,67772,83134,150906,2018-06
2018,6,Salud (MSPBS),23984,16939,27571,13352,40923,2018-06
2018,7,Defensa Nacional,19997,268,2562,17703,20265,2018-07
2018,7,Educación (MEC),82854,261,55943,27172,83115,2018-07
2018,7,Policía Nacional,25205,102,4181,21126,25307,2018-07
2018,7,Resto del sector público,106616,43905,67706,82815,150521,2018-07
2018,7,Salud (MSPBS),23947,16174,26981,13140,40121,2018-07
2018,8,Defensa Nacional,20341,267,2556,18052,20608,2018-08
2018,8,Educación (MEC),82698,257,55851,27104,82955,2018-08
2018,8,Policía Nacional,25820,110,4313,21617,25930,2018-08
2018,8,Resto del sector público,107014,43306,67832,82488,150320,2018-08
2018,8,Salud (MSPBS),23864,16251,26985,13130,40115,2018-08
2018,9,Defensa Nacional,20451,268,2547,18172,20719,2018-09
2018,9,Educación (MEC),82552,275,55765,27062,82827,2018-09
2018,9,Policía Nacional,25807,109,4308,21608,25916,2018-09
2018,9,Resto del sector público,106894,43373,67671,82596,150267,2018-09
2018,9,Salud (MSPBS),27007,14361,27758,13610,41368,2018-09
2018,10,Defensa Nacional,20639,266,2541,18364,20905,2018-10
2018,10,Educación (MEC),82464,443,55868,27039,82907,2018-10
2018,10,Policía Nacional,25794,107,4309,21592,25901,2018-10
2018,10,Resto del sector público,106695,43082,67375,82402,149777,2018-10
2018,10,Salud (MSPBS),26792,14372,27624,13540,41164,2018-10
2018,11,Defensa Nacional,20441,268,2522,18187,20709,2018-11
2018,11,Educación (MEC),82419,440,55851,27008,82859,2018-11
2018,11,Policía Nacional,25787,107,4309,21585,25894,2018-11
2018,11,Resto del sector público,106622,42646,67118,82150,149268,2018-11
2018,11,Salud (MSPBS),26748,14353,27559,13542,41101,2018-11
2018,12,Defensa Nacional,20316,259,2514,18061,20575,2018-12
2018,12,Educación (MEC),82415,441,55843,27013,82856,2018-12
2018,12,Policía Nacional,25777,106,4304,21579,25883,2018-12
2018,12,Resto del sector público,106179,42340,66843,81676,148519,2018-12
2018,12,Salud (MSPBS),26733,15201,28215,13719,41934,2018-12
2019,1,Defensa Nacional,18592,252,2503,16341,18844,2019-01
2019,1,Educación (MEC),82074,278,55524,26828,82352,2019-01
2019,1,Policía Nacional,25510,103,4239,21374,25613,2019-01
2019,1,Resto del sector público,108198,37632,65462,80368,145830,2019-01
2019,1,Salud (MSPBS),26644,14491,27556,13579,41135,2019-01
2019,2,Defensa Nacional,20770,252,2531,18491,21022,2019-02
2019,2,Educación (MEC),81862,289,55369,26782,82151,2019-02
2019,2,Policía Nacional,25508,103,4238,21373,25611,2019-02
2019,2,Resto del sector público,109360,39119,66858,81621,148479,2019-02
2019,2,Salud (MSPBS),26613,15577,28340,13850,42190,2019-02
2019,3,Defensa Nacional,21362,270,2533,19099,21632,2019-03
2019,3,Educación (MEC),80534,289,54503,26320,80823,2019-03
2019,3,Policía Nacional,25471,111,4240,21342,25582,2019-03
2019,3,Resto del sector público,109975,40694,67935,82734,150669,2019-03
2019,3,Salud (MSPBS),26564,15881,28498,13947,42445,2019-03
2019,4,Defensa Nacional,21240,270,2529,18981,21510,2019-04
2019,4,Educación (MEC),79945,251,54132,26064,80196,2019-04
2019,4,Policía Nacional,26265,110,4473,21902,26375,2019-04
2019,4,Resto del sector público,109819,42058,68491,83386,151877,2019-04
2019,4,Salud (MSPBS),26536,15390,28080,13846,41926,2019-04
2019,5,Defensa Nacional,21195,270,2524,18941,21465,2019-05
2019,5,Educación (MEC),80784,254,54763,26275,81038,2019-05
2019,5,Policía Nacional,26240,100,4455,21885,26340,2019-05
2019,5,Resto del sector público,109842,41953,68534,83261,151795,2019-05
2019,5,Salud (MSPBS),26502,15990,28516,13976,42492,2019-05
2019,6,Defensa Nacional,21092,268,2522,18838,21360,2019-06
2019,6,Educación (MEC),81203,620,55352,26471,81823,2019-06
2019,6,Policía Nacional,26350,100,4547,21903,26450,2019-06
2019,6,Resto del sector público,109789,42290,68623,83456,152079,2019-06
2019,6,Salud (MSPBS),26461,16275,28667,14069,42736,2019-06
2019,7,Defensa Nacional,20381,269,2515,18135,20650,2019-07
2019,7,Educación (MEC),80588,266,54641,26213,80854,2019-07
2019,7,Policía Nacional,26337,100,4545,21892,26437,2019-07
2019,7,Resto del sector público,109785,42736,68730,83791,152521,2019-07
2019,7,Salud (MSPBS),26455,16570,28894,14131,43025,2019-07
2019,8,Defensa Nacional,20636,267,2504,18399,20903,2019-08
2019,8,Educación (MEC),81293,265,55198,26360,81558,2019-08
2019,8,Policía Nacional,26324,100,4541,21883,26424,2019-08
2019,8,Resto del sector público,109894,42899,68880,83913,152793,2019-08
2019,8,Salud (MSPBS),26446,17181,29326,14301,43627,2019-08
2019,9,Defensa Nacional,20772,266,2501,18537,21038,2019-09
2019,9,Educación (MEC),81172,267,55158,26281,81439,2019-09
2019,9,Policía Nacional,26324,100,4541,21883,26424,2019-09
2019,9,Resto del sector público,110023,42721,68830,83914,152744,2019-09
2019,9,Salud (MSPBS),26416,17217,29312,14321,43633,2019-09
2019,10,Defensa Nacional,20867,265,2499,18633,21132,2019-10
2019,10,Educación (MEC),81501,265,55409,26357,81766,2019-10
2019,10,Policía Nacional,26287,106,4539,21854,26393,2019-10
2019,10,Resto del sector público,109904,42570,68772,83702,152474,2019-10
2019,10,Salud (MSPBS),26391,17289,29355,14325,43680,2019-10
2019,11,Defensa Nacional,20643,266,2494,18415,20909,2019-11
2019,11,Educación (MEC),81655,263,55534,26384,81918,2019-11
2019,11,Policía Nacional,26270,134,4550,21854,26404,2019-11
2019,11,Resto del sector público,109755,42240,68642,83353,151995,2019-11
2019,11,Salud (MSPBS),26397,17249,29329,14317,43646,2019-11
2019,12,Defensa Nacional,20418,243,2490,18171,20661,2019-12
2019,12,Educación (MEC),81643,256,55523,26376,81899,2019-12
2019,12,Policía Nacional,26266,134,4550,21850,26400,2019-12
2019,12,Resto del sector público,108367,41730,67877,82220,150097,2019-12
2019,12,Salud (MSPBS),26389,18152,30056,14485,44541,2019-12
2020,1,Defensa Nacional,18825,239,2494,16570,19064,2020-01
2020,1,Educación (MEC),80314,230,54579,25965,80544,2020-01
2020,1,Policía Nacional,26038,98,4526,21610,26136,2020-01
2020,1,Resto del sector público,110201,39393,67724,81870,149594,2020-01
2020,1,Salud (MSPBS),26365,19477,30677,15165,45842,2020-01
2020,2,Defensa Nacional,20804,239,2533,18510,21043,2020-02
2020,2,Educación (MEC),79456,233,54014,25675,79689,2020-02
2020,2,Policía Nacional,26042,98,4529,21611,26140,2020-02
2020,2,Resto del sector público,110409,42225,69217,83417,152634,2020-02
2020,2,Salud (MSPBS),26313,19734,30750,15297,46047,2020-02
2020,3,Defensa Nacional,20975,246,2550,18671,21221,2020-03
2020,3,Educación (MEC),79717,232,54243,25706,79949,2020-03
2020,3,Policía Nacional,27363,97,5033,22427,27460,2020-03
2020,3,Resto del sector público,110350,43225,69816,83759,153575,2020-03
2020,3,Salud (MSPBS),26282,21254,31817,15719,47536,2020-03
2020,4,Defensa Nacional,21055,243,2550,18748,21298,2020-04
2020,4,Educación (MEC),79580,232,54175,25637,79812,2020-04
2020,4,Policía Nacional,27352,97,5033,22416,27449,2020-04
2020,4,Resto del sector público,110106,42972,69890,83188,153078,2020-04
2020,4,Salud (MSPBS),26269,22238,32475,16032,48507,2020-04
2020,5,Defensa Nacional,21011,243,2549,18705,21254,2020-05
2020,5,Educación (MEC),80374,232,54754,25852,80606,2020-05
2020,5,Policía Nacional,27354,97,5033,22418,27451,2020-05
2020,5,Resto del sector público,110108,42712,69681,83139,152820,2020-05
2020,5,Salud (MSPBS),26247,22779,32755,16271,49026,2020-05
2020,6,Defensa Nacional,20963,242,2548,18657,21205,2020-06
2020,6,Educación (MEC),80520,232,54870,25882,80752,2020-06
2020,6,Policía Nacional,28302,130,5026,23406,28432,2020-06
2020,6,Resto del sector público,110092,43206,69914,83384,153298,2020-06
2020,6,Salud (MSPBS),26233,22938,32867,16304,49171,2020-06
2020,7,Defensa Nacional,20117,242,2547,17812,20359,2020-07
2020,7,Educación (MEC),80673,236,54980,25929,80909,2020-07
2020,7,Policía Nacional,28279,138,5021,23396,28417,2020-07
2020,7,Resto del sector público,109917,43023,69820,83120,152940,2020-07
2020,7,Salud (MSPBS),26188,23398,33173,16413,49586,2020-07
2020,8,Defensa Nacional,20294,242,2554,17982,20536,2020-08
2020,8,Educación (MEC),80742,235,55029,25948,80977,2020-08
2020,8,Policía Nacional,28282,178,5034,23426,28460,2020-08
2020,8,Resto del sector público,109855,43753,70106,83502,153608,2020-08
2020,8,Salud (MSPBS),26147,23654,33317,16484,49801,2020-08
2020,9,Defensa Nacional,20345,242,2546,18041,20587,2020-09
2020,9,Educación (MEC),80523,235,54928,25830,80758,2020-09
2020,9,Policía Nacional,28273,178,5032,23419,28451,2020-09
2020,9,Resto del sector público,109841,44328,70350,83819,154169,2020-09
2020,9,Salud (MSPBS),26101,24181,33622,16660,50282,2020-09
2020,10,Defensa Nacional,20495,242,2542,18195,20737,2020-10
2020,10,Educación (MEC),80433,253,54914,25772,80686,2020-10
2020,10,Policía Nacional,28253,178,5025,23406,28431,2020-10
2020,10,Resto del sector público,109383,44576,70266,83693,153959,2020-10
2020,10,Salud (MSPBS),26081,25428,34585,16924,51509,2020-10
2020,11,Defensa Nacional,20390,242,2533,18099,20632,2020-11
2020,11,Educación (MEC),80603,235,55014,25824,80838,2020-11
2020,11,Policía Nacional,28224,235,5038,23421,28459,2020-11
2020,11,Resto del sector público,109659,44634,70464,83829,154293,2020-11
2020,11,Salud (MSPBS),26061,25383,34542,16902,51444,2020-11
2020,12,Defensa Nacional,20287,238,2530,17995,20525,2020-12
2020,12,Educación (MEC),80592,239,55012,25819,80831,2020-12
2020,12,Policía Nacional,28215,235,5036,23414,28450,2020-12
2020,12,Resto del sector público,108111,43775,69625,82261,151886,2020-12
2020,12,Salud (MSPBS),26060,25889,34961,16988,51949,2020-12
2021,1,Defensa Nacional,19126,229,2519,16836,19355,2021-01
2021,1,Educación (MEC),77732,234,52948,25018,77966,2021-01
2021,1,Policía Nacional,27857,171,4941,23087,28028,2021-01
2021,1,Resto del sector público,109580,41742,69220,82102,151322,2021-01
2021,1,Salud (MSPBS),26051,26904,35633,17322,52955,2021-01
2021,2,Defensa Nacional,20705,228,2576,18357,20933,2021-02
2021,2,Educación (MEC),79353,237,54141,25449,79590,2021-02
2021,2,Policía Nacional,27833,171,4930,23074,28004,2021-02
2021,2,Resto del sector público,109708,44683,70883,83508,154391,2021-02
2021,2,Salud (MSPBS),26014,27467,36054,17427,53481,2021-02
2021,3,Defensa Nacional,21340,226,2576,18990,21566,2021-03
2021,3,Educación (MEC),79645,234,54372,25507,79879,2021-03
2021,3,Policía Nacional,27944,161,5021,23084,28105,2021-03
2021,3,Resto del sector público,109423,47044,72202,84265,156467,2021-03
2021,3,Salud (MSPBS),25993,27970,36395,17568,53963,2021-03
2021,4,Defensa Nacional,21576,231,2579,19228,21807,2021-04
2021,4,Educación (MEC),80158,233,54759,25632,80391,2021-04
2021,4,Policía Nacional,27927,99,4998,23028,28026,2021-04
2021,4,Resto del sector público,109713,48119,72936,84896,157832,2021-04
2021,4,Salud (MSPBS),25970,28452,36685,17737,54422,2021-04
2021,5,Defensa Nacional,21828,229,2594,19463,22057,2021-05
2021,5,Educación (MEC),80033,233,54666,25600,80266,2021-05
2021,5,Policía Nacional,29997,195,5368,24824,30192,2021-05
2021,5,Resto del sector público,109592,49063,73511,85144,158655,2021-05
2021,5,Salud (MSPBS),25908,29133,37076,17965,55041,2021-05
2021,6,Defensa Nacional,21731,231,2594,19368,21962,2021-06
2021,6,Educación (MEC),80132,232,54740,25624,80364,2021-06
2021,6,Policía Nacional,29964,195,5366,24793,30159,2021-06
2021,6,Resto del sector público,109440,49564,73885,85119,159004,2021-06
2021,6,Salud (MSPBS),25819,29432,37235,18016,55251,2021-06
2021,7,Defensa Nacional,21108,229,2599,18738,21337,2021-07
2021,7,Educación (MEC),80209,236,54800,25645,80445,2021-07
2021,7,Policía Nacional,29940,206,5371,24775,30146,2021-07
2021,7,Resto del sector público,109193,50122,74193,85122,159315,2021-07
2021,7,Salud (MSPBS),25722,31146,38542,18326,56868,2021-07
2021,8,Defensa Nacional,21268,226,2594,18900,21494,2021-08
2021,8,Educación (MEC),80351,238,54911,25678,80589,2021-08
2021,8,Policía Nacional,29910,206,5363,24753,30116,2021-08
2021,8,Resto del sector público,108800,50320,74226,84894,159120,2021-08
2021,8,Salud (MSPBS),25639,31424,38663,18400,57063,2021-08
2021,9,Defensa Nacional,21498,215,2579,19134,21713,2021-09
2021,9,Educación (MEC),80412,240,54980,25672,80652,2021-09
2021,9,Policía Nacional,29882,206,5361,24727,30088,2021-09
2021,9,Resto del sector público,108539,51052,74420,85171,159591,2021-09
2021,9,Salud (MSPBS),25596,31567,38730,18433,57163,2021-09
2021,10,Defensa Nacional,21489,215,2563,19141,21704,2021-10
2021,10,Educación (MEC),80417,235,54996,25656,80652,2021-10
2021,10,Policía Nacional,29861,206,5356,24711,30067,2021-10
2021,10,Resto del sector público,108227,49466,73764,83929,157693,2021-10
2021,10,Salud (MSPBS),25533,31657,38759,18431,57190,2021-10
2021,11,Defensa Nacional,21334,215,2547,19002,21549,2021-11
2021,11,Educación (MEC),80523,232,55067,25688,80755,2021-11
2021,11,Policía Nacional,29831,206,5347,24690,30037,2021-11
2021,11,Resto del sector público,107991,49834,74041,83784,157825,2021-11
2021,11,Salud (MSPBS),25464,31603,38702,18365,57067,2021-11
2021,12,Defensa Nacional,21289,215,2540,18964,21504,2021-12
2021,12,Educación (MEC),80516,230,55065,25681,80746,2021-12
2021,12,Policía Nacional,29807,206,5342,24671,30013,2021-12
2021,12,Resto del sector público,104749,49375,72838,81286,154124,2021-12
2021,12,Salud (MSPBS),25444,32035,39046,18433,57479,2021-12
2022,1,Defensa Nacional,19850,213,2524,17539,20063,2022-01
2022,1,Educación (MEC),78217,221,53406,25032,78438,2022-01
2022,1,Policía Nacional,29536,98,5239,24395,29634,2022-01
2022,1,Resto del sector público,108331,47200,73000,82531,155531,2022-01
2022,1,Salud (MSPBS),25364,31709,38715,18358,57073,2022-01
2022,2,Defensa Nacional,20016,212,2524,17704,20228,2022-02
2022,2,Educación (MEC),78445,225,53604,25066,78670,2022-02
2022,2,Policía Nacional,29531,98,5238,24391,29629,2022-02
2022,2,Resto del sector público,108910,49917,74495,84332,158827,2022-02
2022,2,Salud (MSPBS),25302,31661,38638,18325,56963,2022-02
2022,3,Defensa Nacional,21475,207,2580,19102,21682,2022-03
2022,3,Educación (MEC),79293,225,54239,25279,79518,2022-03
2022,3,Policía Nacional,29519,121,5248,24392,29640,2022-03
2022,3,Resto del sector público,109070,52077,75780,85367,161147,2022-03
2022,3,Salud (MSPBS),25261,32430,39229,18462,57691,2022-03
2022,4,Defensa Nacional,21925,217,2581,19561,22142,2022-04
2022,4,Educación (MEC),79795,225,54619,25401,80020,2022-04
2022,4,Policía Nacional,30650,150,5462,25338,30800,2022-04
2022,4,Resto del sector público,109112,53501,76623,85990,162613,2022-04
2022,4,Salud (MSPBS),25220,32182,38965,18437,57402,2022-04
2022,5,Defensa Nacional,21946,215,2578,19583,22161,2022-05
2022,5,Educación (MEC),80383,229,55063,25549,80612,2022-05
2022,5,Policía Nacional,30642,152,5464,25330,30794,2022-05
2022,5,Resto del sector público,108923,53626,76570,85979,162549,2022-05
2022,5,Salud (MSPBS),25180,32418,39067,18531,57598,2022-05
2022,6,Defensa Nacional,21722,214,2566,19370,21936,2022-06
2022,6,Educación (MEC),80634,227,55240,25621,80861,2022-06
2022,6,Policía Nacional,30608,152,5459,25301,30760,2022-06
2022,6,Resto del sector público,108641,54837,77129,86349,163478,2022-06
2022,6,Salud (MSPBS),27757,30736,39619,18874,58493,2022-06
2022,7,Defensa Nacional,21190,214,2560,18844,21404,2022-07
2022,7,Educación (MEC),80745,226,55342,25629,80971,2022-07
2022,7,Policía Nacional,30555,157,5454,25258,30712,2022-07
2022,7,Resto del sector público,108851,55051,77370,86532,163902,2022-07
2022,7,Salud (MSPBS),28441,29926,39535,18832,58367,2022-07
2022,8,Defensa Nacional,21353,212,2549,19016,21565,2022-08
2022,8,Educación (MEC),81088,224,55589,25723,81312,2022-08
2022,8,Policía Nacional,30609,155,5489,25275,30764,2022-08
2022,8,Resto del sector público,108797,55318,77594,86521,164115,2022-08
2022,8,Salud (MSPBS),28373,30216,39690,18899,58589,2022-08
2022,9,Defensa Nacional,21587,208,2544,19251,21795,2022-09
2022,9,Educación (MEC),81270,223,55722,25771,81493,2022-09
2022,9,Policía Nacional,30604,155,5487,25272,30759,2022-09
2022,9,Resto del sector público,107719,55925,77488,86156,163644,2022-09
2022,9,Salud (MSPBS),28327,30174,39643,18858,58501,2022-09
2022,10,Defensa Nacional,21687,208,2536,19359,21895,2022-10
2022,10,Educación (MEC),81147,222,55642,25727,81369,2022-10
2022,10,Policía Nacional,30571,155,5483,25243,30726,2022-10
2022,10,Resto del sector público,107219,55584,77333,85470,162803,2022-10
2022,10,Salud (MSPBS),28245,30185,39594,18836,58430,2022-10
2022,11,Defensa Nacional,21602,207,2541,19268,21809,2022-11
2022,11,Educación (MEC),81159,223,55658,25724,81382,2022-11
2022,11,Policía Nacional,30563,160,5483,25240,30723,2022-11
2022,11,Resto del sector público,107416,56668,78029,86055,164084,2022-11
2022,11,Salud (MSPBS),28211,29927,39415,18723,58138,2022-11
2022,12,Defensa Nacional,21450,203,2535,19118,21653,2022-12
2022,12,Educación (MEC),81150,218,55655,25713,81368,2022-12
2022,12,Policía Nacional,30549,160,5479,25230,30709,2022-12
2022,12,Resto del sector público,106696,54914,76549,85061,161610,2022-12
2022,12,Salud (MSPBS),28220,30298,39737,18781,58518,2022-12
2023,1,Defensa Nacional,20100,197,2540,17757,20297,2023-01
2023,1,Educación (MEC),77274,192,52921,24545,77466,2023-01
2023,1,Policía Nacional,29934,99,5390,24643,30033,2023-01
2023,1,Resto del sector público,107586,49064,74134,82516,156650,2023-01
2023,1,Salud (MSPBS),28049,31076,40130,18995,59125,2023-01
2023,2,Defensa Nacional,20413,196,2537,18072,20609,2023-02
2023,2,Educación (MEC),79232,192,54369,25055,79424,2023-02
2023,2,Policía Nacional,31056,113,5594,25575,31169,2023-02
2023,2,Resto del sector público,107514,53350,76410,84454,160864,2023-02
2023,2,Salud (MSPBS),28010,31119,40102,19027,59129,2023-02
2023,3,Defensa Nacional,21806,197,2598,19405,22003,2023-03
2023,3,Educación (MEC),80229,192,55123,25298,80421,2023-03
2023,3,Policía Nacional,31048,206,5615,25639,31254,2023-03
2023,3,Resto del sector público,107545,54776,77233,85088,162321,2023-03
2023,3,Salud (MSPBS),27977,31902,40702,19177,59879,2023-03
2023,4,Defensa Nacional,22071,205,2595,19681,22276,2023-04
2023,4,Educación (MEC),80661,191,55462,25390,80852,2023-04
2023,4,Policía Nacional,31005,214,5613,25606,31219,2023-04
2023,4,Resto del sector público,107552,55363,77893,85022,162915,2023-04
2023,4,Salud (MSPBS),27939,31247,40126,19060,59186,2023-04
2023,5,Defensa Nacional,22061,206,2595,19672,22267,2023-05
2023,5,Educación (MEC),81157,191,55828,25520,81348,2023-05
2023,5,Policía Nacional,30977,214,5611,25580,31191,2023-05
2023,5,Resto del sector público,107653,55436,77915,85174,163089,2023-05
2023,5,Salud (MSPBS),27905,31173,40045,19033,59078,2023-05
2023,6,Defensa Nacional,21827,208,2592,19443,22035,2023-06
2023,6,Educación (MEC),81401,189,56004,25586,81590,2023-06
2023,6,Policía Nacional,30950,215,5609,25556,31165,2023-06
2023,6,Resto del sector público,107690,53601,77141,84150,161291,2023-06
2023,6,Salud (MSPBS),27865,31417,40189,19093,59282,2023-06
2023,7,Defensa Nacional,21211,206,2589,18828,21417,2023-07
2023,7,Educación (MEC),81546,189,56112,25623,81735,2023-07
2023,7,Policía Nacional,30935,214,5608,25541,31149,2023-07
2023,7,Resto del sector público,107636,53608,77194,84050,161244,2023-07
2023,7,Salud (MSPBS),27822,31694,40336,19180,59516,2023-07
2023,8,Defensa Nacional,21422,206,2587,19041,21628,2023-08
2023,8,Educación (MEC),81523,189,56097,25615,81712,2023-08
2023,8,Policía Nacional,30880,213,5598,25495,31093,2023-08
2023,8,Resto del sector público,105309,53428,76600,82137,158737,2023-08
2023,8,Salud (MSPBS),27794,31572,40212,19154,59366,2023-08
2023,9,Defensa Nacional,21620,205,2578,19247,21825,2023-09
2023,9,Educación (MEC),81637,188,56187,25638,81825,2023-09
2023,9,Policía Nacional,30853,209,5587,25475,31062,2023-09
2023,9,Resto del sector público,108286,53331,77609,84008,161617,2023-09
2023,9,Salud (MSPBS),28186,31249,40255,19180,59435,2023-09
2023,10,Defensa Nacional,21681,208,2558,19331,21889,2023-10
2023,10,Educación (MEC),81603,189,56186,25606,81792,2023-10
2023,10,Policía Nacional,30826,209,5587,25448,31035,2023-10
2023,10,Resto del sector público,107430,52710,76897,83243,160140,2023-10
2023,10,Salud (MSPBS),28188,31096,40162,19122,59284,2023-10
2023,11,Defensa Nacional,21587,216,2546,19257,21803,2023-11
2023,11,Educación (MEC),81587,189,56178,25598,81776,2023-11
2023,11,Policía Nacional,30803,208,5585,25426,31011,2023-11
2023,11,Resto del sector público,106880,52088,76372,82596,158968,2023-11
2023,11,Salud (MSPBS),28140,31046,40104,19082,59186,2023-11
2023,12,Defensa Nacional,21472,190,2536,19126,21662,2023-12
2023,12,Educación (MEC),81581,189,56174,25596,81770,2023-12
2023,12,Policía Nacional,30788,211,5579,25420,30999,2023-12
2023,12,Resto del sector público,106568,51015,75607,81976,157583,2023-12
2023,12,Salud (MSPBS),28134,31438,40416,19156,59572,2023-12
2024,1,Defensa Nacional,20150,183,2519,17814,20333,2024-01
2024,1,Educación (MEC),77364,128,53193,24299,77492,2024-01
2024,1,Policía Nacional,30112,94,5469,24737,30206,2024-01
2024,1,Resto del sector público,109134,44723,73654,80203,153857,2024-01
2024,1,Salud (MSPBS),28071,30776,39900,18947,58847,2024-01
2024,2,Defensa Nacional,20413,202,2517,18098,20615,2024-02
2024,2,Educación (MEC),78428,128,53954,24602,78556,2024-02
2024,2,Policía Nacional,30103,98,5470,24731,30201,2024-02
2024,2,Resto del sector público,109783,48247,75768,82262,158030,2024-02
2024,2,Salud (MSPBS),28039,30855,39915,18979,58894,2024-02
2024,3,Defensa Nacional,21550,199,2556,19193,21749,2024-03
2024,3,Educación (MEC),79929,122,55008,25043,80051,2024-03
2024,3,Policía Nacional,30084,102,5465,24721,30186,2024-03
2024,3,Resto del sector público,109714,49526,76491,82749,159240,2024-03
2024,3,Salud (MSPBS),28022,30948,39966,19004,58970,2024-03
2024,4,Defensa Nacional,22023,189,2563,19649,22212,2024-04
2024,4,Educación (MEC),81001,124,55804,25321,81125,2024-04
2024,4,Policía Nacional,30071,124,5470,24725,30195,2024-04
2024,4,Resto del sector público,109757,50011,76785,82983,159768,2024-04
2024,4,Salud (MSPBS),27983,30513,39676,18820,58496,2024-04
2024,5,Defensa Nacional,22103,189,2547,19745,22292,2024-05
2024,5,Educación (MEC),81392,129,56138,25383,81521,2024-05
2024,5,Policía Nacional,30260,125,5527,24858,30385,2024-05
2024,5,Resto del sector público,109812,50736,77171,83377,160548,2024-05
2024,5,Salud (MSPBS),27938,32345,40936,19347,60283,2024-05
2024,6,Defensa Nacional,22199,196,2565,19830,22395,2024-06
2024,6,Educación (MEC),81639,127,56352,25414,81766,2024-06
2024,6,Policía Nacional,30182,125,5517,24790,30307,2024-06
2024,6,Resto del sector público,109752,51372,77595,83529,161124,2024-06
2024,6,Salud (MSPBS),27906,31754,40473,19187,59660,2024-06
2024,7,Defensa Nacional,21644,199,2564,19279,21843,2024-07
2024,7,Educación (MEC),81837,127,56516,25448,81964,2024-07
2024,7,Policía Nacional,31162,145,5676,25631,31307,2024-07
2024,7,Resto del sector público,109749,50867,77309,83307,160616,2024-07
2024,7,Salud (MSPBS),27839,31709,40385,19163,59548,2024-07
2024,8,Defensa Nacional,21511,197,2583,19125,21708,2024-08
2024,8,Educación (MEC),82423,128,56941,25610,82551,2024-08
2024,8,Policía Nacional,31150,149,5681,25618,31299,2024-08
2024,8,Resto del sector público,109667,51380,77637,83410,161047,2024-08
2024,8,Salud (MSPBS),27807,31979,40564,19222,59786,2024-08
2024,9,Defensa Nacional,21632,190,2578,19244,21822,2024-09
2024,9,Educación (MEC),82189,128,56805,25512,82317,2024-09
2024,9,Policía Nacional,31142,149,5681,25610,31291,2024-09
2024,9,Resto del sector público,109766,50309,77306,82769,160075,2024-09
2024,9,Salud (MSPBS),27764,31895,40488,19171,59659,2024-09
2024,10,Defensa Nacional,21827,184,2577,19434,22011,2024-10
2024,10,Educación (MEC),82576,128,57102,25602,82704,2024-10
2024,10,Policía Nacional,31135,148,5678,25605,31283,2024-10
2024,10,Resto del sector público,109657,51549,77829,83377,161206,2024-10
2024,10,Salud (MSPBS),27736,32122,40632,19226,59858,2024-10
2024,11,Defensa Nacional,21762,194,2567,19389,21956,2024-11
2024,11,Educación (MEC),82727,127,57208,25646,82854,2024-11
2024,11,Policía Nacional,31121,148,5674,25595,31269,2024-11
2024,11,Resto del sector público,109757,51877,78087,83547,161634,2024-11
2024,11,Salud (MSPBS),27706,32316,40754,19268,60022,2024-11
2024,12,Defensa Nacional,21648,180,2556,19272,21828,2024-12
2024,12,Educación (MEC),82717,127,57203,25641,82844,2024-12
2024,12,Policía Nacional,31107,148,5673,25582,31255,2024-12
2024,12,Resto del sector público,108339,51484,77781,82042,159823,2024-12
2024,12,Salud (MSPBS),27701,32735,41081,19355,60436,2024-12
2025,1,Defensa Nacional,20468,162,2547,18083,20630,2025-01
2025,1,Educación (MEC),75207,118,51884,23441,75325,2025-01
2025,1,Policía Nacional,33527,114,5982,27659,33641,2025-01
2025,1,Resto del sector público,110280,46207,75670,80817,156487,2025-01
2025,1,Salud (MSPBS),27608,32920,41185,19343,60528,2025-01
2025,2,Defensa Nacional,20551,178,2550,18179,20729,2025-02
2025,2,Educación (MEC),78267,125,54151,24241,78392,2025-02
2025,2,Policía Nacional,33512,115,5977,27650,33627,2025-02
2025,2,Resto del sector público,110423,49480,77336,82567,159903,2025-02
2025,2,Salud (MSPBS),27555,32911,41143,19323,60466,2025-02
2025,3,Defensa Nacional,21853,174,2602,19425,22027,2025-03
2025,3,Educación (MEC),80308,125,55635,24798,80433,2025-03
2025,3,Policía Nacional,33667,135,6039,27763,33802,2025-03
2025,3,Resto del sector público,110659,50954,78306,83307,161613,2025-03
2025,3,Salud (MSPBS),27521,33019,41222,19318,60540,2025-03
2025,4,Defensa Nacional,22188,187,2604,19771,22375,2025-04
2025,4,Educación (MEC),81426,125,56493,25058,81551,2025-04
2025,4,Policía Nacional,33665,241,6058,27848,33906,2025-04
2025,4,Resto del sector público,110557,51349,78485,83421,161906,2025-04
2025,4,Salud (MSPBS),27459,33007,41186,19280,60466,2025-04
2025,5,Defensa Nacional,22273,156,2603,19826,22429,2025-05
2025,5,Educación (MEC),81998,126,56924,25200,82124,2025-05
2025,5,Policía Nacional,38558,241,6900,31899,38799,2025-05
2025,5,Resto del sector público,110635,52523,79258,83900,163158,2025-05
2025,5,Salud (MSPBS),27420,34285,41997,19708,61705,2025-05
2025,6,Defensa Nacional,22228,193,2608,19813,22421,2025-06
2025,6,Educación (MEC),82618,125,57436,25307,82743,2025-06
2025,6,Policía Nacional,38564,321,6927,31958,38885,2025-06
2025,6,Resto del sector público,110799,52195,79254,83740,162994,2025-06
2025,6,Salud (MSPBS),27343,34631,42133,19841,61974,2025-06
2025,7,Defensa Nacional,21676,188,2596,19268,21864,2025-07
2025,7,Educación (MEC),83150,123,57808,25465,83273,2025-07
2025,7,Policía Nacional,38601,363,6931,32033,38964,2025-07
2025,7,Resto del sector público,110718,52673,79505,83886,163391,2025-07
2025,7,Salud (MSPBS),27267,34659,42098,19828,61926,2025-07
2025,8,Defensa Nacional,21495,184,2590,19089,21679,2025-08
2025,8,Educación (MEC),83456,124,58055,25525,83580,2025-08
2025,8,Policía Nacional,38568,373,6932,32009,38941,2025-08
2025,8,Resto del sector público,110729,52867,79725,83871,163596,2025-08
2025,8,Salud (MSPBS),27206,34884,42248,19842,62090,2025-08
2025,9,Defensa Nacional,21805,185,2589,19401,21990,2025-09
2025,9,Educación (MEC),83609,125,58202,25532,83734,2025-09
2025,9,Policía Nacional,38594,368,6947,32015,38962,2025-09
2025,9,Resto del sector público,110770,52674,79664,83780,163444,2025-09
2025,9,Salud (MSPBS),27127,36174,43161,20140,63301,2025-09
2025,10,Defensa Nacional,21855,206,2590,19471,22061,2025-10
2025,10,Educación (MEC),83741,125,58319,25547,83866,2025-10
2025,10,Policía Nacional,38576,351,6936,31991,38927,2025-10
2025,10,Resto del sector público,110687,53371,80070,83988,164058,2025-10
2025,10,Salud (MSPBS),27077,36469,43337,20209,63546,2025-10
2025,11,Defensa Nacional,21854,194,2582,19466,22048,2025-11
2025,11,Educación (MEC),84286,268,58844,25710,84554,2025-11
2025,11,Policía Nacional,38593,343,6945,31991,38936,2025-11
2025,11,Resto del sector público,110468,53408,80018,83858,163876,2025-11
2025,11,Salud (MSPBS),27044,36652,43424,20272,63696,2025-11
2025,12,Defensa Nacional,21731,178,2562,19347,21909,2025-12
2025,12,Educación (MEC),84278,267,58838,25707,84545,2025-12
2025,12,Policía Nacional,38582,341,6946,31977,38923,2025-12
2025,12,Resto del sector público,109304,53257,79504,83057,162561,2025-12
2025,12,Salud (MSPBS),26576,36613,42997,20192,63189,2025-12
2026,1,Defensa Nacional,20824,120,2565,18379,20944,2026-01
2026,1,Educación (MEC),75853,120,52664,23309,75973,2026-01
2026,1,Policía Nacional,38308,67,7016,31359,38375,2026-01
2026,1,Resto del sector público,106528,49673,76399,79802,156201,2026-01
2026,1,Salud (MSPBS),26904,40031,45905,21030,66935,2026-01
2026,2,Defensa Nacional,20909,196,2621,18484,21105,2026-02
2026,2,Educación (MEC),78335,121,54518,23938,78456,2026-02
2026,2,Policía Nacional,38281,115,7062,31334,38396,2026-02
2026,2,Resto del sector público,107119,52941,78126,81934,160060,2026-02
2026,2,Salud (MSPBS),26847,36865,43483,20229,63712,2026-02
2026,3,Defensa Nacional,22276,190,2670,19796,22466,2026-03
2026,3,Educación (MEC),80876,122,56303,24695,80998,2026-03
2026,3,Policía Nacional,38196,119,7055,31260,38315,2026-03
2026,3,Resto del sector público,107847,54806,79534,83119,162653,2026-03
2026,3,Salud (MSPBS),26617,37716,44057,20276,64333,2026-03
2026,4,Defensa Nacional,22430,185,2667,19948,22615,2026-04
2026,4,Educación (MEC),82482,123,57496,25109,82605,2026-04
2026,4,Policía Nacional,38154,111,7053,31212,38265,2026-04
2026,4,Resto del sector público,107732,54605,79422,82915,162337,2026-04
2026,4,Salud (MSPBS),26733,36970,43626,20077,63703,2026-04
2026,5,Defensa Nacional,22610,188,2690,20108,22798,2026-05
2026,5,Educación (MEC),83134,122,57955,25301,83256,2026-05
2026,5,Policía Nacional,43138,111,8073,35176,43249,2026-05
2026,5,Resto del sector público,107501,54833,79569,82765,162334,2026-05
2026,5,Salud (MSPBS),26742,38516,44751,20507,65258,2026-05
2026,6,Defensa Nacional,22486,216,2681,20021,22702,2026-06
2026,6,Educación (MEC),83514,122,58251,25385,83636,2026-06
2026,6,Policía Nacional,43136,111,8073,35174,43247,2026-06
2026,6,Resto del sector público,106960,54734,79438,82256,161694,2026-06
2026,6,Salud (MSPBS),26700,38078,44416,20362,64778,2026-06
2026,7,Defensa Nacional,21813,208,2660,19361,22021,2026-07
2026,7,Educación (MEC),83875,121,58519,25477,83996,2026-07
2026,7,Policía Nacional,43129,111,8080,35160,43240,2026-07
2026,7,Resto del sector público,107005,53762,79093,81674,160767,2026-07
2026,7,Salud (MSPBS),26664,38140,44442,20362,64804,2026-07
2026,8,Defensa Nacional,21760,189,2654,19295,21949,2026-08
2026,8,Educación (MEC),84204,120,58820,25504,84324,2026-08
2026,8,Policía Nacional,43106,118,8077,35147,43224,2026-08
2026,8,Resto del sector público,105417,53823,78770,80470,159240,2026-08
2026,8,Salud (MSPBS),26626,38196,44443,20379,64822,2026-08
