anho,cargos,pct_mujeres,sueldo_medio_mujeres,sueldo_medio_hombres,brecha_bruta_pct,brecha_misma_categoria_pct,cobertura_celdas_pct
2015,212726.0,49.86743510431259,3116325.9863311998,3394489.482047916,8.194560542544336,0.842800608508635,99.8829480176377
2016,265577.0,49.96027517443152,3318097.700263033,3580561.808644484,7.330249340977398,2.3441448941683287,99.8467487771908
2017,269432.0,49.78102081415719,3529750.587716028,4297801.023879207,17.870776983293986,1.711338639444862,99.84114730247336
2018,272066.0,49.86069556651695,3900040.84770814,4094646.5029469547,4.752685124314277,3.295278433540697,99.84966883035734
2019,277222.0,49.989178348038756,4267061.457284909,4314635.036417798,1.1026095772027824,2.8714515308372675,99.84416821175809
2020,277520.0,49.931536465840296,4385153.69110197,4431321.551975531,1.0418530980442684,3.0301971226456903,99.84938022484866
2021,278738.0,49.7894079745137,4408191.0746062165,4431189.809604447,0.519019405315969,2.76849789752773,99.85075590698075
2022,280729.0,50.070352546405964,4662888.837111026,4655107.754799631,-0.16715149726388112,3.1166687811103837,99.85858247633838
2023,280698.0,50.40185537481564,5023345.104228956,4936728.636987236,-1.7545316668363458,1.460560903152538,99.85144176303358
2024,283379.0,50.7984007283532,5284054.175030566,5216373.811542958,-1.2974599967863218,1.1613943276982983,99.85778762717068
2025,293042.0,50.18017895045761,5610556.681534726,5352276.292897604,-4.825617634497984,1.0355621275208038,99.85906457094887
2026,294478.0,50.05806885404003,5855113.464663184,5555737.023900509,-5.388599918872556,1.557803859547276,99.85024348168623
