sector,cargos,pct_mujeres,sueldo_medio_mujeres,sueldo_medio_hombres,brecha_bruta_pct,brecha_misma_categoria_pct,cobertura_celdas_pct
Educación,117863.0,66.07501930207104,6103730.676147307,5726702.446192322,-6.583688143351512,0.44116861579362543,99.97624360486327
Empresas públicas,7808.0,24.526127049180328,5281416.044908616,5157197.6543356525,-2.4086412602110174,3.1068350419660278,99.98719262295081
Entes autónomos y autárquicos,7460.0,43.71313672922252,5514111.286108555,5625802.158847345,1.985332395010382,0.866604614309796,99.06166219839142
Fuerzas públicas,66351.0,16.215279347711416,4605177.1479691425,5218803.482227659,11.757988902019136,0.8017126072524926,99.98191436451597
Gobiernos departamentales,948.0,39.345991561181435,3813508.766756032,4252085.6,10.314393323689616,-0.1060747188802247,91.66666666666666
Municipalidades,5272.0,44.935508345978754,3294657.5605740817,3859491.38994144,14.634929121474954,7.822949401355439,97.26858877086495
Otros organismos,4034.0,47.14923153197819,9463528.820189275,9767949.164634146,3.1165226120039176,5.1322370705496825,99.60337134357957
Poder Judicial,26196.0,56.588792182012526,5765112.692188343,5649647.584241997,-2.0437577074435755,2.164215653003995,99.98091311650633
Poder Legislativo,3234.0,44.92888064316636,9232549.322092224,9130516.563728243,-1.117491629874641,-1.5580829972646828,99.93815708101423
SA del Estado,2270.0,23.744493392070485,5444158.614100185,4687299.63835933,-16.147015000853983,-3.4304954242802403,100.0
Salud,39071.0,67.4515625399913,5643277.77677013,6092766.666823937,7.377418414877823,4.964295911600006,100.0
Servicio civil del Ejecutivo,13971.0,41.39288526232911,5594332.6268372815,5297033.591353199,-5.612557110632424,1.7107744411442998,99.3987545630234
