fecha,anho,mes,imputado,total,apn,empresas
2022-07-01,2022,7,False,341692.0,230592.0,111100.0
2022-08-01,2022,8,False,341814.0,230425.0,111389.0
2022-09-01,2022,9,False,341299.0,230199.0,111100.0
2022-10-01,2022,10,False,339951.0,228936.0,111015.0
2022-11-01,2022,11,True,340229.0,229300.0,110929.0
2022-12-01,2022,12,False,341067.0,229859.0,111208.0
2023-01-01,2023,1,False,339128.0,227951.0,111177.0
2023-02-01,2023,2,False,339445.0,228322.0,111123.0
2023-03-01,2023,3,False,340230.0,229218.0,111012.0
2023-04-01,2023,4,False,341573.0,230832.0,110741.0
2023-05-01,2023,5,False,342463.0,231955.0,110508.0
2023-06-01,2023,6,True,342837.0,232225.0,110612.0
2023-07-01,2023,7,False,343108.0,232299.0,110809.0
2023-08-01,2023,8,False,343429.0,232665.0,110764.0
2023-09-01,2023,9,False,342464.0,231920.0,110544.0
2023-10-01,2023,10,True,343326.0,232782.0,110544.0
2023-11-01,2023,11,True,343357.0,233098.0,110259.0
2023-12-01,2023,12,True,341465.0,231305.0,110160.0
2024-01-01,2024,1,True,333784.0,224005.0,109779.0
2024-02-01,2024,2,True,332603.0,223340.0,109263.0
2024-03-01,2024,3,True,330087.0,221796.0,108291.0
2024-04-01,2024,4,True,322136.0,215787.0,106349.0
2024-05-01,2024,5,True,316106.0,213227.0,102879.0
2024-06-01,2024,6,True,314110.0,212725.0,101385.0
2024-07-01,2024,7,True,310515.0,209760.0,100755.0
2024-08-01,2024,8,True,309841.0,209581.0,100260.0
2024-09-01,2024,9,True,306870.0,208544.0,98326.0
2024-10-01,2024,10,True,305561.0,207746.0,97815.0
2024-11-01,2024,11,True,304037.0,206884.0,97153.0
2024-12-01,2024,12,True,301855.0,205509.0,96346.0
2025-01-01,2025,1,True,299963.0,204359.0,95604.0
2025-02-01,2025,2,True,297685.0,202646.0,95039.0
2025-03-01,2025,3,True,294489.0,200294.0,94195.0
2025-04-01,2025,4,True,292799.0,199448.0,93351.0
2025-05-01,2025,5,True,291015.0,198672.0,92343.0
2025-06-01,2025,6,True,289174.0,197587.0,91587.0
2025-07-01,2025,7,True,287651.0,196481.0,91170.0
2025-08-01,2025,8,True,285694.0,194905.0,90789.0
2025-09-01,2025,9,True,283551.0,193215.0,90336.0
2025-10-01,2025,10,True,282573.0,192630.0,89943.0
2025-11-01,2025,11,True,281670.0,192219.0,89451.0
2025-12-01,2025,12,True,280118.0,190936.0,89182.0
2026-01-01,2026,1,True,278844.0,189693.0,89151.0
2026-02-01,2026,2,True,276922.0,188213.0,88709.0
2026-03-01,2026,3,True,276223.0,187853.0,88370.0
2026-04-01,2026,4,True,274798.0,186771.0,88027.0
2026-05-01,2026,5,True,273354.0,185489.0,87865.0
2026-06-01,2026,6,True,271842.0,184345.0,87497.0
2026-07-01,2026,7,True,270835.0,183520.0,87315.0
