codigo_nivel,codigo_entidad,codigo_oee,descripcion_nivel,descripcion_entidad,descripcion_oee,agrupacion,sector,nombre,nombre_largo,nivel
40,4,1,SOCIEDADES ANONIMAS CON PARTICIPACION ACCIONARIA DEL ESTADO,FERROCARRILES DEL PARAGUAY,FERROCARRILES DEL PARAGUAY,IV - Sociedades Anónimas del Estado,SA del Estado,Ferrocarriles del Paraguay,Ferrocarriles del Paraguay,SOCIEDADES ANONIMAS CON PARTICIPACION ACCIONARIA DEL ESTADO
12,1,16,12-PODER EJECUTIVO,001-PRESIDENCIA DE LA REPUBLICA,16-SECRETARIA DE ACCION SOCIAL,I - Administración Central,Servicio civil del Ejecutivo,Secretaría de Acción Social,Secretaría de Acción Social,PODER EJECUTIVO
12,1,19,12-PODER EJECUTIVO,001-PRESIDENCIA DE LA REPUBLICA,19-SECRETARIA NACIONAL DE INFORMACION,I - Administración Central,Servicio civil del Ejecutivo,Secretaría Nacional de Información,Secretaría Nacional de Información,PODER EJECUTIVO
12,1,41,12-PODER EJECUTIVO,001-PRESIDENCIA DE LA REPUBLICA,41-SECRETARIA DE LA NIÑEZ Y LA ADOLESCENCIA,I - Administración Central,Servicio civil del Ejecutivo,Secretaría de la Niñez y la Adolescencia,Secretaría de la Niñez y la Adolescencia,PODER EJECUTIVO
12,1,52,12-PODER EJECUTIVO,001-PRESIDENCIA DE LA REPUBLICA,52-SECRETARIA NACIONAL DE TECNOLOGIAS DE LA INF. Y COM.,I - Administración Central,Servicio civil del Ejecutivo,SENATICs,SENATICs,PODER EJECUTIVO
23,23,1,ENTES AUTONOMOS Y AUTARQUICOS,SECRETARIA NACIONAL DE LA VIVIENDA Y EL HABITAT,SECRETARIA NACIONAL DE LA VIVIENDA Y EL HABITAT,II - Administración Descentralizada,Entes autónomos y autárquicos,Secretaría Nacional de la Vivienda y el Hábitat,Secretaría Nacional de la Vivienda y el Hábitat,ENTES AUTONOMOS Y AUTARQUICOS
12,1,7,12-PODER EJECUTIVO,001-PRESIDENCIA DE LA REPUBLICA,7-DIRECC.GRAL.DE ESTAD.ENC.Y CENSOS,I - Administración Central,Servicio civil del Ejecutivo,"Dirección General de Estadística, Encuestas y Censos","Dirección General de Estadística, Encuestas y Censos",PODER EJECUTIVO
30,2,253,MUNICIPALIDADES,DEPARTAMENTO DE SAN PEDRO,MUNICIPALIDAD DE SAN VICENTE PANCHOLO,III - Municipalidades,Municipalidades,San Vicente Pancholo,Municipalidad de San Vicente Pancholo,MUNICIPALIDADES
23,21,1,ENTES AUTONOMOS Y AUTARQUICOS,SECRETARIA DEL AMBIENTE,SECRETARIA DEL AMBIENTE,II - Administración Descentralizada,Entes autónomos y autárquicos,Secretaría del Ambiente,Secretaría del Ambiente,ENTES AUTONOMOS Y AUTARQUICOS
30,2,9,MUNICIPALIDADES,DEPARTAMENTO DE SAN PEDRO,MUNICIPALIDAD DE ANTEQUERA,III - Municipalidades,Municipalidades,Antequera,Municipalidad de Antequera,MUNICIPALIDADES
30,3,41,MUNICIPALIDADES,DEPARTAMENTO DE CORDILLERA,MUNICIPALIDAD DE PRIMERO DE MARZO,III - Municipalidades,Municipalidades,Primero de Marzo,Municipalidad de Primero de Marzo,MUNICIPALIDADES
23,9,1,ENTES AUTONOMOS Y AUTARQUICOS,COMISION NACIONAL DE VALORES,COMISION NACIONAL DE VALORES,II - Administración Descentralizada,Entes autónomos y autárquicos,Comisión Nacional de Valores,Comisión Nacional de Valores,ENTES AUTONOMOS Y AUTARQUICOS
12,1,5,12-PODER EJECUTIVO,001-PRESIDENCIA DE LA REPUBLICA,5-SECRETARIA TECNICA DE PLANIFICACION,I - Administración Central,Servicio civil del Ejecutivo,Secretaría Técnica de Planificación,Secretaría Técnica de Planificación,PODER EJECUTIVO
12,1,6,12-PODER EJECUTIVO,001-PRESIDENCIA DE LA REPUBLICA,6- SECRETARIA DE LA FUNCION PUBLICA,I - Administración Central,Servicio civil del Ejecutivo,Secretaría de la Función Pública,Secretaría de la Función Pública,PODER EJECUTIVO
12,1,55,12-PODER EJECUTIVO,001-PRESIDENCIA DE LA REPUBLICA,55-GABINETE SOCIAL,I - Administración Central,Servicio civil del Ejecutivo,Gabinete Social,Gabinete Social,PODER EJECUTIVO
23,15,1,ENTES AUTONOMOS Y AUTARQUICOS,DIRECCION NACIONAL DE ADUANAS,DIRECCION NACIONAL DE ADUANAS,II - Administración Descentralizada,Entes autónomos y autárquicos,Dirección Nacional de Aduanas,Dirección Nacional de Aduanas,ENTES AUTONOMOS Y AUTARQUICOS
30,9,252,MUNICIPALIDADES,DEPARTAMENTO DE PARAGUARI,MUNICIPALIDAD DE MARIA ANTONIA,III - Municipalidades,Municipalidades,María Antonia,Municipalidad de María Antonia,MUNICIPALIDADES
24,3,1,ENTIDADES PUBLICAS DE SEGURIDAD SOCIAL,CAJA DE JUBILACIONES Y PENSIONES DEL PERSONAL DE LA ANDE,CAJA DE JUBILACIONES Y PENSIONES DEL PERSONAL DE LA ANDE,II - Administración Descentralizada,Otros organismos,Caja de Jubilaciones y Pensiones del Personal de la ANDE,Caja de Jubilaciones y Pensiones del Personal de la ANDE,ENTIDADES PUBLICAS DE SEGURIDAD SOCIAL
27,4,1,ENTIDADES FINANCIERAS OFICIALES,FONDO GANADERO,FONDO GANADERO,II - Administración Descentralizada,Otros organismos,Fondo Ganadero,Fondo Ganadero,ENTIDADES FINANCIERAS OFICIALES
30,3,36,MUNICIPALIDADES,DEPARTAMENTO DE CORDILLERA,MUNICIPALIDAD DE JUAN DE MENA,III - Municipalidades,Municipalidades,Juan de Mena,Municipalidad de Juan de Mena,MUNICIPALIDADES
30,6,245,MUNICIPALIDADES,DEPARTAMENTO DE CAAZAPA,MUNICIPALIDAD DE 3 DE MAYO,III - Municipalidades,Municipalidades,3 de Mayo,Municipalidad de 3 de Mayo,MUNICIPALIDADES
12,1,53,12-PODER EJECUTIVO,001-PRESIDENCIA DE LA REPUBLICA,53-SECRETARIA NACIONAL ANTICORRUPCION,I - Administración Central,Servicio civil del Ejecutivo,Secretaría Nacional Anticorrupción,Secretaría Nacional Anticorrupción,PODER EJECUTIVO
30,17,225,MUNICIPALIDADES,DEPARTAMENTO DE ALTO PARAGUAY,MUNICIPALIDAD DE FUERTE OLIMPO,III - Municipalidades,Municipalidades,Fuerte Olimpo,Municipalidad de Fuerte Olimpo,MUNICIPALIDADES
30,5,75,MUNICIPALIDADES,DEPARTAMENTO DE CAAGUAZU,MUNICIPALIDAD DE DR. J. EULOGIO ESTIGARRIBIA,III - Municipalidades,Municipalidades,Dr. J. Eulogio Estigarribia,Municipalidad de Dr. J. Eulogio Estigarribia,MUNICIPALIDADES
30,5,65,MUNICIPALIDADES,DEPARTAMENTO DE CAAGUAZU,MUNICIPALIDAD DE CAAGUAZU,III - Municipalidades,Municipalidades,Caaguazú,Municipalidad de Caaguazú,MUNICIPALIDADES
30,1,7,MUNICIPALIDADES,DEPARTAMENTO DE CONCEPCION,MUNICIPALIDAD DE YBYYAU,III - Municipalidades,Municipalidades,Ybyyau,Municipalidad de Ybyyau,MUNICIPALIDADES
30,13,259,MUNICIPALIDADES,DEPARTAMENTO DE AMAMBAY,MUNICIPALIDAD DE CERRO CORA,III - Municipalidades,Municipalidades,Cerro Cora,Municipalidad de Cerro Cora,MUNICIPALIDADES
30,3,30,MUNICIPALIDADES,DEPARTAMENTO DE CORDILLERA,MUNICIPALIDAD DE ATYRA,III - Municipalidades,Municipalidades,Atyrá,Municipalidad de Atyrá,MUNICIPALIDADES
30,7,105,MUNICIPALIDADES,DEPARTAMENTO DE ITAPUA,MUNICIPALIDAD DE GENERAL ARTIGAS,III - Municipalidades,Municipalidades,General Artigas,Municipalidad de General Artigas,MUNICIPALIDADES
30,12,204,MUNICIPALIDADES,DEPARTAMENTO DE ÑEEMBUCU,MUNICIPALIDAD DE VILLA OLIVA,III - Municipalidades,Municipalidades,Villa Oliva,Municipalidad de Villa Oliva,MUNICIPALIDADES
28,5,1,UNIVERSIDADES NACIONALES,UNIVERSIDAD NACIONAL DE CONCEPCION,UNIVERSIDAD NACIONAL DE CONCEPCION,II - Administración Descentralizada,Educación,Universidad Nacional de Concepción,Universidad Nacional de Concepción,UNIVERSIDADES NACIONALES
30,5,66,MUNICIPALIDADES,DEPARTAMENTO DE CAAGUAZU,MUNICIPALIDAD DE CARAYAO,III - Municipalidades,Municipalidades,Carayaó,Municipalidad de Carayaó,MUNICIPALIDADES
30,8,133,MUNICIPALIDADES,DEPARTAMENTO DE MISIONES,MUNICIPALIDAD DE YABEBYRY,III - Municipalidades,Municipalidades,Yabebyry,Municipalidad de Yabebyry,MUNICIPALIDADES
30,3,29,MUNICIPALIDADES,DEPARTAMENTO DE CORDILLERA,MUNICIPALIDAD DE ARROYOS Y ESTEROS,III - Municipalidades,Municipalidades,Arroyos Y Esteros,Municipalidad de Arroyos Y Esteros,MUNICIPALIDADES
30,11,189,MUNICIPALIDADES,DEPARTAMENTO DE CENTRAL,MUNICIPALIDAD DE J. AUGUSTO SALDIVAR,III - Municipalidades,Municipalidades,J. Augusto Saldivar,Municipalidad de J. Augusto Saldivar,MUNICIPALIDADES
30,2,8,MUNICIPALIDADES,DEPARTAMENTO DE SAN PEDRO,MUNICIPALIDAD DE SAN PEDRO DEL YCUAMANDIYU,III - Municipalidades,Municipalidades,San Pedro del Ycuamandiyu,Municipalidad de San Pedro del Ycuamandiyu,MUNICIPALIDADES
22,8,1,GOBIERNOS DEPARTAMENTALES,VIII DEPARTAMENTO: GOBERNACION DE MISIONES,VIII DEPARTAMENTO: GOBERNACION DE MISIONES,II - Administración Descentralizada,Gobiernos departamentales,Gobernación de Misiones,Gobernación de Misiones,GOBIERNOS DEPARTAMENTALES
23,11,1,ENTES AUTONOMOS Y AUTARQUICOS,DIRECCION NACIONAL DE TRANSPORTE,DIRECCION NACIONAL DE TRANSPORTE,II - Administración Descentralizada,Entes autónomos y autárquicos,Dirección Nacional de Transporte,Dirección Nacional de Transporte,ENTES AUTONOMOS Y AUTARQUICOS
30,2,11,MUNICIPALIDADES,DEPARTAMENTO DE SAN PEDRO,MUNICIPALIDAD DE GRAL.ELIZARDO AQUINO,III - Municipalidades,Municipalidades,Gral.Elizardo Aquino,Municipalidad de Gral.Elizardo Aquino,MUNICIPALIDADES
30,7,99,MUNICIPALIDADES,DEPARTAMENTO DE ITAPUA,MUNICIPALIDAD DE NUEVA ALBORADA,III - Municipalidades,Municipalidades,Nueva Alborada,Municipalidad de Nueva Alborada,MUNICIPALIDADES
30,8,132,MUNICIPALIDADES,DEPARTAMENTO DE MISIONES,MUNICIPALIDAD DE VILLA FLORIDA,III - Municipalidades,Municipalidades,Villa Florida,Municipalidad de Villa Florida,MUNICIPALIDADES
30,10,168,MUNICIPALIDADES,DEPARTAMENTO DE ALTO PARANA,MUNICIPALIDAD DE MBARACAYU,III - Municipalidades,Municipalidades,Mbaracayu,Municipalidad de Mbaracayu,MUNICIPALIDADES
27,5,1,ENTIDADES FINANCIERAS OFICIALES,CAJA DE PRESTAMOS DEL MINISTERIO DE DEFENSA NACIONAL,CAJA DE PRESTAMOS DEL MINISTERIO DE DEFENSA NACIONAL,II - Administración Descentralizada,Otros organismos,Caja de Préstamos del Ministerio de Defensa Nacional,Caja de Préstamos del Ministerio de Defensa Nacional,ENTIDADES FINANCIERAS OFICIALES
30,3,44,MUNICIPALIDADES,DEPARTAMENTO DE CORDILLERA,MUNICIPALIDAD DE TOBATI,III - Municipalidades,Municipalidades,Tobatí,Municipalidad de Tobatí,MUNICIPALIDADES
30,9,134,MUNICIPALIDADES,DEPARTAMENTO DE PARAGUARI,MUNICIPALIDAD DE PARAGUARI,III - Municipalidades,Municipalidades,Paraguarí,Municipalidad de Paraguarí,MUNICIPALIDADES
30,9,136,MUNICIPALIDADES,DEPARTAMENTO DE PARAGUARI,MUNICIPALIDAD DE CAAPUCU,III - Municipalidades,Municipalidades,Caapucú,Municipalidad de Caapucú,MUNICIPALIDADES
30,9,145,MUNICIPALIDADES,DEPARTAMENTO DE PARAGUARI,MUNICIPALIDAD DE SAN ROQUE GONZALEZ DE SANTA CRUZ,III - Municipalidades,Municipalidades,San Roque Gonzalez de Santa Cruz,Municipalidad de San Roque Gonzalez de Santa Cruz,MUNICIPALIDADES
30,10,169,MUNICIPALIDADES,DEPARTAMENTO DE ALTO PARANA,MUNICIPALIDAD DE SAN ALBERTO,III - Municipalidades,Municipalidades,San Alberto,Municipalidad de San Alberto,MUNICIPALIDADES
30,12,190,MUNICIPALIDADES,DEPARTAMENTO DE ÑEEMBUCU,MUNICIPALIDAD DE PILAR,III - Municipalidades,Municipalidades,Pilar,Municipalidad de Pilar,MUNICIPALIDADES
30,2,20,MUNICIPALIDADES,DEPARTAMENTO DE SAN PEDRO,MUNICIPALIDAD DE 25 DE DICIEMBRE,III - Municipalidades,Municipalidades,25 de Diciembre,Municipalidad de 25 de Diciembre,MUNICIPALIDADES
30,5,78,MUNICIPALIDADES,DEPARTAMENTO DE CAAGUAZU,MUNICIPALIDAD DE JOSE DOMINGO OCAMPOS,III - Municipalidades,Municipalidades,José Domingo Ocampos,Municipalidad de José Domingo Ocampos,MUNICIPALIDADES
30,5,243,MUNICIPALIDADES,DEPARTAMENTO DE CAAGUAZU,MUNICIPALIDAD DE NUEVA TOLEDO,III - Municipalidades,Municipalidades,Nueva Toledo,Municipalidad de Nueva Toledo,MUNICIPALIDADES
30,6,91,MUNICIPALIDADES,DEPARTAMENTO DE CAAZAPA,MUNICIPALIDAD DE TAVAI,III - Municipalidades,Municipalidades,Tavaí,Municipalidad de Tavaí,MUNICIPALIDADES
30,7,111,MUNICIPALIDADES,DEPARTAMENTO DE ITAPUA,MUNICIPALIDAD DE MAYOR OTAÑO,III - Municipalidades,Municipalidades,Mayor Otaño,Municipalidad de Mayor Otaño,MUNICIPALIDADES
30,7,117,MUNICIPALIDADES,DEPARTAMENTO DE ITAPUA,MUNICIPALIDAD DE TOMAS ROMERO PEREIRA,III - Municipalidades,Municipalidades,Tomás Romero Pereira,Municipalidad de Tomás Romero Pereira,MUNICIPALIDADES
30,7,123,MUNICIPALIDADES,DEPARTAMENTO DE ITAPUA,MUNICIPALIDAD DE ITAPUA POTY,III - Municipalidades,Municipalidades,Itapúa Poty,Municipalidad de Itapúa Poty,MUNICIPALIDADES
30,9,138,MUNICIPALIDADES,DEPARTAMENTO DE PARAGUARI,MUNICIPALIDAD DE CARAPEGUA,III - Municipalidades,Municipalidades,Carapegua,Municipalidad de Carapegua,MUNICIPALIDADES
30,9,139,MUNICIPALIDADES,DEPARTAMENTO DE PARAGUARI,MUNICIPALIDAD DE ESCOBAR,III - Municipalidades,Municipalidades,Escobar,Municipalidad de Escobar,MUNICIPALIDADES
30,11,187,MUNICIPALIDADES,DEPARTAMENTO DE CENTRAL,MUNICIPALIDAD DE YPACARAI,III - Municipalidades,Municipalidades,Ypacaraí,Municipalidad de Ypacaraí,MUNICIPALIDADES
30,12,193,MUNICIPALIDADES,DEPARTAMENTO DE ÑEEMBUCU,MUNICIPALIDAD DE DESMOCHADOS,III - Municipalidades,Municipalidades,Desmochados,Municipalidad de Desmochados,MUNICIPALIDADES
30,12,194,MUNICIPALIDADES,DEPARTAMENTO DE ÑEEMBUCU,MUNICIPALIDAD DE GENERAL JOSE EDUVIGIS DIAZ,III - Municipalidades,Municipalidades,General José Eduvigis Diaz,Municipalidad de General José Eduvigis Diaz,MUNICIPALIDADES
30,12,199,MUNICIPALIDADES,DEPARTAMENTO DE ÑEEMBUCU,MUNICIPALIDAD DE MAYOR JOSE D. MARTINEZ,III - Municipalidades,Municipalidades,Mayor José D. Martínez,Municipalidad de Mayor José D. Martínez,MUNICIPALIDADES
30,12,201,MUNICIPALIDADES,DEPARTAMENTO DE ÑEEMBUCU,MUNICIPALIDAD DE SAN JUAN BAUTISTA DE ÑEEMBUCU,III - Municipalidades,Municipalidades,San Juan Bautista de Ñeembucú,Municipalidad de San Juan Bautista de Ñeembucú,MUNICIPALIDADES
30,13,250,MUNICIPALIDADES,DEPARTAMENTO DE AMAMBAY,MUNICIPALIDAD DE KARAPAI,III - Municipalidades,Municipalidades,Karapai,Municipalidad de Karapai,MUNICIPALIDADES
22,3,1,GOBIERNOS DEPARTAMENTALES,III DEPARTAMENTO: GOBERNACION DE CORDILLERA,III DEPARTAMENTO: GOBERNACION DE CORDILLERA,II - Administración Descentralizada,Gobiernos departamentales,Gobernación de Cordillera,Gobernación de Cordillera,GOBIERNOS DEPARTAMENTALES
23,10,1,ENTES AUTONOMOS Y AUTARQUICOS,COMISION NACIONAL DE TELECOMUNICACIONES,COMISION NACIONAL DE TELECOMUNICACIONES,II - Administración Descentralizada,Entes autónomos y autárquicos,Comisión Nacional de Telecomunicaciones,Comisión Nacional de Telecomunicaciones,ENTES AUTONOMOS Y AUTARQUICOS
23,13,1,ENTES AUTONOMOS Y AUTARQUICOS,ENTE REGULADOR DE SERVICIOS SANITARIOS,ENTE REGULADOR DE SERVICIOS SANITARIOS,II - Administración Descentralizada,Entes autónomos y autárquicos,Ente Regulador de Servicios Sanitarios,Ente Regulador de Servicios Sanitarios,ENTES AUTONOMOS Y AUTARQUICOS
23,18,1,ENTES AUTONOMOS Y AUTARQUICOS,SERVICIO NACIONAL DE CALIDAD VEGETAL Y DE SEMILLA,SERVICIO NACIONAL DE CALIDAD VEGETAL Y DE SEMILLA,II - Administración Descentralizada,Entes autónomos y autárquicos,Servicio Nacional de Calidad Vegetal y de Semilla,Servicio Nacional de Calidad Vegetal y de Semilla,ENTES AUTONOMOS Y AUTARQUICOS
23,37,1,ENTES AUTONOMOS Y AUTARQUICOS,INSTITUTO NACIONAL DEL AUDIOVISUAL  PARAGUAYO,INSTITUTO NACIONAL DEL AUDIOVISUAL  PARAGUAYO,II - Administración Descentralizada,Entes autónomos y autárquicos,Instituto Nacional del Audiovisual  Paraguayo,Instituto Nacional del Audiovisual  Paraguayo,ENTES AUTONOMOS Y AUTARQUICOS
30,2,12,MUNICIPALIDADES,DEPARTAMENTO DE SAN PEDRO,MUNICIPALIDAD DE ITACURUBI  DEL ROSARIO,III - Municipalidades,Municipalidades,Itacurubí del Rosario,Municipalidad de Itacurubí del Rosario,MUNICIPALIDADES
30,3,46,MUNICIPALIDADES,DEPARTAMENTO DE CORDILLERA,MUNICIPALIDAD DE SAN JOSE OBRERO,III - Municipalidades,Municipalidades,San José Obrero,Municipalidad de San José Obrero,MUNICIPALIDADES
30,5,233,MUNICIPALIDADES,DEPARTAMENTO DE CAAGUAZU,MUNICIPALIDAD DE TEMBIAPORA,III - Municipalidades,Municipalidades,Tembiapora,Municipalidad de Tembiapora,MUNICIPALIDADES
30,6,88,MUNICIPALIDADES,DEPARTAMENTO DE CAAZAPA,MUNICIPALIDAD DE GRAL.MORINIGO,III - Municipalidades,Municipalidades,Gral.Morinigo,Municipalidad de Gral.Morinigo,MUNICIPALIDADES
30,7,119,MUNICIPALIDADES,DEPARTAMENTO DE ITAPUA,MUNICIPALIDAD DE LA PAZ,III - Municipalidades,Municipalidades,La Paz,Municipalidad de La Paz,MUNICIPALIDADES
30,8,124,MUNICIPALIDADES,DEPARTAMENTO DE MISIONES,MUNICIPALIDAD DE SAN JUAN BAUSTISTA DE LAS MISIONES,III - Municipalidades,Municipalidades,San Juan Baustista de Las Misiones,Municipalidad de San Juan Baustista de Las Misiones,MUNICIPALIDADES
30,8,125,MUNICIPALIDADES,DEPARTAMENTO DE MISIONES,MUNICIPALIDAD DE AYOLAS,III - Municipalidades,Municipalidades,Ayolas,Municipalidad de Ayolas,MUNICIPALIDADES
30,9,135,MUNICIPALIDADES,DEPARTAMENTO DE PARAGUARI,MUNICIPALIDAD DE ACAHAY,III - Municipalidades,Municipalidades,Acahay,Municipalidad de Acahay,MUNICIPALIDADES
30,9,137,MUNICIPALIDADES,DEPARTAMENTO DE PARAGUARI,MUNICIPALIDAD DE GENERAL CABALLERO,III - Municipalidades,Municipalidades,General Caballero,Municipalidad de General Caballero,MUNICIPALIDADES
30,9,147,MUNICIPALIDADES,DEPARTAMENTO DE PARAGUARI,MUNICIPALIDAD DE TEBICUARYMI,III - Municipalidades,Municipalidades,Tebicuarymí,Municipalidad de Tebicuarymí,MUNICIPALIDADES
30,9,150,MUNICIPALIDADES,DEPARTAMENTO DE PARAGUARI,MUNICIPALIDAD DE YBYTYMI,III - Municipalidades,Municipalidades,Ybytymí,Municipalidad de Ybytymí,MUNICIPALIDADES
30,12,198,MUNICIPALIDADES,DEPARTAMENTO DE ÑEEMBUCU,MUNICIPALIDAD DE LAURELES,III - Municipalidades,Municipalidades,Laureles,Municipalidad de Laureles,MUNICIPALIDADES
30,15,233,MUNICIPALIDADES,DEPARTAMENTO DE PRESIDENTE HAYES,MUNICIPALIDAD DE GENERAL JOSE MARIA BRUGUEZ,III - Municipalidades,Municipalidades,General José María Bruguez,Municipalidad de General José María Bruguez,MUNICIPALIDADES
30,16,228,MUNICIPALIDADES,DEPARTAMENTO DE BOQUERON,MUNICIPALIDAD DE MARISCAL JOSE FELIX ESTIGARRIBIA,III - Municipalidades,Municipalidades,Mariscal José Félix Estigarribia,Municipalidad de Mariscal José Félix Estigarribia,MUNICIPALIDADES
11,1,1,11-PODER LEGISLATIVO,001-CONGRESO NACIONAL,001-CONGRESO NACIONAL,I - Administración Central,Poder Legislativo,Congreso Nacional,Congreso Nacional,PODER LEGISLATIVO
11,2,1,11-PODER LEGISLATIVO,002-CAMARA DE SENADORES,002-CAMARA DE SENADORES,I - Administración Central,Poder Legislativo,Cámara de Senadores,Cámara de Senadores,PODER LEGISLATIVO
11,3,1,11-PODER LEGISLATIVO,003-CAMARA DE DIPUTADOS,003-CAMARA DE DIPUTADOS,I - Administración Central,Poder Legislativo,Cámara de Diputados,Cámara de Diputados,PODER LEGISLATIVO
12,1,1,12-PODER EJECUTIVO,001-PRESIDENCIA DE LA REPUBLICA,1-GABINETE CIVIL,I - Administración Central,Servicio civil del Ejecutivo,Gabinete Civil,Gabinete Civil,PODER EJECUTIVO
12,1,2,12-PODER EJECUTIVO,001-PRESIDENCIA DE LA REPUBLICA,2-GABINETE MILITAR,I - Administración Central,Servicio civil del Ejecutivo,Gabinete Militar,Gabinete Militar,PODER EJECUTIVO
12,1,11,12-PODER EJECUTIVO,001-PRESIDENCIA DE LA REPUBLICA,11-SECRETARIA NACIONAL ANTIDROGAS,I - Administración Central,Servicio civil del Ejecutivo,Secretaría Nacional Antidrogas,Secretaría Nacional Antidrogas,PODER EJECUTIVO
12,1,12,12-PODER EJECUTIVO,001-PRESIDENCIA DE LA REPUBLICA,12-CONSEJO DE LA DEFENSA NACIONAL,I - Administración Central,Servicio civil del Ejecutivo,Consejo de la Defensa Nacional,Consejo de la Defensa Nacional,PODER EJECUTIVO
12,1,14,12-PODER EJECUTIVO,001-PRESIDENCIA DE LA REPUBLICA,14-SRIA.DE DESARROLLO P/ REPATRIADOS Y REFUGIADOS CONNACIONALES,I - Administración Central,Servicio civil del Ejecutivo,Secretaría de Repatriados,Secretaría de Repatriados,PODER EJECUTIVO
12,1,15,12-PODER EJECUTIVO,001-PRESIDENCIA DE LA REPUBLICA,15-PROCURADURIA GENERAL DE LA REPUBLICA,I - Administración Central,Servicio civil del Ejecutivo,Procuraduría General de la República,Procuraduría General de la República,PODER EJECUTIVO
12,1,17,12-PODER EJECUTIVO,001-PRESIDENCIA DE LA REPUBLICA,17-SECRETARIA DE EMERGENCIA NACIONAL,I - Administración Central,Servicio civil del Ejecutivo,Secretaría de Emergencia Nacional,Secretaría de Emergencia Nacional,PODER EJECUTIVO
12,1,18,12-PODER EJECUTIVO,001-PRESIDENCIA DE LA REPUBLICA,18-SECRETARIA NACIONAL DE TURISMO,I - Administración Central,Servicio civil del Ejecutivo,Secretaría Nacional de Turismo,Secretaría Nacional de Turismo,PODER EJECUTIVO
12,1,20,12-PODER EJECUTIVO,001-PRESIDENCIA DE LA REPUBLICA,20-AUDITORIA GENERAL DEL PODER EJECUTIVO,I - Administración Central,Servicio civil del Ejecutivo,Auditoría General del Poder Ejecutivo,Auditoría General del Poder Ejecutivo,PODER EJECUTIVO
12,1,21,12-PODER EJECUTIVO,001-PRESIDENCIA DE LA REPUBLICA,21-SECRETARIA NACIONAL DE CULTURA,I - Administración Central,Servicio civil del Ejecutivo,Secretaría Nacional de Cultura,Secretaría Nacional de Cultura,PODER EJECUTIVO
12,1,23,12-PODER EJECUTIVO,001-PRESIDENCIA DE LA REPUBLICA,23-SECRETARIA NACIONAL DE DEPORTES,I - Administración Central,Servicio civil del Ejecutivo,Secretaría Nacional de Deportes,Secretaría Nacional de Deportes,PODER EJECUTIVO
12,1,29,12-PODER EJECUTIVO,001-PRESIDENCIA DE LA REPUBLICA,29-SECRETARIA DE POLITICAS LINGUISTICAS,I - Administración Central,Servicio civil del Ejecutivo,Secretaría de Políticas Lingüísticas,Secretaría de Políticas Lingüísticas,PODER EJECUTIVO
12,1,30,12-PODER EJECUTIVO,001-PRESIDENCIA DE LA REPUBLICA,30-SEC. NAC.POR LOS DDHH DE LAS PERS.CON DISCAPACIDAD (SENADIS),I - Administración Central,Servicio civil del Ejecutivo,SENADIS,SENADIS,PODER EJECUTIVO
12,1,36,12-PODER EJECUTIVO,001-PRESIDENCIA DE LA REPUBLICA,36-SECRETARIA DE PREVENCION DE LAVADO DE DINERO O BIENES,I - Administración Central,Servicio civil del Ejecutivo,Secretaría de Prevención de Lavado de Dinero O Bienes,Secretaría de Prevención de Lavado de Dinero O Bienes,PODER EJECUTIVO
12,1,38,12-PODER EJECUTIVO,001-PRESIDENCIA DE LA REPUBLICA,38-CONSEJO NACIONAL DE CIENCIA Y TECNOLOGIA,I - Administración Central,Servicio civil del Ejecutivo,Consejo Nacional de Ciencia y Tecnología,Consejo Nacional de Ciencia y Tecnología,PODER EJECUTIVO
12,1,40,12-PODER EJECUTIVO,001-PRESIDENCIA DE LA REPUBLICA,40-ESCRIBANIA MAYOR DE GOBIERNO,I - Administración Central,Servicio civil del Ejecutivo,Escribanía Mayor de Gobierno,Escribanía Mayor de Gobierno,PODER EJECUTIVO
12,1,50,12-PODER EJECUTIVO,001-PRESIDENCIA DE LA REPUBLICA,50-AGENCIA ESPACIAL DEL PARAGUAY,I - Administración Central,Servicio civil del Ejecutivo,Agencia Espacial del Paraguay,Agencia Espacial del Paraguay,PODER EJECUTIVO
12,1,51,12-PODER EJECUTIVO,001-PRESIDENCIA DE LA REPUBLICA,51-SECRETARIA NACIONAL DE LA JUVENTUD,I - Administración Central,Servicio civil del Ejecutivo,Secretaría Nacional de la Juventud,Secretaría Nacional de la Juventud,PODER EJECUTIVO
12,1,54,12-PODER EJECUTIVO,001-PRESIDENCIA DE LA REPUBLICA,54-SECRETARIA NAC. DE ADM. DE BIENES INCAUTADOS Y COMISADOS,I - Administración Central,Servicio civil del Ejecutivo,SENABICO,SENABICO,PODER EJECUTIVO
12,1,56,12-PODER EJECUTIVO,001-PRESIDENCIA DE LA REPUBLICA,56-ORQUESTA SINFONICA NACIONAL,I - Administración Central,Servicio civil del Ejecutivo,Orquesta Sinfónica Nacional,Orquesta Sinfónica Nacional,PODER EJECUTIVO
12,1,57,12-PODER EJECUTIVO,001-PRESIDENCIA DE LA REPUBLICA,57-ORQUESTA NACIONAL DE MUSICA POPULAR,I - Administración Central,Servicio civil del Ejecutivo,Orquesta Nacional de Música Popular,Orquesta Nacional de Música Popular,PODER EJECUTIVO
12,1,58,12-PODER EJECUTIVO,001-PRESIDENCIA DE LA REPUBLICA,58-AGENCIA NACIONAL DE ANTIDOPAJE DEL PARAGUAY,I - Administración Central,Servicio civil del Ejecutivo,Agencia Nacional de Antidopaje del Paraguay,Agencia Nacional de Antidopaje del Paraguay,PODER EJECUTIVO
12,2,1,12-PODER EJECUTIVO,002-VICEPRESIDENCIA DE LA REPUBLICA,002-VICEPRESIDENCIA DE LA REPUBLICA,I - Administración Central,Servicio civil del Ejecutivo,Vicepresidencia de la República,Vicepresidencia de la República,PODER EJECUTIVO
12,3,1,12-PODER EJECUTIVO,003-MINISTERIO DEL INTERIOR,003-MINISTERIO DEL INTERIOR,I - Administración Central,Servicio civil del Ejecutivo,Ministerio del Interior,Ministerio del Interior,PODER EJECUTIVO
12,3,2,12-PODER EJECUTIVO,003-MINISTERIO DEL INTERIOR,025-POLICIA NACIONAL,I - Administración Central,Fuerzas públicas,Policía Nacional,Policía Nacional,PODER EJECUTIVO
12,4,1,12-PODER EJECUTIVO,004-MINISTERIO DE RELACIONES EXTERIORES,004-MINISTERIO DE RELACIONES EXTERIORES,I - Administración Central,Servicio civil del Ejecutivo,Ministerio de Relaciones Exteriores,Ministerio de Relaciones Exteriores,PODER EJECUTIVO
12,5,1,12-PODER EJECUTIVO,005-MINISTERIO DE DEFENSA NACIONAL,005-MINISTERIO DE DEFENSA NACIONAL,I - Administración Central,Fuerzas públicas,Ministerio de Defensa Nacional,Ministerio de Defensa Nacional,PODER EJECUTIVO
12,6,1,12-PODER EJECUTIVO,006-MINISTERIO DE ECONOMIA Y FINANZAS,006-MINISTERIO DE ECONOMIA Y FINANZAS,I - Administración Central,Servicio civil del Ejecutivo,Ministerio de Economía y Finanzas,Ministerio de Economía y Finanzas,PODER EJECUTIVO
12,7,1,12-PODER EJECUTIVO,007-MINISTERIO DE EDUCACION Y CIENCIAS,007-MINISTERIO DE EDUCACION Y CIENCIAS,I - Administración Central,Educación,Ministerio de Educación y Ciencias,Ministerio de Educación y Ciencias,PODER EJECUTIVO
12,8,1,12-PODER EJECUTIVO,008-MINISTERIO DE SALUD PUBLICA Y BIENESTAR SOCIAL,008-MINISTERIO DE SALUD PUBLICA Y BIENESTAR SOCIAL,I - Administración Central,Salud,Ministerio de Salud Pública y Bienestar Social,Ministerio de Salud Pública y Bienestar Social,PODER EJECUTIVO
12,9,1,12-PODER EJECUTIVO,009-MINISTERIO DE JUSTICIA,009-MINISTERIO DE JUSTICIA,I - Administración Central,Servicio civil del Ejecutivo,Ministerio de Justicia,Ministerio de Justicia,PODER EJECUTIVO
12,10,1,12-PODER EJECUTIVO,010-MINISTERIO DE AGRICULTURA Y GANADERIA,010-MINISTERIO DE AGRICULTURA Y GANADERIA,I - Administración Central,Servicio civil del Ejecutivo,Ministerio de Agricultura y Ganadería,Ministerio de Agricultura y Ganadería,PODER EJECUTIVO
12,11,1,12-PODER EJECUTIVO,011-MINISTERIO DE INDUSTRIA Y COMERCIO,011-MINISTERIO DE INDUSTRIA Y COMERCIO,I - Administración Central,Servicio civil del Ejecutivo,Ministerio de Industria y Comercio,Ministerio de Industria y Comercio,PODER EJECUTIVO
12,13,1,12-PODER EJECUTIVO,013-MINISTERIO DE OBRAS PUBLICAS Y COMUNICACIONES,013-MINISTERIO DE OBRAS PUBLICAS Y COMUNICACIONES,I - Administración Central,Servicio civil del Ejecutivo,Ministerio de Obras Públicas y Comunicaciones,Ministerio de Obras Públicas y Comunicaciones,PODER EJECUTIVO
12,14,1,12-PODER EJECUTIVO,014-MINISTERIO DE LA MUJER,014-MINISTERIO DE LA MUJER,I - Administración Central,Servicio civil del Ejecutivo,Ministerio de la Mujer,Ministerio de la Mujer,PODER EJECUTIVO
12,16,1,12-PODER EJECUTIVO,"016-MINISTERIO DEL TRABAJO, EMPLEO Y SEGURIDAD SOCIAL","016-MINISTERIO DEL TRABAJO, EMPLEO Y SEGURIDAD SOCIAL",I - Administración Central,Servicio civil del Ejecutivo,"Ministerio del Trabajo, Empleo y Seguridad Social","Ministerio del Trabajo, Empleo y Seguridad Social",PODER EJECUTIVO
12,17,1,12-PODER EJECUTIVO,017-MINISTERIO DEL AMBIENTE Y DESARROLLO SOSTENIBLE,017-MINISTERIO DEL AMBIENTE Y DESARROLLO SOSTENIBLE,I - Administración Central,Servicio civil del Ejecutivo,Ministerio del Ambiente y Desarrollo Sostenible,Ministerio del Ambiente y Desarrollo Sostenible,PODER EJECUTIVO
12,18,1,12-PODER EJECUTIVO,018-MINISTERIO DE DESARROLLO SOCIAL,018-MINISTERIO DE DESARROLLO SOCIAL,I - Administración Central,Servicio civil del Ejecutivo,Ministerio de Desarrollo Social,Ministerio de Desarrollo Social,PODER EJECUTIVO
12,19,1,12-PODER EJECUTIVO,019-MINISTERIO DE URBANISMO VIVIENDA Y HABITAT,019-MINISTERIO DE URBANISMO VIVIENDA Y HABITAT,I - Administración Central,Servicio civil del Ejecutivo,Ministerio de Urbanismo Vivienda y Hábitat,Ministerio de Urbanismo Vivienda y Hábitat,PODER EJECUTIVO
12,20,1,12-PODER EJECUTIVO,020-MINISTERIO DE LA NIÑEZ Y LA ADOLESCENCIA,020-MINISTERIO DE LA NIÑEZ Y LA ADOLESCENCIA,I - Administración Central,Servicio civil del Ejecutivo,Ministerio de la Niñez y la Adolescencia,Ministerio de la Niñez y la Adolescencia,PODER EJECUTIVO
12,21,1,12-PODER EJECUTIVO,021-MINISTERIO DE TECNOLOGIAS DE LA INFORMACION Y COMUNICACION,021-MINISTERIO DE TECNOLOGIAS DE LA INFORMACION Y COMUNICACION,I - Administración Central,Servicio civil del Ejecutivo,Ministerio de Tecnologías de la Información y Comunicación,Ministerio de Tecnologías de la Información y Comunicación,PODER EJECUTIVO
13,1,1,13-PODER JUDICIAL Y ORGANISMOS AUXILIARES DE JUSTICIA,001-CORTE SUPREMA DE JUSTICIA,001-CORTE SUPREMA DE JUSTICIA,I - Administración Central,Poder Judicial,Corte Suprema de Justicia,Corte Suprema de Justicia,PODER JUDICIAL Y ORGANISMOS AUXILIARES DE JUSTICIA
13,2,1,13-PODER JUDICIAL Y ORGANISMOS AUXILIARES DE JUSTICIA,002-JUSTICIA ELECTORAL,002-JUSTICIA ELECTORAL,I - Administración Central,Poder Judicial,Justicia Electoral,Justicia Electoral,PODER JUDICIAL Y ORGANISMOS AUXILIARES DE JUSTICIA
13,3,1,13-PODER JUDICIAL Y ORGANISMOS AUXILIARES DE JUSTICIA,003-MINISTERIO PUBLICO,003-MINISTERIO PUBLICO,I - Administración Central,Poder Judicial,Ministerio Público,Ministerio Público,PODER JUDICIAL Y ORGANISMOS AUXILIARES DE JUSTICIA
13,4,1,13-PODER JUDICIAL Y ORGANISMOS AUXILIARES DE JUSTICIA,004-CONSEJO DE LA MAGISTRATURA,004-CONSEJO DE LA MAGISTRATURA,I - Administración Central,Poder Judicial,Consejo de la Magistratura,Consejo de la Magistratura,PODER JUDICIAL Y ORGANISMOS AUXILIARES DE JUSTICIA
13,5,1,13-PODER JUDICIAL Y ORGANISMOS AUXILIARES DE JUSTICIA,005-JURADO DE ENJUICIAMIENTO DE MAGISTRADOS,005-JURADO DE ENJUICIAMIENTO DE MAGISTRADOS,I - Administración Central,Poder Judicial,Jurado de Enjuiciamiento de Magistrados,Jurado de Enjuiciamiento de Magistrados,PODER JUDICIAL Y ORGANISMOS AUXILIARES DE JUSTICIA
13,6,1,13-PODER JUDICIAL Y ORGANISMOS AUXILIARES DE JUSTICIA,006-MINISTERIO DE LA DEFENSA PUBLICA,006-MINISTERIO DE LA DEFENSA PUBLICA,I - Administración Central,Poder Judicial,Ministerio de la Defensa Pública,Ministerio de la Defensa Pública,PODER JUDICIAL Y ORGANISMOS AUXILIARES DE JUSTICIA
13,7,1,13-PODER JUDICIAL Y ORGANISMOS AUXILIARES DE JUSTICIA,007-SINDICATURA GENERAL DE QUIEBRAS,007-SINDICATURA GENERAL DE QUIEBRAS,I - Administración Central,Poder Judicial,Sindicatura General de Quiebras,Sindicatura General de Quiebras,PODER JUDICIAL Y ORGANISMOS AUXILIARES DE JUSTICIA
14,1,1,14-CONTRALORIA GENERAL DE LA REPUBLICA,001-CONTRALORIA GENERAL DE LA REPUBLICA,001-CONTRALORIA GENERAL DE LA REPUBLICA,I - Administración Central,Otros organismos,Contraloría General de la República,Contraloría General de la República,CONTRALORIA GENERAL DE LA REPUBLICA
15,1,1,15-OTROS ORGANISMOS DEL ESTADO,001-DEFENSORIA DEL PUEBLO,001-DEFENSORIA DEL PUEBLO,I - Administración Central,Otros organismos,Defensoría del Pueblo,Defensoría del Pueblo,OTROS ORGANISMOS DEL ESTADO
15,2,1,15-OTROS ORGANISMOS DEL ESTADO,002-MECANISMO NACIONAL DE PREVENCION CONTRA LA TORTURA,002-MECANISMO NACIONAL DE PREVENCION CONTRA LA TORTURA,I - Administración Central,Otros organismos,Mecanismo Nacional de Prevención Contra la Tortura,Mecanismo Nacional de Prevención Contra la Tortura,OTROS ORGANISMOS DEL ESTADO
21,1,1,BANCA CENTRAL DEL ESTADO,BANCO CENTRAL DEL PARAGUAY,BANCO CENTRAL DEL PARAGUAY,II - Administración Descentralizada,Otros organismos,Banco Central del Paraguay,Banco Central del Paraguay,BANCA CENTRAL DEL ESTADO
22,1,1,GOBIERNOS DEPARTAMENTALES,I DEPARTAMENTO: GOBERNACION DE CONCEPCION,I DEPARTAMENTO: GOBERNACION DE CONCEPCION,II - Administración Descentralizada,Gobiernos departamentales,Gobernación de Concepción,Gobernación de Concepción,GOBIERNOS DEPARTAMENTALES
22,2,1,GOBIERNOS DEPARTAMENTALES,II DEPARTAMENTO: GOBERNACION DE SAN PEDRO,II DEPARTAMENTO: GOBERNACION DE SAN PEDRO,II - Administración Descentralizada,Gobiernos departamentales,Gobernación de San Pedro,Gobernación de San Pedro,GOBIERNOS DEPARTAMENTALES
22,4,1,GOBIERNOS DEPARTAMENTALES,IV DEPARTAMENTO: GOBERNACION DE GUAIRA,IV DEPARTAMENTO: GOBERNACION DE GUAIRA,II - Administración Descentralizada,Gobiernos departamentales,Gobernación de Guairá,Gobernación de Guairá,GOBIERNOS DEPARTAMENTALES
22,5,1,GOBIERNOS DEPARTAMENTALES,V DEPARTAMENTO: GOBERNACION DE CAAGUAZU,V DEPARTAMENTO: GOBERNACION DE CAAGUAZU,II - Administración Descentralizada,Gobiernos departamentales,Gobernación de Caaguazú,Gobernación de Caaguazú,GOBIERNOS DEPARTAMENTALES
22,6,1,GOBIERNOS DEPARTAMENTALES,VI DEPARTAMENTO: GOBERNACION DE CAAZAPA,VI DEPARTAMENTO: GOBERNACION DE CAAZAPA,II - Administración Descentralizada,Gobiernos departamentales,Gobernación de Caazapá,Gobernación de Caazapá,GOBIERNOS DEPARTAMENTALES
22,7,1,GOBIERNOS DEPARTAMENTALES,VII DEPARTAMENTO: GOBERNACION DE ITAPUA,VII DEPARTAMENTO: GOBERNACION DE ITAPUA,II - Administración Descentralizada,Gobiernos departamentales,Gobernación de Itapúa,Gobernación de Itapúa,GOBIERNOS DEPARTAMENTALES
22,9,1,GOBIERNOS DEPARTAMENTALES,GOBIERNO DEPARTAMENTAL DE PARAGUARI,GOBIERNO DEPARTAMENTAL DE PARAGUARI,II - Administración Descentralizada,Gobiernos departamentales,Gobernación de Paraguarí,Gobernación de Paraguarí,GOBIERNOS DEPARTAMENTALES
22,10,1,GOBIERNOS DEPARTAMENTALES,X DEPARTAMENTO: GOBERNACION DE ALTO PARANA,X DEPARTAMENTO: GOBERNACION DE ALTO PARANA,II - Administración Descentralizada,Gobiernos departamentales,Gobernación de Alto Paraná,Gobernación de Alto Paraná,GOBIERNOS DEPARTAMENTALES
22,11,1,GOBIERNOS DEPARTAMENTALES,GOBIERNO DEPARTAMENTAL DE CENTRAL,GOBIERNO DEPARTAMENTAL DE CENTRAL,II - Administración Descentralizada,Gobiernos departamentales,Gobernación de Central,Gobernación de Central,GOBIERNOS DEPARTAMENTALES
22,12,1,GOBIERNOS DEPARTAMENTALES,XII DEPARTAMENTO: GOBERNACION DE ÑEEMBUCU,XII DEPARTAMENTO: GOBERNACION DE ÑEEMBUCU,II - Administración Descentralizada,Gobiernos departamentales,Gobernación de Ñeembucú,Gobernación de Ñeembucú,GOBIERNOS DEPARTAMENTALES
22,13,1,GOBIERNOS DEPARTAMENTALES,XIII DEPARTAMENTO: GOBERNACION DE AMAMBAY,XIII DEPARTAMENTO: GOBERNACION DE AMAMBAY,II - Administración Descentralizada,Gobiernos departamentales,Gobernación de Amambay,Gobernación de Amambay,GOBIERNOS DEPARTAMENTALES
22,14,1,GOBIERNOS DEPARTAMENTALES,XIV DEPARTAMENTO: GOBERNACION DE CANINDEYU,XIV DEPARTAMENTO: GOBERNACION DE CANINDEYU,II - Administración Descentralizada,Gobiernos departamentales,Gobernación de Canindeyú,Gobernación de Canindeyú,GOBIERNOS DEPARTAMENTALES
22,15,1,GOBIERNOS DEPARTAMENTALES,XV DEPARTAMENTO: GOBERNACION DE PRESIDENTE HAYES,XV DEPARTAMENTO: GOBERNACION DE PRESIDENTE HAYES,II - Administración Descentralizada,Gobiernos departamentales,Gobernación de Presidente Hayes,Gobernación de Presidente Hayes,GOBIERNOS DEPARTAMENTALES
22,16,1,GOBIERNOS DEPARTAMENTALES,XVI DEPARTAMENTO: GOBERNACION DE BOQUERON,XVI DEPARTAMENTO: GOBERNACION DE BOQUERON,II - Administración Descentralizada,Gobiernos departamentales,Gobernación de Boquerón,Gobernación de Boquerón,GOBIERNOS DEPARTAMENTALES
22,17,1,GOBIERNOS DEPARTAMENTALES,XVII DEPARTAMENTO: GOBERNACION DE ALTO PARAGUAY,XVII DEPARTAMENTO: GOBERNACION DE ALTO PARAGUAY,II - Administración Descentralizada,Gobiernos departamentales,Gobernación de Alto Paraguay,Gobernación de Alto Paraguay,GOBIERNOS DEPARTAMENTALES
23,1,1,ENTES AUTONOMOS Y AUTARQUICOS,INSTITUTO NACIONAL DE TECNOLOGIA Y NORMALIZACION,INSTITUTO NACIONAL DE TECNOLOGIA Y NORMALIZACION,II - Administración Descentralizada,Entes autónomos y autárquicos,Instituto Nacional de Tecnología y Normalización,Instituto Nacional de Tecnología y Normalización,ENTES AUTONOMOS Y AUTARQUICOS
23,3,1,ENTES AUTONOMOS Y AUTARQUICOS,INSTITUTO NACIONAL DE DESARROLLO RURAL Y DE LA TIERRA,INSTITUTO NACIONAL DE DESARROLLO RURAL Y DE LA TIERRA,II - Administración Descentralizada,Entes autónomos y autárquicos,Instituto Nacional de Desarrollo Rural y de la Tierra,Instituto Nacional de Desarrollo Rural y de la Tierra,ENTES AUTONOMOS Y AUTARQUICOS
23,4,1,ENTES AUTONOMOS Y AUTARQUICOS,DIRECCION DE BENEFICENCIA Y AYUDA SOCIAL,DIRECCION DE BENEFICENCIA Y AYUDA SOCIAL,II - Administración Descentralizada,Entes autónomos y autárquicos,Dirección de Beneficencia y Ayuda Social,Dirección de Beneficencia y Ayuda Social,ENTES AUTONOMOS Y AUTARQUICOS
23,6,1,ENTES AUTONOMOS Y AUTARQUICOS,INSTITUTO NACIONAL DEL INDIGENA,INSTITUTO NACIONAL DEL INDIGENA,II - Administración Descentralizada,Entes autónomos y autárquicos,Instituto Nacional del Indígena,Instituto Nacional del Indígena,ENTES AUTONOMOS Y AUTARQUICOS
23,8,1,ENTES AUTONOMOS Y AUTARQUICOS,FONDO NACIONAL DE LA CULTURA Y LAS ARTES,FONDO NACIONAL DE LA CULTURA Y LAS ARTES,II - Administración Descentralizada,Entes autónomos y autárquicos,Fondo Nacional de la Cultura y las Artes,Fondo Nacional de la Cultura y las Artes,ENTES AUTONOMOS Y AUTARQUICOS
23,14,1,ENTES AUTONOMOS Y AUTARQUICOS,INSTITUTO NACIONAL DE COOPERATIVISMO,INSTITUTO NACIONAL DE COOPERATIVISMO,II - Administración Descentralizada,Entes autónomos y autárquicos,Instituto Nacional de Cooperativismo,Instituto Nacional de Cooperativismo,ENTES AUTONOMOS Y AUTARQUICOS
23,16,1,ENTES AUTONOMOS Y AUTARQUICOS,SERVICIO NACIONAL DE CALIDAD Y SALUD ANIMAL,SERVICIO NACIONAL DE CALIDAD Y SALUD ANIMAL,II - Administración Descentralizada,Entes autónomos y autárquicos,Servicio Nacional de Calidad y Salud Animal,Servicio Nacional de Calidad y Salud Animal,ENTES AUTONOMOS Y AUTARQUICOS
23,17,1,ENTES AUTONOMOS Y AUTARQUICOS,INSTITUTO PARAGUAYO DE ARTESANIA,INSTITUTO PARAGUAYO DE ARTESANIA,II - Administración Descentralizada,Entes autónomos y autárquicos,Instituto Paraguayo de Artesanía,Instituto Paraguayo de Artesanía,ENTES AUTONOMOS Y AUTARQUICOS
23,19,1,ENTES AUTONOMOS Y AUTARQUICOS,DIRECCION NACIONAL DE CONTRATACIONES PUBLICAS,DIRECCION NACIONAL DE CONTRATACIONES PUBLICAS,II - Administración Descentralizada,Entes autónomos y autárquicos,Dirección Nacional de Contrataciones Públicas,Dirección Nacional de Contrataciones Públicas,ENTES AUTONOMOS Y AUTARQUICOS
23,20,1,ENTES AUTONOMOS Y AUTARQUICOS,INSTITUTO FORESTAL NACIONAL,INSTITUTO FORESTAL NACIONAL,II - Administración Descentralizada,Entes autónomos y autárquicos,Instituto Forestal Nacional,Instituto Forestal Nacional,ENTES AUTONOMOS Y AUTARQUICOS
23,22,1,ENTES AUTONOMOS Y AUTARQUICOS,INSTITUTO PARAGUAYO DE TECNOLOGIA AGRARIA,INSTITUTO PARAGUAYO DE TECNOLOGIA AGRARIA,II - Administración Descentralizada,Entes autónomos y autárquicos,Instituto Paraguayo de Tecnología Agraria,Instituto Paraguayo de Tecnología Agraria,ENTES AUTONOMOS Y AUTARQUICOS
23,24,1,ENTES AUTONOMOS Y AUTARQUICOS,DIRECCION NACIONAL DE CORREOS DEL PARAGUAY,DIRECCION NACIONAL DE CORREOS DEL PARAGUAY,II - Administración Descentralizada,Entes autónomos y autárquicos,Dirección Nacional de Correos del Paraguay,Dirección Nacional de Correos del Paraguay,ENTES AUTONOMOS Y AUTARQUICOS
23,25,1,ENTES AUTONOMOS Y AUTARQUICOS,DIRECCION NACIONAL DE PROPIEDAD INTELECTUAL,DIRECCION NACIONAL DE PROPIEDAD INTELECTUAL,II - Administración Descentralizada,Entes autónomos y autárquicos,Dirección Nacional de Propiedad Intelectual,Dirección Nacional de Propiedad Intelectual,ENTES AUTONOMOS Y AUTARQUICOS
23,26,1,ENTES AUTONOMOS Y AUTARQUICOS,SECRETARIA DE DEFENSA DEL CONSUMIDOR Y EL USUARIO,SECRETARIA DE DEFENSA DEL CONSUMIDOR Y EL USUARIO,II - Administración Descentralizada,Entes autónomos y autárquicos,Secretaría de Defensa del Consumidor y el Usuario,Secretaría de Defensa del Consumidor y el Usuario,ENTES AUTONOMOS Y AUTARQUICOS
23,27,1,ENTES AUTONOMOS Y AUTARQUICOS,COMISION NACIONAL DE LA COMPETENCIA,COMISION NACIONAL DE LA COMPETENCIA,II - Administración Descentralizada,Entes autónomos y autárquicos,Comisión Nacional de la Competencia,Comisión Nacional de la Competencia,ENTES AUTONOMOS Y AUTARQUICOS
23,28,1,ENTES AUTONOMOS Y AUTARQUICOS,AGENCIA NACIONAL DE TRANSITO Y SEGURIDAD VIAL,AGENCIA NACIONAL DE TRANSITO Y SEGURIDAD VIAL,II - Administración Descentralizada,Entes autónomos y autárquicos,Agencia Nacional de Tránsito y Seguridad Vial,Agencia Nacional de Tránsito y Seguridad Vial,ENTES AUTONOMOS Y AUTARQUICOS
23,29,1,ENTES AUTONOMOS Y AUTARQUICOS,CONSEJO NACIONAL DE EDUCACION SUPERIOR,CONSEJO NACIONAL DE EDUCACION SUPERIOR,II - Administración Descentralizada,Entes autónomos y autárquicos,Consejo Nacional de Educación Superior,Consejo Nacional de Educación Superior,ENTES AUTONOMOS Y AUTARQUICOS
23,30,1,ENTES AUTONOMOS Y AUTARQUICOS,AGENCIA NACIONAL DE EVALUACION Y ACREDITACION DE LA EDUCACION SUPERIOR,AGENCIA NACIONAL DE EVALUACION Y ACREDITACION DE LA EDUCACION SUPERIOR,II - Administración Descentralizada,Entes autónomos y autárquicos,Agencia Nacional de Evaluación y Acreditación de la Educación Superior,Agencia Nacional de Evaluación y Acreditación de la Educación Superior,ENTES AUTONOMOS Y AUTARQUICOS
23,31,1,ENTES AUTONOMOS Y AUTARQUICOS,AUTORIDAD REGULADORA RADIOLOGICA Y NUCLEAR,AUTORIDAD REGULADORA RADIOLOGICA Y NUCLEAR,II - Administración Descentralizada,Entes autónomos y autárquicos,Autoridad Reguladora Radiológica y Nuclear,Autoridad Reguladora Radiológica y Nuclear,ENTES AUTONOMOS Y AUTARQUICOS
23,32,1,ENTES AUTONOMOS Y AUTARQUICOS,SECRETARIA NACIONAL DE INTELIGENCIA,SECRETARIA NACIONAL DE INTELIGENCIA,II - Administración Descentralizada,Entes autónomos y autárquicos,Secretaría Nacional de Inteligencia,Secretaría Nacional de Inteligencia,ENTES AUTONOMOS Y AUTARQUICOS
23,33,1,ENTES AUTONOMOS Y AUTARQUICOS,INSTITUTO SUPERIOR DE BELLAS ARTES,INSTITUTO SUPERIOR DE BELLAS ARTES,II - Administración Descentralizada,Entes autónomos y autárquicos,Instituto Superior de Bellas Artes,Instituto Superior de Bellas Artes,ENTES AUTONOMOS Y AUTARQUICOS
23,34,1,ENTES AUTONOMOS Y AUTARQUICOS,INSTITUTO NACIONAL DE EDUCACION SUPERIOR,INSTITUTO NACIONAL DE EDUCACION SUPERIOR,II - Administración Descentralizada,Entes autónomos y autárquicos,Instituto Nacional de Educación Superior,Instituto Nacional de Educación Superior,ENTES AUTONOMOS Y AUTARQUICOS
23,35,1,ENTES AUTONOMOS Y AUTARQUICOS,"DIRECCION NACIONAL DE DEFENSA, SALUD Y BIENESTAR ANIMAL","DIRECCION NACIONAL DE DEFENSA, SALUD Y BIENESTAR ANIMAL",II - Administración Descentralizada,Entes autónomos y autárquicos,"Dirección Nacional de Defensa, Salud y Bienestar Animal","Dirección Nacional de Defensa, Salud y Bienestar Animal",ENTES AUTONOMOS Y AUTARQUICOS
23,36,1,ENTES AUTONOMOS Y AUTARQUICOS,INSTITUTO NACIONAL DE ESTADISTICAS,INSTITUTO NACIONAL DE ESTADISTICAS,II - Administración Descentralizada,Entes autónomos y autárquicos,Instituto Nacional de Estadísticas,Instituto Nacional de Estadísticas,ENTES AUTONOMOS Y AUTARQUICOS
23,38,1,ENTES AUTONOMOS Y AUTARQUICOS,DIRECCION NACIONAL DE VIGILANCIA SANITARIA,DIRECCION NACIONAL DE VIGILANCIA SANITARIA,II - Administración Descentralizada,Entes autónomos y autárquicos,Dirección Nacional de Vigilancia Sanitaria,Dirección Nacional de Vigilancia Sanitaria,ENTES AUTONOMOS Y AUTARQUICOS
23,39,1,ENTES AUTONOMOS Y AUTARQUICOS,DIRECCION NACIONAL DE MIGRACIONES,DIRECCION NACIONAL DE MIGRACIONES,II - Administración Descentralizada,Entes autónomos y autárquicos,Dirección Nacional de Migraciones,Dirección Nacional de Migraciones,ENTES AUTONOMOS Y AUTARQUICOS
23,40,1,ENTES AUTONOMOS Y AUTARQUICOS,DIRECCION NACIONAL DE INGRESOS TRIBUTARIOS,DIRECCION NACIONAL DE INGRESOS TRIBUTARIOS,II - Administración Descentralizada,Entes autónomos y autárquicos,Dirección Nacional de Ingresos Tributarios,Dirección Nacional de Ingresos Tributarios,ENTES AUTONOMOS Y AUTARQUICOS
24,1,1,ENTIDADES PUBLICAS DE SEGURIDAD SOCIAL,INSTITUTO DE PREVISION SOCIAL,INSTITUTO DE PREVISION SOCIAL,II - Administración Descentralizada,Salud,Instituto de Previsión Social,Instituto de Previsión Social,ENTIDADES PUBLICAS DE SEGURIDAD SOCIAL
24,2,1,ENTIDADES PUBLICAS DE SEGURIDAD SOCIAL,CAJA DE SEGURIDAD SOCIAL DE EMPLEADOS Y OBREROS FERROVIARIOS,CAJA DE SEGURIDAD SOCIAL DE EMPLEADOS Y OBREROS FERROVIARIOS,II - Administración Descentralizada,Otros organismos,Caja de Seguridad Social de Empleados y Obreros Ferroviarios,Caja de Seguridad Social de Empleados y Obreros Ferroviarios,ENTIDADES PUBLICAS DE SEGURIDAD SOCIAL
24,4,1,ENTIDADES PUBLICAS DE SEGURIDAD SOCIAL,CAJA DE JUBILACIONES Y PENSIONES DE EMPLEADOS BANCARIOS,CAJA DE JUBILACIONES Y PENSIONES DE EMPLEADOS BANCARIOS,II - Administración Descentralizada,Otros organismos,Caja de Jubilaciones y Pensiones de Empleados Bancarios,Caja de Jubilaciones y Pensiones de Empleados Bancarios,ENTIDADES PUBLICAS DE SEGURIDAD SOCIAL
24,5,1,ENTIDADES PUBLICAS DE SEGURIDAD SOCIAL,CAJA DE JUBILACIONES Y PENSIONES DEL PERSONAL MUNICIPAL,CAJA DE JUBILACIONES Y PENSIONES DEL PERSONAL MUNICIPAL,II - Administración Descentralizada,Otros organismos,Caja de Jubilaciones y Pensiones del Personal Municipal,Caja de Jubilaciones y Pensiones del Personal Municipal,ENTIDADES PUBLICAS DE SEGURIDAD SOCIAL
25,2,1,EMPRESAS PUBLICAS,ADMINISTRACION NACIONAL DE ELECTRICIDAD,ADMINISTRACION NACIONAL DE ELECTRICIDAD,II - Administración Descentralizada,Empresas públicas,ANDE,ANDE,EMPRESAS PUBLICAS
25,4,1,EMPRESAS PUBLICAS,ADMINISTRACION NACIONAL DE NAVEGACION Y PUERTOS,ADMINISTRACION NACIONAL DE NAVEGACION Y PUERTOS,II - Administración Descentralizada,Empresas públicas,Administración Nacional de Navegación y Puertos,Administración Nacional de Navegación y Puertos,EMPRESAS PUBLICAS
25,5,1,EMPRESAS PUBLICAS,DIRECCION NACIONAL DE AERONAUTICA CIVIL,DIRECCION NACIONAL DE AERONAUTICA CIVIL,II - Administración Descentralizada,Empresas públicas,Dirección Nacional de Aeronáutica Civil,Dirección Nacional de Aeronáutica Civil,EMPRESAS PUBLICAS
25,6,1,EMPRESAS PUBLICAS,PETROLEOS PARAGUAYOS,PETROLEOS PARAGUAYOS,II - Administración Descentralizada,Empresas públicas,Petróleos Paraguayos,Petróleos Paraguayos,EMPRESAS PUBLICAS
25,7,1,EMPRESAS PUBLICAS,INDUSTRIA NACIONAL DEL CEMENTO,INDUSTRIA NACIONAL DEL CEMENTO,II - Administración Descentralizada,Empresas públicas,Industria Nacional del Cemento,Industria Nacional del Cemento,EMPRESAS PUBLICAS
27,1,1,ENTIDADES FINANCIERAS OFICIALES,BANCO NACIONAL DE FOMENTO (BNF),BANCO NACIONAL DE FOMENTO (BNF),II - Administración Descentralizada,Otros organismos,Banco Nacional de Fomento (BNF),Banco Nacional de Fomento (BNF),ENTIDADES FINANCIERAS OFICIALES
27,3,1,ENTIDADES FINANCIERAS OFICIALES,CREDITO AGRICOLA DE HABILITACION,CREDITO AGRICOLA DE HABILITACION,II - Administración Descentralizada,Otros organismos,Crédito Agrícola de Habilitación,Crédito Agrícola de Habilitación,ENTIDADES FINANCIERAS OFICIALES
27,7,1,ENTIDADES FINANCIERAS OFICIALES,AGENCIA FINANCIERA DE DESARROLLO,AGENCIA FINANCIERA DE DESARROLLO,II - Administración Descentralizada,Otros organismos,Agencia Financiera de Desarrollo,Agencia Financiera de Desarrollo,ENTIDADES FINANCIERAS OFICIALES
28,1,1,UNIVERSIDADES NACIONALES,UNIVERSIDAD NACIONAL DE ASUNCION,UNIVERSIDAD NACIONAL DE ASUNCION,II - Administración Descentralizada,Educación,Universidad Nacional de Asunción,Universidad Nacional de Asunción,UNIVERSIDADES NACIONALES
28,2,1,UNIVERSIDADES NACIONALES,UNIVERSIDAD NACIONAL DEL ESTE,UNIVERSIDAD NACIONAL DEL ESTE,II - Administración Descentralizada,Educación,Universidad Nacional del Este,Universidad Nacional del Este,UNIVERSIDADES NACIONALES
28,3,1,UNIVERSIDADES NACIONALES,UNIVERSIDAD NACIONAL DE PILAR,UNIVERSIDAD NACIONAL DE PILAR,II - Administración Descentralizada,Educación,Universidad Nacional de Pilar,Universidad Nacional de Pilar,UNIVERSIDADES NACIONALES
28,4,1,UNIVERSIDADES NACIONALES,UNIVERSIDAD NACIONAL DE ITAPUA,UNIVERSIDAD NACIONAL DE ITAPUA,II - Administración Descentralizada,Educación,Universidad Nacional de Itapúa,Universidad Nacional de Itapúa,UNIVERSIDADES NACIONALES
28,6,1,UNIVERSIDADES NACIONALES,UNIVERSIDAD NACIONAL DE VILLARRICA DEL ESPIRITU SANTO,UNIVERSIDAD NACIONAL DE VILLARRICA DEL ESPIRITU SANTO,II - Administración Descentralizada,Educación,Universidad Nacional de Villarrica del Espíritu Santo,Universidad Nacional de Villarrica del Espíritu Santo,UNIVERSIDADES NACIONALES
28,7,1,UNIVERSIDADES NACIONALES,UNIVERSIDAD NACIONAL DE CAAGUAZU,UNIVERSIDAD NACIONAL DE CAAGUAZU,II - Administración Descentralizada,Educación,Universidad Nacional de Caaguazú,Universidad Nacional de Caaguazú,UNIVERSIDADES NACIONALES
28,8,1,UNIVERSIDADES NACIONALES,UNIVERSIDAD NACIONAL DE CANINDEYU,UNIVERSIDAD NACIONAL DE CANINDEYU,II - Administración Descentralizada,Educación,Universidad Nacional de Canindeyú,Universidad Nacional de Canindeyú,UNIVERSIDADES NACIONALES
28,9,1,UNIVERSIDADES NACIONALES,UNIVERSIDAD POLITECNICA TAIWAN-PARAGUAY,UNIVERSIDAD POLITECNICA TAIWAN-PARAGUAY,II - Administración Descentralizada,Educación,Universidad Politécnica Taiwan-Paraguay,Universidad Politécnica Taiwan-Paraguay,UNIVERSIDADES NACIONALES
28,10,1,UNIVERSIDADES NACIONALES,UNIVERSIDAD NACIONAL DE MISIONES,UNIVERSIDAD NACIONAL DE MISIONES,II - Administración Descentralizada,Educación,Universidad Nacional de Misiones,Universidad Nacional de Misiones,UNIVERSIDADES NACIONALES
30,1,2,MUNICIPALIDADES,DEPARTAMENTO DE CONCEPCION,MUNICIPALIDAD DE CONCEPCION,III - Municipalidades,Municipalidades,Concepción,Municipalidad de Concepción,MUNICIPALIDADES
30,1,3,MUNICIPALIDADES,DEPARTAMENTO DE CONCEPCION,MUNICIPALIDAD DE  BELEN,III - Municipalidades,Municipalidades,Belén,Municipalidad de Belén,MUNICIPALIDADES
30,1,4,MUNICIPALIDADES,DEPARTAMENTO DE CONCEPCION,MUNICIPALIDAD DE HORQUETA,III - Municipalidades,Municipalidades,Horqueta,Municipalidad de Horqueta,MUNICIPALIDADES
30,1,5,MUNICIPALIDADES,DEPARTAMENTO DE CONCEPCION,MUNICIPALIDAD DE LORETO,III - Municipalidades,Municipalidades,Loreto,Municipalidad de Loreto,MUNICIPALIDADES
30,1,6,MUNICIPALIDADES,DEPARTAMENTO DE CONCEPCION,MUNICIPALIDAD DE SAN LAZARO,III - Municipalidades,Municipalidades,San Lázaro,Municipalidad de San Lázaro,MUNICIPALIDADES
30,1,237,MUNICIPALIDADES,DEPARTAMENTO DE CONCEPCION,MUNICIPALIDAD DE SAN CARLOS DEL APA,III - Municipalidades,Municipalidades,San Carlos del Apa,Municipalidad de San Carlos del Apa,MUNICIPALIDADES
30,1,238,MUNICIPALIDADES,DEPARTAMENTO DE CONCEPCION,MUNICIPALIDAD DE AZOTEY,III - Municipalidades,Municipalidades,Azotey,Municipalidad de Azotey,MUNICIPALIDADES
30,1,241,MUNICIPALIDADES,DEPARTAMENTO DE CONCEPCION,MUNICIPALIDAD DE SARGENTO JOSE FELIX LOPEZ,III - Municipalidades,Municipalidades,Sargento José Félix Lopez,Municipalidad de Sargento José Félix Lopez,MUNICIPALIDADES
30,1,248,MUNICIPALIDADES,DEPARTAMENTO DE CONCEPCION,MUNICIPALIDAD DE PASO BARRETO,III - Municipalidades,Municipalidades,Paso Barreto,Municipalidad de Paso Barreto,MUNICIPALIDADES
30,1,249,MUNICIPALIDADES,DEPARTAMENTO DE CONCEPCION,MUNICIPALIDAD DE SAN ALFREDO,III - Municipalidades,Municipalidades,San Alfredo,Municipalidad de San Alfredo,MUNICIPALIDADES
30,1,257,MUNICIPALIDADES,DEPARTAMENTO DE CONCEPCION,MUNICIPALIDAD DE PASO HORQUETA,III - Municipalidades,Municipalidades,Paso Horqueta,Municipalidad de Paso Horqueta,MUNICIPALIDADES
30,1,263,MUNICIPALIDADES,DEPARTAMENTO DE CONCEPCION,MUNICIPALIDAD DE ITACUA,III - Municipalidades,Municipalidades,Itacua,Municipalidad de Itacua,MUNICIPALIDADES
30,1,524,MUNICIPALIDADES,DEPARTAMENTO DE CONCEPCION,MUNICIPALIDAD DE ARROYITO,III - Municipalidades,Municipalidades,Arroyito,Municipalidad de Arroyito,MUNICIPALIDADES
30,2,10,MUNICIPALIDADES,DEPARTAMENTO DE SAN PEDRO,MUNICIPALIDAD DE CHORE,III - Municipalidades,Municipalidades,Chore,Municipalidad de Chore,MUNICIPALIDADES
30,2,13,MUNICIPALIDADES,DEPARTAMENTO DE SAN PEDRO,MUNICIPALIDAD DE LIMA,III - Municipalidades,Municipalidades,Lima,Municipalidad de Lima,MUNICIPALIDADES
30,2,14,MUNICIPALIDADES,DEPARTAMENTO DE SAN PEDRO,MUNICIPALIDAD DE NUEVA GERMANIA,III - Municipalidades,Municipalidades,Nueva Germania,Municipalidad de Nueva Germania,MUNICIPALIDADES
30,2,15,MUNICIPALIDADES,DEPARTAMENTO DE SAN PEDRO,MUNICIPALIDAD DE SAN ESTANISLAO,III - Municipalidades,Municipalidades,San Estanislao,Municipalidad de San Estanislao,MUNICIPALIDADES
30,2,16,MUNICIPALIDADES,DEPARTAMENTO DE SAN PEDRO,MUNICIPALIDAD DE YRYBUCUA,III - Municipalidades,Municipalidades,Yrybucua,Municipalidad de Yrybucua,MUNICIPALIDADES
30,2,17,MUNICIPALIDADES,DEPARTAMENTO DE SAN PEDRO,MUNICIPALIDAD DE SAN PABLO,III - Municipalidades,Municipalidades,San Pablo,Municipalidad de San Pablo,MUNICIPALIDADES
30,2,18,MUNICIPALIDADES,DEPARTAMENTO DE SAN PEDRO,MUNICIPALIDAD DE TACUATI,III - Municipalidades,Municipalidades,Tacuati,Municipalidad de Tacuati,MUNICIPALIDADES
30,2,19,MUNICIPALIDADES,DEPARTAMENTO DE SAN PEDRO,MUNICIPALIDAD DE UNION,III - Municipalidades,Municipalidades,Unión,Municipalidad de Unión,MUNICIPALIDADES
30,2,22,MUNICIPALIDADES,DEPARTAMENTO DE SAN PEDRO,MUNICIPALIDAD DE GRAL. F. RESQUIN,III - Municipalidades,Municipalidades,Gral. F. Resquin,Municipalidad de Gral. F. Resquin,MUNICIPALIDADES
30,2,23,MUNICIPALIDADES,DEPARTAMENTO DE SAN PEDRO,MUNICIPALIDAD DE YATAITY DEL NORTE,III - Municipalidades,Municipalidades,Yataity del Norte,Municipalidad de Yataity del Norte,MUNICIPALIDADES
30,2,24,MUNICIPALIDADES,DEPARTAMENTO DE SAN PEDRO,MUNICIPALIDAD DE GUAJAYVI,III - Municipalidades,Municipalidades,Guajayvi,Municipalidad de Guajayvi,MUNICIPALIDADES
30,2,25,MUNICIPALIDADES,DEPARTAMENTO DE SAN PEDRO,MUNICIPALIDAD DE CAPIIBARY,III - Municipalidades,Municipalidades,Capiibary,Municipalidad de Capiibary,MUNICIPALIDADES
30,2,26,MUNICIPALIDADES,DEPARTAMENTO DE SAN PEDRO,MUNICIPALIDAD DE SANTA ROSA DEL AGUARAY,III - Municipalidades,Municipalidades,Santa Rosa del Aguaray,Municipalidad de Santa Rosa del Aguaray,MUNICIPALIDADES
30,2,239,MUNICIPALIDADES,DEPARTAMENTO DE SAN PEDRO,MUNICIPALIDAD DE LIBERACION,III - Municipalidades,Municipalidades,Liberacion,Municipalidad de Liberacion,MUNICIPALIDADES
30,2,260,MUNICIPALIDADES,DEPARTAMENTO DE SAN PEDRO,MUNICIPALIDAD DE SAN JOSE DEL ROSARIO,III - Municipalidades,Municipalidades,San José del Rosario,Municipalidad de San José del Rosario,MUNICIPALIDADES
30,3,27,MUNICIPALIDADES,DEPARTAMENTO DE CORDILLERA,MUNICIPALIDAD DE CAACUPE,III - Municipalidades,Municipalidades,Caacupé,Municipalidad de Caacupé,MUNICIPALIDADES
30,3,28,MUNICIPALIDADES,DEPARTAMENTO DE CORDILLERA,MUNICIPALIDAD DE ALTOS,III - Municipalidades,Municipalidades,Altos,Municipalidad de Altos,MUNICIPALIDADES
30,3,31,MUNICIPALIDADES,DEPARTAMENTO DE CORDILLERA,MUNICIPALIDAD DE CARAGUATAY,III - Municipalidades,Municipalidades,Caraguatay,Municipalidad de Caraguatay,MUNICIPALIDADES
30,3,32,MUNICIPALIDADES,DEPARTAMENTO DE CORDILLERA,MUNICIPALIDAD DE EMBOSCADA,III - Municipalidades,Municipalidades,Emboscada,Municipalidad de Emboscada,MUNICIPALIDADES
30,3,33,MUNICIPALIDADES,DEPARTAMENTO DE CORDILLERA,MUNICIPALIDAD DE EUSEBIO AYALA,III - Municipalidades,Municipalidades,Eusebio Ayala,Municipalidad de Eusebio Ayala,MUNICIPALIDADES
30,3,34,MUNICIPALIDADES,DEPARTAMENTO DE CORDILLERA,MUNICIPALIDAD DE ISLA PUCU,III - Municipalidades,Municipalidades,Isla Pucu,Municipalidad de Isla Pucu,MUNICIPALIDADES
30,3,35,MUNICIPALIDADES,DEPARTAMENTO DE CORDILLERA,MUNICIPALIDAD DE ITACURUBI DE LA CORDILLERA,III - Municipalidades,Municipalidades,Itacurubí de la Cordillera,Municipalidad de Itacurubí de la Cordillera,MUNICIPALIDADES
30,3,37,MUNICIPALIDADES,DEPARTAMENTO DE CORDILLERA,MUNICIPALIDAD DE LOMA GRANDE,III - Municipalidades,Municipalidades,Loma Grande,Municipalidad de Loma Grande,MUNICIPALIDADES
30,3,38,MUNICIPALIDADES,DEPARTAMENTO DE CORDILLERA,MUNICIPALIDAD DE MBOCAYATY DEL YHAGUY,III - Municipalidades,Municipalidades,Mbocayaty del Yhaguy,Municipalidad de Mbocayaty del Yhaguy,MUNICIPALIDADES
30,3,39,MUNICIPALIDADES,DEPARTAMENTO DE CORDILLERA,MUNICIPALIDAD DE NUEVA COLOMBIA,III - Municipalidades,Municipalidades,Nueva Colombia,Municipalidad de Nueva Colombia,MUNICIPALIDADES
30,3,40,MUNICIPALIDADES,DEPARTAMENTO DE CORDILLERA,MUNICIPALIDAD DE PIRIBEBUY,III - Municipalidades,Municipalidades,Piribebuy,Municipalidad de Piribebuy,MUNICIPALIDADES
30,3,42,MUNICIPALIDADES,DEPARTAMENTO DE CORDILLERA,MUNICIPALIDAD DE SAN BERNARDINO,III - Municipalidades,Municipalidades,San Bernardino,Municipalidad de San Bernardino,MUNICIPALIDADES
30,3,43,MUNICIPALIDADES,DEPARTAMENTO DE CORDILLERA,MUNICIPALIDAD DE SANTA ELENA,III - Municipalidades,Municipalidades,Santa Elena,Municipalidad de Santa Elena,MUNICIPALIDADES
30,3,45,MUNICIPALIDADES,DEPARTAMENTO DE CORDILLERA,MUNICIPALIDAD DE VALENZUELA,III - Municipalidades,Municipalidades,Valenzuela,Municipalidad de Valenzuela,MUNICIPALIDADES
30,4,47,MUNICIPALIDADES,DEPARTAMENTO DE GUAIRA,MUNICIPALIDAD DE VILLARRICA DEL ESPIRITU SANTO,III - Municipalidades,Municipalidades,Villarrica del Espíritu Santo,Municipalidad de Villarrica del Espíritu Santo,MUNICIPALIDADES
30,4,48,MUNICIPALIDADES,DEPARTAMENTO DE GUAIRA,MUNICIPALIDAD DE BORJA,III - Municipalidades,Municipalidades,Borja,Municipalidad de Borja,MUNICIPALIDADES
30,4,49,MUNICIPALIDADES,DEPARTAMENTO DE GUAIRA,MUNICIPALIDAD DE CAPITAN MAURICIO JOSE TROCHE,III - Municipalidades,Municipalidades,Capitan Mauricio José Troche,Municipalidad de Capitan Mauricio José Troche,MUNICIPALIDADES
30,4,50,MUNICIPALIDADES,DEPARTAMENTO DE GUAIRA,MUNICIPALIDAD DE CORONEL MARTINEZ,III - Municipalidades,Municipalidades,Coronel Martínez,Municipalidad de Coronel Martínez,MUNICIPALIDADES
30,4,51,MUNICIPALIDADES,DEPARTAMENTO DE GUAIRA,MUNICIPALIDAD DE FELIX PEREZ CARDOZO,III - Municipalidades,Municipalidades,Félix Pérez Cardozo,Municipalidad de Félix Pérez Cardozo,MUNICIPALIDADES
30,4,53,MUNICIPALIDADES,DEPARTAMENTO DE GUAIRA,MUNICIPALIDAD DE INDEPENDENCIA,III - Municipalidades,Municipalidades,Independencia,Municipalidad de Independencia,MUNICIPALIDADES
30,4,54,MUNICIPALIDADES,DEPARTAMENTO DE GUAIRA,MUNICIPALIDAD DE ITAPE,III - Municipalidades,Municipalidades,Itape,Municipalidad de Itape,MUNICIPALIDADES
30,4,55,MUNICIPALIDADES,DEPARTAMENTO DE GUAIRA,MUNICIPALIDAD DE ITURBE,III - Municipalidades,Municipalidades,Iturbe,Municipalidad de Iturbe,MUNICIPALIDADES
30,4,56,MUNICIPALIDADES,DEPARTAMENTO DE GUAIRA,MUNICIPALIDAD DE JOSE A. FASSARDI,III - Municipalidades,Municipalidades,José A. Fassardi,Municipalidad de José A. Fassardi,MUNICIPALIDADES
30,4,57,MUNICIPALIDADES,DEPARTAMENTO DE GUAIRA,MUNICIPALIDAD DE MBOCAYATY DEL GUAIRA,III - Municipalidades,Municipalidades,Mbocayaty del Guairá,Municipalidad de Mbocayaty del Guairá,MUNICIPALIDADES
30,4,58,MUNICIPALIDADES,DEPARTAMENTO DE GUAIRA,MUNICIPALIDAD DE NATALICIO TALAVERA,III - Municipalidades,Municipalidades,Natalicio Talavera,Municipalidad de Natalicio Talavera,MUNICIPALIDADES
30,4,59,MUNICIPALIDADES,DEPARTAMENTO DE GUAIRA,MUNICIPALIDAD DE ÑUMI,III - Municipalidades,Municipalidades,Ñumí,Municipalidad de Ñumí,MUNICIPALIDADES
30,4,60,MUNICIPALIDADES,DEPARTAMENTO DE GUAIRA,MUNICIPALIDAD DE SAN SALVADOR,III - Municipalidades,Municipalidades,San Salvador,Municipalidad de San Salvador,MUNICIPALIDADES
30,4,61,MUNICIPALIDADES,DEPARTAMENTO DE GUAIRA,MUNICIPALIDAD DE YATAITY DEL GUAIRA,III - Municipalidades,Municipalidades,Yataity del Guairá,Municipalidad de Yataity del Guairá,MUNICIPALIDADES
30,4,62,MUNICIPALIDADES,DEPARTAMENTO DE GUAIRA,MUNICIPALIDAD DE DR. BOTRELL,III - Municipalidades,Municipalidades,Dr. Botrell,Municipalidad de Dr. Botrell,MUNICIPALIDADES
30,4,63,MUNICIPALIDADES,DEPARTAMENTO DE GUAIRA,MUNICIPALIDAD DE PASO YOBAI,III - Municipalidades,Municipalidades,Paso Yobai,Municipalidad de Paso Yobai,MUNICIPALIDADES
30,4,234,MUNICIPALIDADES,DEPARTAMENTO DE GUAIRA,MUNICIPALIDAD DE TEBICUARY,III - Municipalidades,Municipalidades,Tebicuary,Municipalidad de Tebicuary,MUNICIPALIDADES
30,5,64,MUNICIPALIDADES,DEPARTAMENTO DE CAAGUAZU,MUNICIPALIDAD DE CORONEL OVIEDO,III - Municipalidades,Municipalidades,Coronel Oviedo,Municipalidad de Coronel Oviedo,MUNICIPALIDADES
30,5,67,MUNICIPALIDADES,DEPARTAMENTO DE CAAGUAZU,MUNICIPALIDAD DE DR. CECILIO BAEZ,III - Municipalidades,Municipalidades,Dr. Cecilio Baez,Municipalidad de Dr. Cecilio Baez,MUNICIPALIDADES
30,5,68,MUNICIPALIDADES,DEPARTAMENTO DE CAAGUAZU,MUNICIPALIDAD DE SANTA.ROSA DEL MBUTUY,III - Municipalidades,Municipalidades,Santa.Rosa del Mbutuy,Municipalidad de Santa.Rosa del Mbutuy,MUNICIPALIDADES
30,5,69,MUNICIPALIDADES,DEPARTAMENTO DE CAAGUAZU,MUNICIPALIDAD DE DR. JUAN MANUEL FRUTOS,III - Municipalidades,Municipalidades,Dr. Juan Manuel Frutos,Municipalidad de Dr. Juan Manuel Frutos,MUNICIPALIDADES
30,5,70,MUNICIPALIDADES,DEPARTAMENTO DE CAAGUAZU,MUNICIPALIDAD DE REPATRIACION,III - Municipalidades,Municipalidades,Repatriación,Municipalidad de Repatriación,MUNICIPALIDADES
30,5,71,MUNICIPALIDADES,DEPARTAMENTO DE CAAGUAZU,MUNICIPALIDAD DE NUEVA LONDRES,III - Municipalidades,Municipalidades,Nueva Londres,Municipalidad de Nueva Londres,MUNICIPALIDADES
30,5,72,MUNICIPALIDADES,DEPARTAMENTO DE CAAGUAZU,MUNICIPALIDAD DE SAN JOAQUIN,III - Municipalidades,Municipalidades,San Joaquin,Municipalidad de San Joaquin,MUNICIPALIDADES
30,5,73,MUNICIPALIDADES,DEPARTAMENTO DE CAAGUAZU,MUNICIPALIDAD DE SAN JOSE DE LOS ARROYOS,III - Municipalidades,Municipalidades,San José de Los Arroyos,Municipalidad de San José de Los Arroyos,MUNICIPALIDADES
30,5,74,MUNICIPALIDADES,DEPARTAMENTO DE CAAGUAZU,MUNICIPALIDAD DE YHU,III - Municipalidades,Municipalidades,Yhú,Municipalidad de Yhú,MUNICIPALIDADES
30,5,76,MUNICIPALIDADES,DEPARTAMENTO DE CAAGUAZU,MUNICIPALIDAD DE R.I. 3 CORRALES,III - Municipalidades,Municipalidades,R.I. 3 Corrales,Municipalidad de R.I. 3 Corrales,MUNICIPALIDADES
30,5,77,MUNICIPALIDADES,DEPARTAMENTO DE CAAGUAZU,MUNICIPALIDAD DE RAUL ARSENIO OVIEDO,III - Municipalidades,Municipalidades,Raúl Arsenio Oviedo,Municipalidad de Raúl Arsenio Oviedo,MUNICIPALIDADES
30,5,79,MUNICIPALIDADES,DEPARTAMENTO DE CAAGUAZU,MUNICIPALIDAD DE MARISCAL FRANCISCO SOLANO LOPEZ,III - Municipalidades,Municipalidades,Mariscal Francisco Solano Lopez,Municipalidad de Mariscal Francisco Solano Lopez,MUNICIPALIDADES
30,5,81,MUNICIPALIDADES,DEPARTAMENTO DE CAAGUAZU,MUNICIPALIDAD DE 3 DE FEBRERO,III - Municipalidades,Municipalidades,3 de Febrero,Municipalidad de 3 de Febrero,MUNICIPALIDADES
30,5,82,MUNICIPALIDADES,DEPARTAMENTO DE CAAGUAZU,MUNICIPALIDAD DE SIMON BOLIVAR,III - Municipalidades,Municipalidades,Simón Bolívar,Municipalidad de Simón Bolívar,MUNICIPALIDADES
30,5,83,MUNICIPALIDADES,DEPARTAMENTO DE CAAGUAZU,MUNICIPALIDAD DE VAQUERIA,III - Municipalidades,Municipalidades,Vaquería,Municipalidad de Vaquería,MUNICIPALIDADES
30,6,84,MUNICIPALIDADES,DEPARTAMENTO DE CAAZAPA,MUNICIPALIDAD DE CAAZAPA,III - Municipalidades,Municipalidades,Caazapá,Municipalidad de Caazapá,MUNICIPALIDADES
30,6,85,MUNICIPALIDADES,DEPARTAMENTO DE CAAZAPA,MUNICIPALIDAD DE ABAI,III - Municipalidades,Municipalidades,Abaí,Municipalidad de Abaí,MUNICIPALIDADES
30,6,86,MUNICIPALIDADES,DEPARTAMENTO DE CAAZAPA,MUNICIPALIDAD DE BUENA VISTA,III - Municipalidades,Municipalidades,Buena Vista,Municipalidad de Buena Vista,MUNICIPALIDADES
30,6,87,MUNICIPALIDADES,DEPARTAMENTO DE CAAZAPA,MUNICIPALIDAD DE DR. MOISES BERTONI,III - Municipalidades,Municipalidades,Dr. Moises Bertoni,Municipalidad de Dr. Moises Bertoni,MUNICIPALIDADES
30,6,89,MUNICIPALIDADES,DEPARTAMENTO DE CAAZAPA,MUNICIPALIDAD DE MACIEL,III - Municipalidades,Municipalidades,Maciel,Municipalidad de Maciel,MUNICIPALIDADES
30,6,90,MUNICIPALIDADES,DEPARTAMENTO DE CAAZAPA,MUNICIPALIDAD DE SAN JUAN NEPOMUCENO,III - Municipalidades,Municipalidades,San Juan Nepomuceno,Municipalidad de San Juan Nepomuceno,MUNICIPALIDADES
30,6,92,MUNICIPALIDADES,DEPARTAMENTO DE CAAZAPA,MUNICIPALIDAD DE FULGENCIO YEGROS,III - Municipalidades,Municipalidades,Fulgencio Yegros,Municipalidad de Fulgencio Yegros,MUNICIPALIDADES
30,6,93,MUNICIPALIDADES,DEPARTAMENTO DE CAAZAPA,MUNICIPALIDAD DE YUTY,III - Municipalidades,Municipalidades,Yuty,Municipalidad de Yuty,MUNICIPALIDADES
30,7,94,MUNICIPALIDADES,DEPARTAMENTO DE ITAPUA,MUNICIPALIDAD DE ENCARNACION,III - Municipalidades,Municipalidades,Encarnación,Municipalidad de Encarnación,MUNICIPALIDADES
30,7,95,MUNICIPALIDADES,DEPARTAMENTO DE ITAPUA,MUNICIPALIDAD DE BELLA VISTA,III - Municipalidades,Municipalidades,Bella Vista,Municipalidad de Bella Vista,MUNICIPALIDADES
30,7,96,MUNICIPALIDADES,DEPARTAMENTO DE ITAPUA,MUNICIPALIDAD DE CAMBYRETA,III - Municipalidades,Municipalidades,Cambyreta,Municipalidad de Cambyreta,MUNICIPALIDADES
30,7,97,MUNICIPALIDADES,DEPARTAMENTO DE ITAPUA,MUNICIPALIDAD DE CAPITAN MEZA,III - Municipalidades,Municipalidades,Capitan Meza,Municipalidad de Capitan Meza,MUNICIPALIDADES
30,7,98,MUNICIPALIDADES,DEPARTAMENTO DE ITAPUA,MUNICIPALIDAD DE CAPITAN MIRANDA,III - Municipalidades,Municipalidades,Capitan Miranda,Municipalidad de Capitan Miranda,MUNICIPALIDADES
30,7,100,MUNICIPALIDADES,DEPARTAMENTO DE ITAPUA,MUNICIPALIDAD DE CARMEN DEL PARANA,III - Municipalidades,Municipalidades,Carmen del Paraná,Municipalidad de Carmen del Paraná,MUNICIPALIDADES
30,7,101,MUNICIPALIDADES,DEPARTAMENTO DE ITAPUA,MUNICIPALIDAD DE CORONEL BOGADO,III - Municipalidades,Municipalidades,Coronel Bogado,Municipalidad de Coronel Bogado,MUNICIPALIDADES
30,7,102,MUNICIPALIDADES,DEPARTAMENTO DE ITAPUA,MUNICIPALIDAD DE CARLOS ANTONIO LOPEZ,III - Municipalidades,Municipalidades,Carlos Antonio Lopez,Municipalidad de Carlos Antonio Lopez,MUNICIPALIDADES
30,7,103,MUNICIPALIDADES,DEPARTAMENTO DE ITAPUA,MUNICIPALIDAD DE NATALIO,III - Municipalidades,Municipalidades,Natalio,Municipalidad de Natalio,MUNICIPALIDADES
30,7,104,MUNICIPALIDADES,DEPARTAMENTO DE ITAPUA,MUNICIPALIDAD DE FRAM,III - Municipalidades,Municipalidades,Fram,Municipalidad de Fram,MUNICIPALIDADES
30,7,106,MUNICIPALIDADES,DEPARTAMENTO DE ITAPUA,MUNICIPALIDAD DE GENERAL DELGADO,III - Municipalidades,Municipalidades,General Delgado,Municipalidad de General Delgado,MUNICIPALIDADES
30,7,107,MUNICIPALIDADES,DEPARTAMENTO DE ITAPUA,MUNICIPALIDAD DE HOHENAU,III - Municipalidades,Municipalidades,Hohenau,Municipalidad de Hohenau,MUNICIPALIDADES
30,7,108,MUNICIPALIDADES,DEPARTAMENTO DE ITAPUA,MUNICIPALIDAD DE JESUS,III - Municipalidades,Municipalidades,Jesús,Municipalidad de Jesús,MUNICIPALIDADES
30,7,109,MUNICIPALIDADES,DEPARTAMENTO DE ITAPUA,MUNICIPALIDAD DE JOSE LEANDRO OVIEDO,III - Municipalidades,Municipalidades,José Leandro Oviedo,Municipalidad de José Leandro Oviedo,MUNICIPALIDADES
30,7,110,MUNICIPALIDADES,DEPARTAMENTO DE ITAPUA,MUNICIPALIDAD DE OBLIGADO,III - Municipalidades,Municipalidades,Obligado,Municipalidad de Obligado,MUNICIPALIDADES
30,7,112,MUNICIPALIDADES,DEPARTAMENTO DE ITAPUA,MUNICIPALIDAD DE SAN COSME Y SAN DAMIAN,III - Municipalidades,Municipalidades,San Cosme Y San Damian,Municipalidad de San Cosme Y San Damian,MUNICIPALIDADES
30,7,113,MUNICIPALIDADES,DEPARTAMENTO DE ITAPUA,MUNICIPALIDAD DE SAN PEDRO DEL PARANA,III - Municipalidades,Municipalidades,San Pedro del Paraná,Municipalidad de San Pedro del Paraná,MUNICIPALIDADES
30,7,114,MUNICIPALIDADES,DEPARTAMENTO DE ITAPUA,MUNICIPALIDAD DE SAN RAFAEL DEL PARANA,III - Municipalidades,Municipalidades,San Rafael del Paraná,Municipalidad de San Rafael del Paraná,MUNICIPALIDADES
30,7,115,MUNICIPALIDADES,DEPARTAMENTO DE ITAPUA,MUNICIPALIDAD DE TRINIDAD,III - Municipalidades,Municipalidades,Trinidad,Municipalidad de Trinidad,MUNICIPALIDADES
30,7,116,MUNICIPALIDADES,DEPARTAMENTO DE ITAPUA,MUNICIPALIDAD DE EDELIRA,III - Municipalidades,Municipalidades,Edelira,Municipalidad de Edelira,MUNICIPALIDADES
30,7,118,MUNICIPALIDADES,DEPARTAMENTO DE ITAPUA,MUNICIPALIDAD DE ALTO VERA,III - Municipalidades,Municipalidades,Alto Vera,Municipalidad de Alto Vera,MUNICIPALIDADES
30,7,120,MUNICIPALIDADES,DEPARTAMENTO DE ITAPUA,MUNICIPALIDAD DE YATYTAY,III - Municipalidades,Municipalidades,Yatytay,Municipalidad de Yatytay,MUNICIPALIDADES
30,7,121,MUNICIPALIDADES,DEPARTAMENTO DE ITAPUA,MUNICIPALIDAD DE SAN JUAN DEL PARANA,III - Municipalidades,Municipalidades,San Juan del Paraná,Municipalidad de San Juan del Paraná,MUNICIPALIDADES
30,7,122,MUNICIPALIDADES,DEPARTAMENTO DE ITAPUA,MUNICIPALIDAD DE PIRAPO,III - Municipalidades,Municipalidades,Pirapó,Municipalidad de Pirapó,MUNICIPALIDADES
30,8,126,MUNICIPALIDADES,DEPARTAMENTO DE MISIONES,MUNICIPALIDAD DE SAN IGNACIO GUAZU,III - Municipalidades,Municipalidades,San Ignacio Guazú,Municipalidad de San Ignacio Guazú,MUNICIPALIDADES
30,8,127,MUNICIPALIDADES,DEPARTAMENTO DE MISIONES,MUNICIPALIDAD DE SAN MIGUEL MISIONES,III - Municipalidades,Municipalidades,San Miguel Misiones,Municipalidad de San Miguel Misiones,MUNICIPALIDADES
30,8,129,MUNICIPALIDADES,DEPARTAMENTO DE MISIONES,MUNICIPALIDAD DE SANTA MARIA,III - Municipalidades,Municipalidades,Santa María,Municipalidad de Santa María,MUNICIPALIDADES
30,8,130,MUNICIPALIDADES,DEPARTAMENTO DE MISIONES,MUNICIPALIDAD DE SANTA ROSA MISIONES,III - Municipalidades,Municipalidades,Santa Rosa Misiones,Municipalidad de Santa Rosa Misiones,MUNICIPALIDADES
30,8,131,MUNICIPALIDADES,DEPARTAMENTO DE MISIONES,MUNICIPALIDAD DE SANTIAGO,III - Municipalidades,Municipalidades,Santiago,Municipalidad de Santiago,MUNICIPALIDADES
30,9,140,MUNICIPALIDADES,DEPARTAMENTO DE PARAGUARI,MUNICIPALIDAD DE LA COLMENA,III - Municipalidades,Municipalidades,La Colmena,Municipalidad de La Colmena,MUNICIPALIDADES
30,9,141,MUNICIPALIDADES,DEPARTAMENTO DE PARAGUARI,MUNICIPALIDAD DE MBUYAPEY,III - Municipalidades,Municipalidades,Mbuyapey,Municipalidad de Mbuyapey,MUNICIPALIDADES
30,9,142,MUNICIPALIDADES,DEPARTAMENTO DE PARAGUARI,MUNICIPALIDAD DE PIRAYU,III - Municipalidades,Municipalidades,Pirayu,Municipalidad de Pirayu,MUNICIPALIDADES
30,9,143,MUNICIPALIDADES,DEPARTAMENTO DE PARAGUARI,MUNICIPALIDAD DE QUIINDY,III - Municipalidades,Municipalidades,Quiindy,Municipalidad de Quiindy,MUNICIPALIDADES
30,9,144,MUNICIPALIDADES,DEPARTAMENTO DE PARAGUARI,MUNICIPALIDAD DE QUYQUYHO,III - Municipalidades,Municipalidades,Quyquyho,Municipalidad de Quyquyho,MUNICIPALIDADES
30,9,146,MUNICIPALIDADES,DEPARTAMENTO DE PARAGUARI,MUNICIPALIDAD DE SAPUCAI,III - Municipalidades,Municipalidades,Sapucai,Municipalidad de Sapucai,MUNICIPALIDADES
30,9,148,MUNICIPALIDADES,DEPARTAMENTO DE PARAGUARI,MUNICIPALIDAD DE YAGUARON,III - Municipalidades,Municipalidades,Yaguaron,Municipalidad de Yaguaron,MUNICIPALIDADES
30,9,149,MUNICIPALIDADES,DEPARTAMENTO DE PARAGUARI,MUNICIPALIDAD DE YBYCUI,III - Municipalidades,Municipalidades,Ybycuí,Municipalidad de Ybycuí,MUNICIPALIDADES
30,10,151,MUNICIPALIDADES,DEPARTAMENTO DE ALTO PARANA,MUNICIPALIDAD DE CIUDAD DEL ESTE,III - Municipalidades,Municipalidades,Ciudad del Este,Municipalidad de Ciudad del Este,MUNICIPALIDADES
30,10,152,MUNICIPALIDADES,DEPARTAMENTO DE ALTO PARANA,MUNICIPALIDAD DE PRESIDENTE FRANCO,III - Municipalidades,Municipalidades,Presidente Franco,Municipalidad de Presidente Franco,MUNICIPALIDADES
30,10,153,MUNICIPALIDADES,DEPARTAMENTO DE ALTO PARANA,MUNICIPALIDAD DE DOMINGO MARTINEZ DE IRALA,III - Municipalidades,Municipalidades,Domingo Martínez de Irala,Municipalidad de Domingo Martínez de Irala,MUNICIPALIDADES
30,10,154,MUNICIPALIDADES,DEPARTAMENTO DE ALTO PARANA,MUNICIPALIDAD DE JUAN LEON MALLORQUIN,III - Municipalidades,Municipalidades,Juan Leon Mallorquin,Municipalidad de Juan Leon Mallorquin,MUNICIPALIDADES
30,10,155,MUNICIPALIDADES,DEPARTAMENTO DE ALTO PARANA,MUNICIPALIDAD DE HERNANDARIAS,III - Municipalidades,Municipalidades,Hernandarias,Municipalidad de Hernandarias,MUNICIPALIDADES
30,10,156,MUNICIPALIDADES,DEPARTAMENTO DE ALTO PARANA,MUNICIPALIDAD DE SANTA FE DEL PARANA,III - Municipalidades,Municipalidades,Santa Fe del Paraná,Municipalidad de Santa Fe del Paraná,MUNICIPALIDADES
30,10,157,MUNICIPALIDADES,DEPARTAMENTO DE ALTO PARANA,MUNICIPALIDAD DE ITAKYRY,III - Municipalidades,Municipalidades,Itakyry,Municipalidad de Itakyry,MUNICIPALIDADES
30,10,158,MUNICIPALIDADES,DEPARTAMENTO DE ALTO PARANA,MUNICIPALIDAD DE JUAN E. O'LEARY,III - Municipalidades,Municipalidades,Juan E. O'Leary,Municipalidad de Juan E. O'Leary,MUNICIPALIDADES
30,10,159,MUNICIPALIDADES,DEPARTAMENTO DE ALTO PARANA,MUNICIPALIDAD DE ÑACUNDAY,III - Municipalidades,Municipalidades,Ñacunday,Municipalidad de Ñacunday,MUNICIPALIDADES
30,10,160,MUNICIPALIDADES,DEPARTAMENTO DE ALTO PARANA,MUNICIPALIDAD DE YGUAZU,III - Municipalidades,Municipalidades,Yguazú,Municipalidad de Yguazú,MUNICIPALIDADES
30,10,161,MUNICIPALIDADES,DEPARTAMENTO DE ALTO PARANA,MUNICIPALIDAD DE LOS CEDRALES,III - Municipalidades,Municipalidades,Los Cedrales,Municipalidad de Los Cedrales,MUNICIPALIDADES
30,10,162,MUNICIPALIDADES,DEPARTAMENTO DE ALTO PARANA,MUNICIPALIDAD DE MINGA GUAZU,III - Municipalidades,Municipalidades,Minga Guazú,Municipalidad de Minga Guazú,MUNICIPALIDADES
30,10,163,MUNICIPALIDADES,DEPARTAMENTO DE ALTO PARANA,MUNICIPALIDAD DE SAN CRISTOBAL,III - Municipalidades,Municipalidades,San Cristobal,Municipalidad de San Cristobal,MUNICIPALIDADES
30,10,164,MUNICIPALIDADES,DEPARTAMENTO DE ALTO PARANA,MUNICIPALIDAD DE SANTA RITA,III - Municipalidades,Municipalidades,Santa Rita,Municipalidad de Santa Rita,MUNICIPALIDADES
30,10,165,MUNICIPALIDADES,DEPARTAMENTO DE ALTO PARANA,MUNICIPALIDAD DE NARANJAL,III - Municipalidades,Municipalidades,Naranjal,Municipalidad de Naranjal,MUNICIPALIDADES
30,10,166,MUNICIPALIDADES,DEPARTAMENTO DE ALTO PARANA,MUNICIPALIDAD DE STA. ROSA DEL MONDAY,III - Municipalidades,Municipalidades,Sta. Rosa del Monday,Municipalidad de Sta. Rosa del Monday,MUNICIPALIDADES
30,10,167,MUNICIPALIDADES,DEPARTAMENTO DE ALTO PARANA,MUNICIPALIDAD DE MINGA PORA,III - Municipalidades,Municipalidades,Minga Pora,Municipalidad de Minga Pora,MUNICIPALIDADES
30,10,170,MUNICIPALIDADES,DEPARTAMENTO DE ALTO PARANA,MUNICIPALIDAD DE IRUÑA,III - Municipalidades,Municipalidades,Iruña,Municipalidad de Iruña,MUNICIPALIDADES
30,10,240,MUNICIPALIDADES,DEPARTAMENTO DE ALTO PARANA,MUNICIPALIDAD DE TAVAPY,III - Municipalidades,Municipalidades,Tavapy,Municipalidad de Tavapy,MUNICIPALIDADES
30,10,246,MUNICIPALIDADES,DEPARTAMENTO DE ALTO PARANA,MUNICIPALIDAD DE DR. RAUL PENA,III - Municipalidades,Municipalidades,Dr. Raúl Pena,Municipalidad de Dr. Raúl Pena,MUNICIPALIDADES
30,11,171,MUNICIPALIDADES,DEPARTAMENTO DE CENTRAL,MUNICIPALIDAD DE AREGUA,III - Municipalidades,Municipalidades,Areguá,Municipalidad de Areguá,MUNICIPALIDADES
30,11,172,MUNICIPALIDADES,DEPARTAMENTO DE CENTRAL,MUNICIPALIDAD DE CAPIATA,III - Municipalidades,Municipalidades,Capiatá,Municipalidad de Capiatá,MUNICIPALIDADES
30,11,173,MUNICIPALIDADES,DEPARTAMENTO DE CENTRAL,MUNICIPALIDAD DE FERNANDO DE LA MORA,III - Municipalidades,Municipalidades,Fernando de la Mora,Municipalidad de Fernando de la Mora,MUNICIPALIDADES
30,11,174,MUNICIPALIDADES,DEPARTAMENTO DE CENTRAL,MUNICIPALIDAD DE GUARAMBARE,III - Municipalidades,Municipalidades,Guarambaré,Municipalidad de Guarambaré,MUNICIPALIDADES
30,11,175,MUNICIPALIDADES,DEPARTAMENTO DE CENTRAL,MUNICIPALIDAD DE ITA,III - Municipalidades,Municipalidades,Itá,Municipalidad de Itá,MUNICIPALIDADES
30,11,176,MUNICIPALIDADES,DEPARTAMENTO DE CENTRAL,MUNICIPALIDAD DE ITAUGUA,III - Municipalidades,Municipalidades,Itauguá,Municipalidad de Itauguá,MUNICIPALIDADES
30,11,177,MUNICIPALIDADES,DEPARTAMENTO DE CENTRAL,MUNICIPALIDAD DE LAMBARE,III - Municipalidades,Municipalidades,Lambaré,Municipalidad de Lambaré,MUNICIPALIDADES
30,11,178,MUNICIPALIDADES,DEPARTAMENTO DE CENTRAL,MUNICIPALIDAD DE LIMPIO,III - Municipalidades,Municipalidades,Limpio,Municipalidad de Limpio,MUNICIPALIDADES
30,11,179,MUNICIPALIDADES,DEPARTAMENTO DE CENTRAL,MUNICIPALIDAD DE LUQUE,III - Municipalidades,Municipalidades,Luque,Municipalidad de Luque,MUNICIPALIDADES
30,11,180,MUNICIPALIDADES,DEPARTAMENTO DE CENTRAL,MUNICIPALIDAD DE MARIANO ROQUE ALONSO,III - Municipalidades,Municipalidades,Mariano Roque Alonso,Municipalidad de Mariano Roque Alonso,MUNICIPALIDADES
30,11,181,MUNICIPALIDADES,DEPARTAMENTO DE CENTRAL,MUNICIPALIDAD DE NUEVA ITALIA,III - Municipalidades,Municipalidades,Nueva Italia,Municipalidad de Nueva Italia,MUNICIPALIDADES
30,11,182,MUNICIPALIDADES,DEPARTAMENTO DE CENTRAL,MUNICIPALIDAD DE ÑEMBY,III - Municipalidades,Municipalidades,Ñemby,Municipalidad de Ñemby,MUNICIPALIDADES
30,11,183,MUNICIPALIDADES,DEPARTAMENTO DE CENTRAL,MUNICIPALIDAD DE SAN ANTONIO,III - Municipalidades,Municipalidades,San Antonio,Municipalidad de San Antonio,MUNICIPALIDADES
30,11,184,MUNICIPALIDADES,DEPARTAMENTO DE CENTRAL,MUNICIPALIDAD DE SAN LORENZO,III - Municipalidades,Municipalidades,San Lorenzo,Municipalidad de San Lorenzo,MUNICIPALIDADES
30,11,185,MUNICIPALIDADES,DEPARTAMENTO DE CENTRAL,MUNICIPALIDAD DE VILLA ELISA,III - Municipalidades,Municipalidades,Villa Elisa,Municipalidad de Villa Elisa,MUNICIPALIDADES
30,11,186,MUNICIPALIDADES,DEPARTAMENTO DE CENTRAL,MUNICIPALIDAD DE VILLETA,III - Municipalidades,Municipalidades,Villeta,Municipalidad de Villeta,MUNICIPALIDADES
30,11,188,MUNICIPALIDADES,DEPARTAMENTO DE CENTRAL,MUNICIPALIDAD DE YPANE,III - Municipalidades,Municipalidades,Ypané,Municipalidad de Ypané,MUNICIPALIDADES
30,12,191,MUNICIPALIDADES,DEPARTAMENTO DE ÑEEMBUCU,MUNICIPALIDAD DE ALBERDI,III - Municipalidades,Municipalidades,Alberdi,Municipalidad de Alberdi,MUNICIPALIDADES
30,12,192,MUNICIPALIDADES,DEPARTAMENTO DE ÑEEMBUCU,MUNICIPALIDAD DE CERRITO,III - Municipalidades,Municipalidades,Cerrito,Municipalidad de Cerrito,MUNICIPALIDADES
30,12,195,MUNICIPALIDADES,DEPARTAMENTO DE ÑEEMBUCU,MUNICIPALIDAD DE GUAZU CUA,III - Municipalidades,Municipalidades,Guazú Cua,Municipalidad de Guazú Cua,MUNICIPALIDADES
30,12,196,MUNICIPALIDADES,DEPARTAMENTO DE ÑEEMBUCU,MUNICIPALIDAD DE HUMAITA,III - Municipalidades,Municipalidades,Humaitá,Municipalidad de Humaitá,MUNICIPALIDADES
30,12,197,MUNICIPALIDADES,DEPARTAMENTO DE ÑEEMBUCU,MUNICIPALIDAD DE ISLA UMBU,III - Municipalidades,Municipalidades,Isla Umbú,Municipalidad de Isla Umbú,MUNICIPALIDADES
30,12,200,MUNICIPALIDADES,DEPARTAMENTO DE ÑEEMBUCU,MUNICIPALIDAD DE PASO DE PATRIA,III - Municipalidades,Municipalidades,Paso de Patria,Municipalidad de Paso de Patria,MUNICIPALIDADES
30,12,202,MUNICIPALIDADES,DEPARTAMENTO DE ÑEEMBUCU,MUNICIPALIDAD DE TACUARAS,III - Municipalidades,Municipalidades,Tacuaras,Municipalidad de Tacuaras,MUNICIPALIDADES
30,12,203,MUNICIPALIDADES,DEPARTAMENTO DE ÑEEMBUCU,MUNICIPALIDAD DE VILLA FRANCA,III - Municipalidades,Municipalidades,Villa Franca,Municipalidad de Villa Franca,MUNICIPALIDADES
30,12,205,MUNICIPALIDADES,DEPARTAMENTO DE ÑEEMBUCU,MUNICIPALIDAD DE VILLALBIN,III - Municipalidades,Municipalidades,Villalbin,Municipalidad de Villalbin,MUNICIPALIDADES
30,13,206,MUNICIPALIDADES,DEPARTAMENTO DE AMAMBAY,MUNICIPALIDAD DE PEDRO J. CABALLERO,III - Municipalidades,Municipalidades,Pedro Juan Caballero,Municipalidad de Pedro Juan Caballero,MUNICIPALIDADES
30,13,207,MUNICIPALIDADES,DEPARTAMENTO DE AMAMBAY,MUNICIPALIDAD DE BELLA VISTA - NORTE,III - Municipalidades,Municipalidades,Bella Vista - Norte,Municipalidad de Bella Vista - Norte,MUNICIPALIDADES
30,13,208,MUNICIPALIDADES,DEPARTAMENTO DE AMAMBAY,MUNICIPALIDAD DE CAPITAN BADO,III - Municipalidades,Municipalidades,Capitan Bado,Municipalidad de Capitan Bado,MUNICIPALIDADES
30,13,242,MUNICIPALIDADES,DEPARTAMENTO DE AMAMBAY,MUNICIPALIDAD DE ZANJA PYTA,III - Municipalidades,Municipalidades,Zanja Pyta,Municipalidad de Zanja Pyta,MUNICIPALIDADES
30,14,209,MUNICIPALIDADES,DEPARTAMENTO DE CANINDEYU,MUNICIPALIDAD DE SALTO DEL GUAIRA,III - Municipalidades,Municipalidades,Salto del Guairá,Municipalidad de Salto del Guairá,MUNICIPALIDADES
30,14,210,MUNICIPALIDADES,DEPARTAMENTO DE CANINDEYU,MUNICIPALIDAD DE CORPUS CHRISTI,III - Municipalidades,Municipalidades,Corpus Christi,Municipalidad de Corpus Christi,MUNICIPALIDADES
30,14,211,MUNICIPALIDADES,DEPARTAMENTO DE CANINDEYU,MUNICIPALIDAD DE VILLA CURUGUATY,III - Municipalidades,Municipalidades,Villa Curuguaty,Municipalidad de Villa Curuguaty,MUNICIPALIDADES
30,14,212,MUNICIPALIDADES,DEPARTAMENTO DE CANINDEYU,MUNICIPALIDAD DE YASY CAÑY,III - Municipalidades,Municipalidades,Yasy Cañy,Municipalidad de Yasy Cañy,MUNICIPALIDADES
30,14,213,MUNICIPALIDADES,DEPARTAMENTO DE CANINDEYU,MUNICIPALIDAD DE VILLA YGATIMI,III - Municipalidades,Municipalidades,Villa Ygatimí,Municipalidad de Villa Ygatimí,MUNICIPALIDADES
30,14,214,MUNICIPALIDADES,DEPARTAMENTO DE CANINDEYU,MUNICIPALIDAD DE ITANARA,III - Municipalidades,Municipalidades,Itanara,Municipalidad de Itanara,MUNICIPALIDADES
30,14,215,MUNICIPALIDADES,DEPARTAMENTO DE CANINDEYU,MUNICIPALIDAD DE YPE JHU,III - Municipalidades,Municipalidades,Ype Jhu,Municipalidad de Ype Jhu,MUNICIPALIDADES
30,14,216,MUNICIPALIDADES,DEPARTAMENTO DE CANINDEYU,MUNICIPALIDAD DE GENERAL FRANCISCO CABALLERO ALVAREZ,III - Municipalidades,Municipalidades,General Francisco Caballero Alvarez,Municipalidad de General Francisco Caballero Alvarez,MUNICIPALIDADES
30,14,217,MUNICIPALIDADES,DEPARTAMENTO DE CANINDEYU,MUNICIPALIDAD DE KATUETE,III - Municipalidades,Municipalidades,Katueté,Municipalidad de Katueté,MUNICIPALIDADES
30,14,218,MUNICIPALIDADES,DEPARTAMENTO DE CANINDEYU,MUNICIPALIDAD DE LA PALOMA,III - Municipalidades,Municipalidades,La Paloma,Municipalidad de La Paloma,MUNICIPALIDADES
30,14,219,MUNICIPALIDADES,DEPARTAMENTO DE CANINDEYU,MUNICIPALIDAD DE NUEVA ESPERANZA,III - Municipalidades,Municipalidades,Nueva Esperanza,Municipalidad de Nueva Esperanza,MUNICIPALIDADES
30,14,244,MUNICIPALIDADES,DEPARTAMENTO DE CANINDEYU,MUNICIPALIDAD DE YVYRAROBANA,III - Municipalidades,Municipalidades,Yvyrarobana,Municipalidad de Yvyrarobana,MUNICIPALIDADES
30,14,247,MUNICIPALIDADES,DEPARTAMENTO DE CANINDEYU,MUNICIPALIDAD DE YBY PYTA,III - Municipalidades,Municipalidades,Yby Pyta,Municipalidad de Yby Pyta,MUNICIPALIDADES
30,14,251,MUNICIPALIDADES,DEPARTAMENTO DE CANINDEYU,MUNICIPALIDAD DE MARACANA,III - Municipalidades,Municipalidades,Maracana,Municipalidad de Maracana,MUNICIPALIDADES
30,14,255,MUNICIPALIDADES,DEPARTAMENTO DE CANINDEYU,MUNICIPALIDAD DE PUERTO ADELA,III - Municipalidades,Municipalidades,Puerto Adela,Municipalidad de Puerto Adela,MUNICIPALIDADES
30,14,256,MUNICIPALIDADES,DEPARTAMENTO DE CANINDEYU,MUNICIPALIDAD DE LAUREL,III - Municipalidades,Municipalidades,Laurel,Municipalidad de Laurel,MUNICIPALIDADES
30,15,220,MUNICIPALIDADES,DEPARTAMENTO DE PRESIDENTE HAYES,MUNICIPALIDAD DE BENJAMIN ACEVAL,III - Municipalidades,Municipalidades,Benjamin Aceval,Municipalidad de Benjamin Aceval,MUNICIPALIDADES
30,15,221,MUNICIPALIDADES,DEPARTAMENTO DE PRESIDENTE HAYES,MUNICIPALIDAD DE PUERTO PINASCO,III - Municipalidades,Municipalidades,Puerto Pinasco,Municipalidad de Puerto Pinasco,MUNICIPALIDADES
30,15,222,MUNICIPALIDADES,DEPARTAMENTO DE PRESIDENTE HAYES,MUNICIPALIDAD DE VILLA HAYES,III - Municipalidades,Municipalidades,Villa Hayes,Municipalidad de Villa Hayes,MUNICIPALIDADES
30,15,223,MUNICIPALIDADES,DEPARTAMENTO DE PRESIDENTE HAYES,MUNICIPALIDAD DE NANAWA,III - Municipalidades,Municipalidades,Nanawa,Municipalidad de Nanawa,MUNICIPALIDADES
30,15,224,MUNICIPALIDADES,DEPARTAMENTO DE PRESIDENTE HAYES,MUNICIPALIDAD DE JOSE FALCON,III - Municipalidades,Municipalidades,José Falcon,Municipalidad de José Falcon,MUNICIPALIDADES
30,15,229,MUNICIPALIDADES,DEPARTAMENTO DE PRESIDENTE HAYES,MUNICIPALIDAD DE TTE. 1RO. MANUEL IRALA FERNANDEZ,III - Municipalidades,Municipalidades,Tte. 1Ro. Manuel Irala Fernandez,Municipalidad de Tte. 1Ro. Manuel Irala Fernandez,MUNICIPALIDADES
30,15,232,MUNICIPALIDADES,DEPARTAMENTO DE PRESIDENTE HAYES,MUNICIPALIDAD DE TENIENTE ESTEBAN MARTINEZ,III - Municipalidades,Municipalidades,Teniente Esteban Martínez,Municipalidad de Teniente Esteban Martínez,MUNICIPALIDADES
30,15,258,MUNICIPALIDADES,DEPARTAMENTO DE PRESIDENTE HAYES,MUNICIPALIDAD DE CAMPO ACEVAL,III - Municipalidades,Municipalidades,Campo Aceval,Municipalidad de Campo Aceval,MUNICIPALIDADES
30,15,262,MUNICIPALIDADES,DEPARTAMENTO DE PRESIDENTE HAYES,MUNICIPALIDAD DE NUEVA ASUNCION,III - Municipalidades,Municipalidades,Nueva Asunción,Municipalidad de Nueva Asunción,MUNICIPALIDADES
30,16,230,MUNICIPALIDADES,DEPARTAMENTO DE BOQUERON,MUNICIPALIDAD DE FILADELFIA,III - Municipalidades,Municipalidades,Filadelfia,Municipalidad de Filadelfia,MUNICIPALIDADES
30,16,231,MUNICIPALIDADES,DEPARTAMENTO DE BOQUERON,MUNICIPALIDAD DE LOMA PLATA,III - Municipalidades,Municipalidades,Loma Plata,Municipalidad de Loma Plata,MUNICIPALIDADES
30,16,261,MUNICIPALIDADES,DEPARTAMENTO DE BOQUERON,MUNICIPALIDAD DE BOQUERON,III - Municipalidades,Municipalidades,Boquerón,Municipalidad de Boquerón,MUNICIPALIDADES
30,17,226,MUNICIPALIDADES,DEPARTAMENTO DE ALTO PARAGUAY,MUNICIPALIDAD DE LA VICTORIA,III - Municipalidades,Municipalidades,La Victoria,Municipalidad de La Victoria,MUNICIPALIDADES
30,17,227,MUNICIPALIDADES,DEPARTAMENTO DE ALTO PARAGUAY,MUNICIPALIDAD DE BAHIA NEGRA,III - Municipalidades,Municipalidades,Bahía Negra,Municipalidad de Bahía Negra,MUNICIPALIDADES
30,17,235,MUNICIPALIDADES,DEPARTAMENTO DE ALTO PARAGUAY,MUNICIPALIDAD DE CARMELO PERALTA,III - Municipalidades,Municipalidades,Carmelo Peralta,Municipalidad de Carmelo Peralta,MUNICIPALIDADES
40,1,1,SOCIEDADES ANONIMAS CON PARTICIPACION ACCIONARIA DEL ESTADO,COMPAÑIA PARAGUAYA DE COMUNICACIONES S.A.,COMPAÑIA PARAGUAYA DE COMUNICACIONES S.A.,IV - Sociedades Anónimas del Estado,SA del Estado,Compañía Paraguaya de Comunicaciones S.A.,Compañía Paraguaya de Comunicaciones S.A.,SOCIEDADES ANONIMAS CON PARTICIPACION ACCIONARIA DEL ESTADO
40,2,1,SOCIEDADES ANONIMAS CON PARTICIPACION ACCIONARIA DEL ESTADO,EMPRESA DE SERVICIOS SANITARIOS DEL PARAGUAY S.A.,EMPRESA DE SERVICIOS SANITARIOS DEL PARAGUAY S.A.,IV - Sociedades Anónimas del Estado,SA del Estado,Empresa de Servicios Sanitarios del Paraguay S.A.,Empresa de Servicios Sanitarios del Paraguay S.A.,SOCIEDADES ANONIMAS CON PARTICIPACION ACCIONARIA DEL ESTADO
40,3,1,SOCIEDADES ANONIMAS CON PARTICIPACION ACCIONARIA DEL ESTADO,CAÑAS PARAGUAYAS S.A.,CAÑAS PARAGUAYAS S.A.,IV - Sociedades Anónimas del Estado,SA del Estado,Cañas Paraguayas S.A.,Cañas Paraguayas S.A.,SOCIEDADES ANONIMAS CON PARTICIPACION ACCIONARIA DEL ESTADO
