anho,ipc,salario_minimo,iss_general,iss_junio,deflactor_2025
2010,5346.170454545456,1458174.0,208.35000000000002,203.9,1.9028806201550386
2011,5787.441666666669,1620545.0,228.85000000000002,226.3,1.7577929482370587
2012,6000.183333333337,1658232.0,239.5,237.4,1.695468885672937
2013,6161.2196969697,1658232.0,251.45,249.2,1.6511542600896856
2014,6471.056818181821,1796417.8333333333,264.8,264.8,1.5720962488563583
2015,6673.536363636365,1824055.0,276.6,274.3,1.5243977998580551
2016,6946.271969696974,1835759.3333333333,290.4,286.0,1.4645444627535649
2017,7196.509848484852,2002815.0,301.95,298.9,1.4136191520868748
2018,7482.615025000004,2076842.5,318.95,314.7,1.3595680274891593
2019,7688.918000000005,2152700.5,330.85,328.0,1.3230891719745217
2020,7824.820850000004,2192839.0,336.45000000000005,335.6,1.3001095290251912
2021,8199.471950000003,2241081.5,350.35,344.8,1.2407047931909807
2022,9000.196850000002,2419815.5,371.45000000000005,362.6,1.1303224051149503
2023,9417.088025000003,2615340.0,392.15,386.0,1.0802834297601247
2024,9778.271275000001,2739341.0,408.6,402.8,1.0403806423339386
2025,10173.124150000001,2848678.5,420.7,420.7,1.0
2026,10362.592312500004,2935286.0,,,0.9817161423718798
