anho,fisher,laspeyres,paasche,cobertura_pct,celdas,ipc,fisher_real,var,var_real,sueldo_medio,var_sueldo_medio,efecto_composicion_pp,ratio_b_g,p90_p10
2016,65.47540233256979,64.32662282058405,66.64469736844428,,1046,6946.271969696974,95.8916379327269,,,3449434.017862993,,,2.7803329461866046,2.143644166275471
2017,66.69714308958507,65.55151641531026,67.86279158102874,99.15060960410148,1016,7196.509848484852,94.2843588609162,1.865953798664255,-1.6761410133991905,3513405.0804855996,1.85453794133561,-0.011415857328644918,2.8116402958426923,2.298016603372972
2018,75.6521693781926,74.58425886609488,76.73537042047978,99.62178294972543,1034,7482.615025000004,102.85427069678506,13.42640160250863,9.08943109907634,3997614.7696331036,13.781778020329494,0.3553764178208638,3.0311406361368496,2.1621422827789543
2019,81.06334515438508,80.28166638811359,81.85263489488183,98.66893680876699,1029,7688.918000000005,107.25403421780018,7.1527040409660625,4.277667316300016,4290853.395098513,7.335339755419268,0.18263571445320537,3.1784188034188032,2.11853076556577
2020,83.17238202426476,82.40013365339183,83.95186785362081,99.98054194292303,1089,7824.820850000004,108.13320642147012,2.601714579953529,0.8197101489764158,4408269.229687951,2.7364214942315,0.1347069142779711,3.144942825915396,2.1280853676717992
2021,82.6544030876815,82.56371594535611,82.74518983983783,99.84393947003997,1087,8199.471950000003,102.54971408922582,-0.6227775662745239,-5.163531644924646,4419738.875607201,0.260184787308515,0.8829623535830389,3.4098360655737703,2.1158473765926074
2022,86.36211604858403,86.3306271364638,86.39361644621782,99.7755842823506,1047,9000.196850000002,97.61703472285193,4.4858021138562965,-4.810037170929693,4659003.770144872,5.413552729510518,0.9277506156542215,3.2595223505384294,2.0655637251102434
2023,90.54515433909071,90.44223537832822,90.64819041673388,98.71962037492251,1075,9417.088025000005,97.81442987759272,4.843603285673859,0.20221384034171397,4980384.943537182,6.898066394617164,2.054463108943305,3.140063566410171,2.040963651223928
2024,94.99005754372367,94.94978902093273,95.03034314452971,98.49741865134678,1066,9778.271275,98.825817082677,4.909045919770416,1.0339856873366804,5250754.353801799,5.428684997842637,0.5196390780722204,3.1524675057200655,2.099969672140936
2025,100.0,100.0,100.0,99.38165860183864,1087,10173.12415,100.0,5.274175619875021,1.1881337812169823,5481881.85410965,4.401796098888222,-0.872379520986799,3.027025208489979,2.3315456388687212
2026,103.2489050153325,103.35900215607529,103.13892514913907,99.91238734302732,1052,10362.592312500004,101.36111673577284,3.248905015332504,1.3611167357728382,5705599.088750263,4.081029846947493,0.8321248316149887,3.048945316311233,2.3716271443248176
