anho,sector,fisher,cobertura_pct,celdas,var
2016,Educación,48.20336962068566,,87,
2017,Educación,51.31644469635641,99.99830588873078,84,6.45821049475932
2018,Educación,59.78144278935693,99.99915059161295,82,16.49568309552347
2019,Educación,68.55493086235093,99.18455378164258,81,14.675938993155203
2020,Educación,71.03392718806464,99.99826832330405,86,3.616072971747575
2021,Educación,71.45987493148499,99.99912948857454,86,0.5996398626428867
2022,Educación,78.49506974016595,99.99912851752116,76,9.844958188670528
2023,Educación,85.61175379166565,99.93340343498072,64,9.066408979643326
2024,Educación,90.78518846374308,97.97748390791824,65,6.042902338698575
2025,Educación,100.0,99.92307107049564,92,10.15012657041192
2026,Educación,104.73257885925935,99.94909343899273,87,4.732578859259351
2016,Empresas públicas,74.16727410770284,,38,
2017,Empresas públicas,73.7381356961388,100.0,38,-0.5786088496940844
2018,Empresas públicas,91.88774470008522,100.0,32,24.613598964228768
2019,Empresas públicas,89.02446877690326,100.0,32,-3.1160585478808733
2020,Empresas públicas,88.66204255786126,100.0,32,-0.40710854445000777
2021,Empresas públicas,94.0246700006135,99.98784046692607,32,6.048391496566929
2022,Empresas públicas,94.93111147616555,100.0,32,0.9640464311612584
2023,Empresas públicas,99.22985501898157,99.98825463941743,30,4.528276848307322
2024,Empresas públicas,100.88539988267458,100.0,30,1.668393915698374
2025,Empresas públicas,100.0,99.98727897214094,30,-0.8776293534091706
2026,Empresas públicas,100.75128174159349,100.0,28,0.7512817415934903
2016,Entes autónomos y autárquicos,81.92004581650905,,135,
2017,Entes autónomos y autárquicos,81.89630602635894,92.11444521981856,135,-0.02897921981547258
2018,Entes autónomos y autárquicos,85.20184923528998,99.50179905895378,144,4.036254343226586
2019,Entes autónomos y autárquicos,85.58992727513622,93.71413319097825,141,0.45548077105055373
2020,Entes autónomos y autárquicos,85.7595332684157,99.83844911147011,154,0.19816116064015343
2021,Entes autónomos y autárquicos,86.70667469972922,98.02408986331032,156,1.1044153287881109
2022,Entes autónomos y autárquicos,87.90721932941808,99.76522377109318,164,1.3846046268599643
2023,Entes autónomos y autárquicos,89.62936787255575,95.8513758904875,170,1.95905246039485
2024,Entes autónomos y autárquicos,90.49306849800536,78.48726719878373,177,0.9636357434515297
2025,Entes autónomos y autárquicos,100.0,99.885394116898,179,10.505701331372341
2026,Entes autónomos y autárquicos,100.39923266759945,99.87935656836461,174,0.3992326675994473
2016,Fuerzas públicas,67.4128119415097,,18,
2017,Fuerzas públicas,65.88145603947291,100.0,18,-2.2716095916091805
2018,Fuerzas públicas,77.20618914735296,100.0,18,17.18956105204297
2019,Fuerzas públicas,80.3550251592398,100.0,18,4.078476151538957
2020,Fuerzas públicas,83.11638624240746,99.99798833232751,18,3.4364510218190647
2021,Fuerzas públicas,81.91800193308516,100.0,18,-1.441814741352232
2022,Fuerzas públicas,84.49637582028744,100.0,18,3.1475058306578596
2023,Fuerzas públicas,90.33286399798115,100.0,18,6.907382856404576
2024,Fuerzas públicas,97.27183383741753,100.0,18,7.681556337670714
2025,Fuerzas públicas,100.0,99.99510324002286,17,2.804682563240646
2026,Fuerzas públicas,100.11370009640477,100.0,18,0.11370009640476741
2016,Gobiernos departamentales,82.00799833373166,,124,
2017,Gobiernos departamentales,82.12260257146706,100.0,124,0.13974763445512295
2018,Gobiernos departamentales,83.30151618268836,99.90328820116055,123,1.4355531538291944
2019,Gobiernos departamentales,84.61245878842817,99.32236205227493,123,1.5737319869002064
2020,Gobiernos departamentales,87.74913022950399,100.0,126,3.7071035235118233
2021,Gobiernos departamentales,87.4942448037913,100.0,126,-0.29047060072965314
2022,Gobiernos departamentales,90.32087116950758,100.0,125,3.2306426234720798
2023,Gobiernos departamentales,91.20617205281974,99.71153846153847,124,0.9801731004683178
2024,Gobiernos departamentales,96.40960872587621,99.90215264187867,125,5.705136566901459
2025,Gobiernos departamentales,100.0,99.80970504281636,125,3.7241010741288605
2026,Gobiernos departamentales,101.12634832292933,99.78902953586498,119,1.126348322929327
2016,Municipalidades,66.20623560122544,,268,
2017,Municipalidades,68.4463393768495,65.70854271356784,242,3.3835238558444614
2018,Municipalidades,70.59941176693214,92.22693317181506,279,3.1456355587233586
2019,Municipalidades,75.01970521778681,97.85288270377734,288,6.261091049097223
2020,Municipalidades,78.25309735245175,99.28736114022217,288,4.3100571047009595
2021,Municipalidades,80.09801236683778,94.60348162475822,287,2.357625546854125
2022,Municipalidades,87.1347336354997,90.85898897757507,255,8.785138433191975
2023,Municipalidades,92.51004029314862,98.38436971632538,288,6.168959763089199
2024,Municipalidades,97.90200717077352,98.44224924012158,286,5.828520731953701
2025,Municipalidades,100.0,98.84801189149015,294,2.142951804416926
2026,Municipalidades,109.88055427561645,99.69650986342944,270,9.880554275616449
2016,Otros organismos,84.40676390696281,,53,
2017,Otros organismos,85.208107472813,99.84532095901005,53,0.9493831166581312
2018,Otros organismos,89.32555703165231,99.09114515710206,47,4.832227449897353
2019,Otros organismos,93.81979017679072,99.97476022211005,52,5.0312959633108
2020,Otros organismos,95.13420495573986,99.97434581836839,52,1.4009994868591225
2021,Otros organismos,96.95667437992483,100.0,53,1.9156826138746474
2022,Otros organismos,96.6093588147869,97.0210580380072,48,-0.3582172835022934
2023,Otros organismos,98.65132391161522,99.72785749628896,48,2.113630730893301
2024,Otros organismos,100.6028108331814,97.86150712830958,48,1.9781659730330414
2025,Otros organismos,100.0,99.9750499001996,48,-0.599198797915268
2026,Otros organismos,104.25792441639202,100.0,44,4.257924416392012
2016,Poder Judicial,83.09300281003588,,55,
2017,Poder Judicial,83.015578666503,100.0,55,-0.09317769356570471
2018,Poder Judicial,93.20849907611705,99.56892835589275,43,12.278322422544186
2019,Poder Judicial,93.72822895008458,99.97427101200687,49,0.5575992308846311
2020,Poder Judicial,96.21098334179453,100.0,51,2.648886487583324
2021,Poder Judicial,96.18293804355315,100.0,51,-0.029149788586768643
2022,Poder Judicial,96.44447614524792,99.97003552930097,50,0.2719173556294807
2023,Poder Judicial,97.969932554968,100.0,52,1.5816939141467312
2024,Poder Judicial,99.20441575014569,100.0,52,1.2600633306397935
2025,Poder Judicial,100.0,99.92206982543641,51,0.8019645535316311
2026,Poder Judicial,103.2697542933186,100.0,52,3.269754293318594
2016,Poder Legislativo,88.82573806140084,,19,
2017,Poder Legislativo,88.21793324991683,99.900149775337,19,-0.6842665479051435
2018,Poder Legislativo,87.72705355412914,100.0,20,-0.5564398050417307
2019,Poder Legislativo,87.70651721932784,99.96083039561302,20,-0.02340935204057093
2020,Poder Legislativo,87.88014875448991,100.0,20,0.1979687948705955
2021,Poder Legislativo,88.1733516139375,100.0,19,0.33363946648146126
2022,Poder Legislativo,88.90031609446271,100.0,19,0.8244718695827657
2023,Poder Legislativo,94.11680949619578,100.0,19,5.867800735590412
2024,Poder Legislativo,100.07295206721976,100.0,19,6.328457799310261
2025,Poder Legislativo,100.0,47.97879390324719,7,-0.07289888597545868
2026,Poder Legislativo,101.88509546353033,100.0,10,1.8850954635303285
2016,SA del Estado,85.51136758022736,,12,
2017,SA del Estado,88.42039903398955,100.0,12,3.4019236694266652
2018,SA del Estado,88.9135176477027,100.0,11,0.5576977927045812
2019,SA del Estado,100.4835564738034,91.13018597997139,9,13.012688207820155
2020,SA del Estado,97.71709539300467,99.98270494638534,10,-2.753148055144694
2021,SA del Estado,95.85909170641229,100.0,11,-1.9014110879163493
2022,SA del Estado,95.36086030550388,100.0,11,-0.5197539346965097
2023,SA del Estado,98.52692042821688,99.15368340065397,9,3.320083431053389
2024,SA del Estado,99.56291318973328,100.0,10,1.0514819269837883
2025,SA del Estado,100.0,100.0,10,0.4390056460418901
2026,SA del Estado,111.81802291360603,100.0,9,11.818022913606029
2016,Salud,83.20268755642707,,15,
2017,Salud,82.62730022140995,100.0,15,-0.6915489774616868
2018,Salud,93.81007699540054,100.0,13,13.53399753353306
2019,Salud,97.58277162359175,99.9900371117587,13,4.021630457009628
2020,Salud,99.64840940451798,100.0,14,2.116805811679612
2021,Salud,99.18498949843806,100.0,14,-0.46505499570864695
2022,Salud,98.96470426968969,100.0,14,-0.2220953290032246
2023,Salud,94.57260074879972,92.51342118106393,14,-4.438050467893085
2024,Salud,98.23100566673763,99.99024080806109,17,3.86835604495559
2025,Salud,100.0,100.0,17,1.8008512905425489
2026,Salud,103.07427366392791,99.57769189424381,17,3.074273663927918
2016,Servicio civil del Ejecutivo,105.69131182129688,,222,
2017,Servicio civil del Ejecutivo,105.69537706761199,99.98420844848006,221,0.0038463391598186902
2018,Servicio civil del Ejecutivo,107.32000995605955,96.58646180605885,222,1.537089826935678
2019,Servicio civil del Ejecutivo,107.55279207603954,89.10498114705298,203,0.216904676094698
2020,Servicio civil del Ejecutivo,107.89638198969136,99.98044073542835,238,0.3194616402044659
2021,Servicio civil del Ejecutivo,95.49067735981768,99.94739956604643,234,-11.497794829727425
2022,Servicio civil del Ejecutivo,96.78183195502228,99.93947952390559,235,1.3521263341126133
2023,Servicio civil del Ejecutivo,98.602513266932,99.94531784005468,239,1.8812222037250192
2024,Servicio civil del Ejecutivo,100.03384813695526,99.83466321615987,219,1.4516210820594733
2025,Servicio civil del Ejecutivo,100.0,99.62879955175795,217,-0.0338366838681603
2026,Servicio civil del Ejecutivo,103.55362091691187,99.95705389735882,224,3.5536209169118704
