anho,mes,cobertura_pct,celdas,fisher,laspeyres,paasche,trimestre,var_trimestral,var_interanual
2015,12,,757,62.74611188804926,60.70044740894167,64.86070764413122,4,,
2016,3,92.46979180454966,693,65.88069821487572,64.78539556617835,66.99450880485026,1,4.9956662373266125,
2016,6,99.87649532903828,988,65.8513941299984,64.758566473716,66.96265377649104,2,-0.04448053173593536,
2016,9,99.94901177261517,1032,66.145662558106,65.0439125088705,67.26606468931766,3,0.4468674232267267,
2016,12,99.87413515020876,1019,65.8381297467945,64.759188182036,66.93503744375421,4,-0.464932694628839,4.927823837534295
2017,3,99.02593890014289,1010,65.56150413158186,64.4954228127603,66.64519742897015,1,-0.42016019634292245,-0.4845031882521722
2017,6,99.97060804149103,1077,67.02075019469949,65.93220960521286,68.12725248392682,2,2.225766602591861,1.7757498989203535
2017,9,99.87982289690069,1083,68.9004681839846,67.78391501358794,70.03540310517677,3,2.804680615815869,4.164756265701675
2017,12,99.8503913271629,1051,71.21685522040018,70.09531027676177,72.3563344734645,4,3.3619322153662923,8.169620695927438
2018,3,99.5919961963873,1018,75.9925940694311,74.94050410198797,77.05944290441626,1,6.705910889003852,15.910388384186657
2018,6,99.98493012724853,1080,76.04568031764333,74.99434260492744,77.11174518743489,2,0.06985713392508863,13.465874519049482
2018,9,99.49249052492118,1077,76.61896435290214,75.52514332143441,77.72861552908113,3,0.7538679815397797,11.202385662034796
2018,12,99.98831903632049,1046,77.85274443437812,76.75235010779728,78.96890334550629,4,1.6102802901293067,9.317863297166596
2019,3,98.92986952807101,1010,77.50789819778593,76.43477491269617,78.59607618499608,1,-0.44294679538607884,1.9940155312639485
2019,6,99.81206397760639,1100,81.2924325993096,80.42661708429772,82.16755668154889,2,4.8827725812745415,6.899474447135656
2019,9,99.99819505662107,1108,81.56132945475447,80.70095523742444,82.43086412581295,3,0.33077722839254253,6.45057675158347
2019,12,99.99599972361727,1063,82.1945939822758,81.3635430675853,83.03412097595697,4,0.776427421861281,5.577002557125543
2020,3,99.45265046685695,1057,83.37024145314992,82.54927242849094,84.19936269347139,1,1.4303221342362615,7.563543060352829
2020,6,99.98306428365524,1103,83.43041590243244,82.60990374062423,84.25906520060144,2,0.07217737196592022,2.629990559712936
2020,9,99.97613244324222,1105,83.62596230942717,82.7954607370883,84.46478192064497,3,0.2343826347736444,2.531386955650383
2020,12,99.91124335689264,1075,83.49029235792266,82.66122692645229,84.32766054362185,4,-0.16223424850110302,1.576379069317202
2021,3,99.43051235762809,1062,83.45318064749341,83.31443285943705,83.59214710389494,1,-0.04445032994990772,0.09948297245858662
2021,6,99.98206200805058,1105,82.89140469594851,82.76859163877442,83.0143876748789,2,-0.6731630204939054,-0.6460607928819195
2021,9,99.99423830375662,1096,82.89960580896437,82.78068592840393,83.01868421531707,3,0.009893803882254915,-0.868577748349475
2021,12,99.95391991573928,1059,87.1885259987772,87.0487264970412,87.32853706780803,4,5.173631584806704,4.429537298779862
2022,3,98.44047442066217,1051,87.42069252620706,87.31903416791783,87.52245625869757,1,0.26628105564385773,4.754176950393818
2022,6,99.98539516758154,1097,86.7100956134529,86.63083844350406,86.78941242496862,2,-0.8128474989386847,4.6068599410416855
2022,9,99.97326355715896,1088,87.7603572858709,87.68539693055492,87.83536869852743,3,1.2112334382607282,5.863419288274718
2022,12,98.88499293709353,1063,87.19619010413959,87.06064176797695,87.33193653114793,4,-0.6428496865544697,0.00879026830031826
2023,3,99.73522255617576,1055,90.94306153224174,90.80680315017294,91.07951086846717,1,4.297058648579966,4.029216543873448
2023,6,99.93587414231665,1100,90.80714533985226,90.67741548399445,90.93704731230928,2,-0.14945196488826973,4.724997357474603
2023,9,99.49353261004494,1102,93.68278198211534,93.56556468170155,93.80013222117489,3,3.1667515056230666,6.748405406956959
2023,12,99.9574207722226,1086,93.97800071197045,93.8706032905474,94.08550705540522,4,0.31512592133682293,7.77764555966407
2024,3,98.557789893134,1070,95.73187519292571,95.6814068208354,95.78235598213074,1,1.866260686190424,5.265727346320093
2024,6,99.94353851202806,1115,95.23598584650507,95.190486517983,95.28149279408402,2,-0.5179981541375778,4.877193848653172
2024,9,99.98628093824311,1111,96.97716571418626,96.93021501059528,97.02412477238364,3,1.8282793549147414,3.516530639215887
2024,12,99.94348246896834,1088,98.32573821055034,98.28123301279082,98.37024897501442,4,1.3906082802405573,4.626335382367941
2025,3,98.67110682674613,1071,99.32810298743016,99.29998682173165,99.3562123810267,1,1.0194327498801892,3.756562573601596
2025,6,99.98669132752302,1116,100.21316046464597,100.20436248625072,100.22194435411475,2,0.8910443777707222,5.226149100995037
2025,9,99.9952306004674,1106,100.35708943395707,100.32871452264447,100.38545748460773,3,0.1436228222359004,3.485277894934802
2025,12,99.96372844237614,1081,100.10164711396683,100.16693616937317,100.03638578025087,4,-0.25453340808407887,1.8061485585937342
2026,3,99.66307888697447,1065,103.47506825628498,103.63740858162377,103.3129669052994,1,3.3699956390102814,4.175017083915944
2026,6,99.93751655471716,1065,103.50802266659042,103.71956436624042,103.29689710039564,2,0.0318476816307145,3.2878537975127964
