anho,sector,devengado,devengado_sin_aguinaldo,meses,vinculos_promedio,devengado_real_2025,sin_aguinaldo_real_2025
2015,Educación,4279486810660.0,3988167874492.0,12.0,95713.08333333333,6523640278691.669,6079554333340.181
2015,Empresas públicas,427766403815.0,408121580217.0,9.0,7100.0,652086164828.7783,622139638957.3876
2015,Entes autónomos y autárquicos,413063704932.0,404218173263.0,12.0,6527.333333333333,629673402999.5576,616189293984.7593
2015,Fuerzas públicas,2813922579280.0,2665627372223.0,12.0,44567.75,4289537388825.336,4063476501458.1504
2015,Gobiernos departamentales,53219615579.0,52572573976.0,12.0,1507.1666666666667,81127864897.91907,80141516101.88925
2015,Municipalidades,56561051254.0,55807823149.0,12.0,2053.1666666666665,86221542089.25629,85073322823.20303
2015,Otros organismos,347284560632.0,340125904595.0,12.0,3417.5,529399820152.09216,518487180639.34875
2015,Poder Judicial,1686088397717.0,1594046310056.0,12.0,28212.666666666668,2570269443845.9883,2429960687921.218
2015,Poder Legislativo,332599409887.0,312980688189.0,12.0,3319.3333333333335,507013808665.83026,477107072473.3716
2015,SA del Estado,241854360396.0,240681059638.0,12.0,4297.333333333333,368682254873.73956,366893677779.67255
2015,Salud,2491328711066.0,2409430405013.0,12.0,41592.166666666664,3797776005872.215,3672930408312.92
2015,Servicio civil del Ejecutivo,1412685027413.0,1362543300397.0,12.0,21645.333333333332,2153493947680.7935,2077058009336.5198
2016,Educación,4902140073256.0,4603750716463.0,12.0,105292.66666666667,7179402099929.43,6742397619693.644
2016,Empresas públicas,854329175275.0,828705976741.0,12.0,10620.75,1251203063017.821,1213676749486.8162
2016,Entes autónomos y autárquicos,588691509944.0,574535756242.0,12.0,9372.583333333334,862164891158.5204,841433160458.153
2016,Fuerzas públicas,2862482236782.0,2709645092065.0,12.0,44747.333333333336,4192232509609.517,3968395715611.1694
2016,Gobiernos departamentales,93962436956.0,92306844238.0,12.0,2453.5833333333335,137612166750.74072,135187477603.0187
2016,Municipalidades,359832532394.0,355055737447.0,12.0,15693.75,526990742836.22546,519994914246.8874
2016,Otros organismos,490260125734.0,471573370086.0,12.0,4383.833333333333,718007752452.5962,690640167941.4889
2016,Poder Judicial,1739983571014.0,1634616481769.0,12.0,26738.583333333332,2548283304210.728,2393968517100.5024
2016,Poder Legislativo,338307303314.0,318505753346.0,12.0,3247.8333333333335,495466087777.60944,466465837418.037
2016,SA del Estado,367268780016.0,348439323437.0,12.0,6198.666666666667,537881458114.68994,510304881745.2568
2016,Salud,3549405034314.0,3456612522294.0,12.0,58104.416666666664,5198261489074.195,5062362729410.311
2016,Servicio civil del Ejecutivo,1507941031408.0,1451371515431.0,12.0,21957.666666666668,2208446687707.486,2125598116322.7212
2017,Educación,5246378349753.0,4892790101544.0,12.0,105664.91666666667,7416380914304.773,6916541794683.684
2017,Empresas públicas,871843524946.0,846320493239.0,12.0,10381.833333333334,1232454704486.5967,1196374858046.2607
2017,Entes autónomos y autárquicos,655622290506.0,630893972399.0,12.0,9385.916666666666,926800226394.3464,891843802319.3947
2017,Fuerzas públicas,3128418211935.0,2959951878185.0,12.0,45121.833333333336,4422391900128.691,4184244664257.8325
2017,Gobiernos departamentales,92543246478.0,90529754509.0,12.0,2366.9166666666665,130820905617.59703,127974594807.64551
2017,Municipalidades,548096126350.0,538591378969.0,12.0,23201.0,774799181392.9877,761363088459.4585
2017,Otros organismos,553444884907.0,518545503866.0,12.0,4467.0,782360288929.0514,733025855493.5162
2017,Poder Judicial,1797750750364.0,1689834993780.0,12.0,27136.083333333332,2541334891393.1006,2388783111074.013
2017,Poder Legislativo,348016786226.0,328103753655.0,12.0,3347.0,491963194256.7973,463813750038.30194
2017,SA del Estado,367703745131.0,364814362452.0,12.0,5969.0,519793056411.25256,515708569718.5101
2017,Salud,3622228562681.0,3526180143164.0,12.0,57588.5,5120451669441.975,4984675784085.068
2017,Servicio civil del Ejecutivo,1585869475923.0,1528514327375.0,12.0,22497.5,2241815463874.728,2160737127416.4873
2018,Educación,6017790366750.0,5620134784997.0,12.0,105387.08333333333,8181595378765.562,7640955563861.582
2018,Empresas públicas,944872467729.0,913761718076.0,12.0,10258.0,1284618397179.1309,1242321216639.6926
2018,Entes autónomos y autárquicos,672020665486.0,645014880445.0,12.0,9228.583333333334,913657810606.7532,876941608707.7645
2018,Fuerzas públicas,3320091520630.0,3140158025873.0,12.0,45972.916666666664,4513890279786.412,4269258453240.407
2018,Gobiernos departamentales,98681964152.0,96887262197.0,12.0,2362.9166666666665,134164843350.89056,131724823954.00027
2018,Municipalidades,615107882969.0,603982186921.0,12.0,24471.0,836281011141.1959,821154870510.7727
2018,Otros organismos,599329727833.0,560871527796.0,12.0,4499.25,814829535885.5265,762542996720.4388
2018,Poder Judicial,1875435257717.0,1752695996179.0,12.0,27125.083333333332,2549781814017.925,2382909438313.23
2018,Poder Legislativo,378008102454.0,355063668461.0,12.0,3507.0833333333335,513927730228.3048,482733211362.5866
2018,SA del Estado,380405893823.0,377790023110.0,12.0,5792.5,517187690710.18665,513631236524.7466
2018,Salud,3763541772450.0,3646368821342.0,12.0,57550.333333333336,5116791063942.9,4957486465929.914
2018,Servicio civil del Ejecutivo,1662004744610.0,1600917105940.0,12.0,22803.666666666668,2259608512307.0415,2176555711896.4993
2019,Educación,6575216632087.0,6137984814162.0,12.0,104031.5,8699597929301.092,8121101245361.789
2019,Empresas públicas,987946435240.0,957172902326.0,12.0,10332.0,1307141230956.872,1266425102774.957
2019,Entes autónomos y autárquicos,659478460091.0,634232830401.0,12.0,8903.583333333334,872548809696.8339,839146590414.3163
2019,Fuerzas públicas,3511874455916.0,3321562504571.0,12.0,47125.583333333336,4646523065956.374,4394723383834.463
2019,Gobiernos departamentales,109917867477.0,106808920725.0,12.0,2328.5833333333335,145431140265.34915,141317726481.5326
2019,Municipalidades,664237650678.0,653693308507.0,12.0,25085.416666666668,878845643229.8566,864894538277.8121
2019,Otros organismos,621106203738.0,580171998666.0,12.0,4587.666666666667,821778892811.949,767619289317.8013
2019,Poder Judicial,1929539751529.0,1803024766636.0,12.0,27011.5,2552953152142.4287,2385562545537.9805
2019,Poder Legislativo,393251429511.0,369785510569.0,12.0,3668.4166666666665,520306708249.506,489259204986.91394
2019,SA del Estado,401034083350.0,383118038310.0,12.0,5889.166666666667,530603853273.1128,506899328076.081
2019,Salud,4089371574445.0,3959062328103.0,12.0,60142.0,5410603250328.581,5238192497485.32
2019,Servicio civil del Ejecutivo,1830341114021.0,1760963768935.0,12.0,23546.666666666668,2421704508980.9683,2329912094917.3423
2020,Educación,6829936374292.0,6367546851328.0,12.0,103041.91666666667,8879665362852.793,8278508337925.885
2020,Empresas públicas,904721387449.0,876866692829.0,12.0,10302.916666666666,1176236896935.337,1140022743031.788
2020,Entes autónomos y autárquicos,652336577184.0,615118284768.0,12.0,8650.0,848109000128.5955,799721143504.5079
2020,Fuerzas públicas,3742132109019.0,3537767046314.0,12.0,48512.333333333336,4865181613806.737,4599484648384.136
2020,Gobiernos departamentales,111798813131.0,108583677477.0,12.0,2301.5,145350702285.31976,141170673784.44574
2020,Municipalidades,657225905165.0,646908194116.0,12.0,24125.25,854465662027.2231,841051507574.6897
2020,Otros organismos,580011502539.0,541579267266.0,12.0,4464.833333333333,754078481395.1727,704112366095.0074
2020,Poder Judicial,1956121111104.0,1826802137019.0,12.0,27204.416666666668,2543171696473.6553,2375042865981.985
2020,Poder Legislativo,394698375207.0,370924244251.0,12.0,3672.0,513151118697.381,482242144497.19257
2020,SA del Estado,392662576955.0,375557175035.0,12.0,6035.0,510504357990.78296,488265461956.78516
2020,Salud,4935595926455.0,4806467813025.0,12.0,68565.33333333333,6416815295402.0625,6248934604666.674
2020,Servicio civil del Ejecutivo,1830372488953.0,1759148771160.0,12.0,24383.0,2379684714553.3516,2287086080358.0713
2021,Educación,6983058151385.0,6500153909889.0,12.0,102563.5,8663913719554.719,8064772112478.376
2021,Empresas públicas,946843847379.5,917322494953.0,12.0,10262.25,1174753699847.135,1138126416390.0962
2021,Entes autónomos y autárquicos,700335858288.5,663601296535.0,12.0,8962.583333333334,868910056222.0614,823333309378.7239
2021,Fuerzas públicas,3865471646775.5,3648803252051.5,12.0,50826.5,4795909200098.196,4527087684231.134
2021,Gobiernos departamentales,111723127685.0,108514835755.0,12.0,2261.25,138615420029.06744,134634876853.56052
2021,Municipalidades,725146332148.5,709994226239.0,12.0,25272.416666666668,899692530061.5029,880893239632.6488
2021,Otros organismos,591417931378.5,550365869349.0,12.0,4426.916666666667,733775062240.3994,682841572110.0254
2021,Poder Judicial,1976673620661.5,1846563453493.0,12.0,27024.166666666668,2452468435728.8936,2291040127680.0557
2021,Poder Legislativo,408511094655.5,383832541519.0,12.0,3716.0833333333335,506841673210.77325,476222874045.29944
2021,SA del Estado,360014076705.5,357814783848.0,12.0,5666.666666666667,446671190584.73926,443942517394.8083
2021,Salud,5121076543254.5,4989045283125.0,12.0,78829.75,6353744213513.757,6189932396220.041
2021,Servicio civil del Ejecutivo,1845459105892.5,1774932797365.0,12.0,23982.833333333332,2289669958318.7666,2202167629282.6313
2022,Educación,7530219668231.0,7023249019570.0,12.0,102085.5,8511576006438.767,7938535723521.579
2022,Empresas públicas,1030487485171.0,996822397060.0,12.0,10068.833333333334,1164783092679.3413,1126730689317.309
2022,Entes autónomos y autárquicos,737089884776.0,706852922126.0,12.0,9077.5,833149211345.9099,798971694999.991
2022,Fuerzas públicas,4101961375434.0,3872989648691.0,12.0,51995.583333333336,4636538847569.188,4377726974693.718
2022,Gobiernos departamentales,113625247990.0,111170522463.0,12.0,2252.0,128433163589.83948,125658532328.26376
2022,Municipalidades,817946532020.0,802154625220.0,12.0,27757.5,924543291328.279,906693345252.752
2022,Otros organismos,616842269127.0,574788411247.0,12.0,4531.583333333333,697230637216.1941,649696219432.9102
2022,Poder Judicial,2011574229790.0,1880672869538.0,12.0,27522.083333333332,2273727421483.4863,2125766681130.6272
2022,Poder Legislativo,429615542019.0,404032566702.0,12.0,3808.0,485604072729.6791,456687062539.3712
2022,SA del Estado,392731416657.0,377271553989.0,12.0,6094.25,443913119439.9419,426438490286.30133
2022,Salud,5374677452413.0,5239743045584.0,12.0,83580.83333333333,6075118344728.556,5922598961468.842
2022,Servicio civil del Ejecutivo,1931066709992.0,1860626816064.0,12.0,23731.583333333332,2182727968075.5718,2103108177754.8328
2023,Educación,8224393840534.0,7660314572625.0,12.0,102156.5,8884676385750.113,8275310899556.799
2023,Empresas públicas,1111777230596.0,1076812639272.0,12.0,10019.666666666666,1201034519797.46,1163262851161.808
2023,Entes autónomos y autárquicos,772966023358.0,735842804782.0,12.0,9153.666666666666,835022386801.2249,794918788914.2089
2023,Fuerzas públicas,4515000904409.0,4263460205957.0,12.0,52671.5,4877480662385.02,4605745413937.035
2023,Gobiernos departamentales,121288159216.0,118569644561.0,12.0,2261.9166666666665,131025588627.15256,128088822291.79599
2023,Municipalidades,871076549605.0,856006216559.0,12.0,27803.166666666668,941009562590.9048,924729331520.3446
2023,Otros organismos,646373542774.0,601700107580.0,12.0,4466.5,698266627694.0994,650006655903.5583
2023,Poder Judicial,2087149616221.0,1952254998565.0,12.0,27253.25,2254713145833.75,2108988725616.1455
2023,Poder Legislativo,471837504274.0,443821004967.0,12.0,3902.9166666666665,509718237406.5742,479452477445.3361
2023,SA del Estado,352919480616.0,339175281328.0,12.0,5315.166666666667,381253066949.01434,366405436202.867
2023,Salud,5754816489926.0,5603541100648.0,12.0,85436.66666666667,6216832895377.382,6053412599009.846
2023,Servicio civil del Ejecutivo,2000183537711.0,1930319601710.0,12.0,22997.333333333332,2160765132268.1787,2085292279868.4766
2024,Educación,9132183036937.0,8534777297795.0,12.0,104372.41666666667,9500946453879.613,8879417087257.078
2024,Empresas públicas,1120213217673.0,1092977858820.0,12.0,9761.083333333334,1165448146953.6038,1137113006815.9243
2024,Entes autónomos y autárquicos,897063694052.0,856625307517.0,12.0,9719.75,933287702232.2755,891216387674.0441
2024,Fuerzas públicas,4781296319307.0,4511089275689.0,12.0,52492.666666666664,4974368135869.513,4693249958267.063
2024,Gobiernos departamentales,133931786517.0,129994612193.0,12.0,2241.5833333333335,139340038085.4884,135243878133.30458
2024,Municipalidades,915182356324.0,900041758820.0,12.0,27703.75,952138007725.0505,936386023168.5194
2024,Otros organismos,651553124160.0,619431268610.0,12.0,4389.25,677863257828.2653,644444301118.1982
2024,Poder Judicial,2181335381087.0,2038442640114.0,12.0,27391.416666666668,2269419104921.0396,2120756263282.6929
2024,Poder Legislativo,501679580815.0,472219467273.0,12.0,4013.0833333333335,521937724534.13074,491287992684.07404
2024,SA del Estado,342840658085.0,330558711307.0,12.0,4796.666666666667,356684784076.66254,343906884398.65564
2024,Salud,6027531481141.0,5866336886403.0,12.0,85096.25,6270927074037.51,6103223338023.23
2024,Servicio civil del Ejecutivo,1892159023661.0,1819397015930.0,12.0,21115.416666666668,1968565620434.3892,1892865436093.7043
2025,Educación,9766201401754.0,9117022555419.0,12.0,105760.66666666667,9766201401754.0,9117022555419.0
2025,Empresas públicas,1166091998536.0,1131552038956.0,12.0,9583.666666666666,1166091998536.0,1131552038956.0
2025,Entes autónomos y autárquicos,963398334588.0,918695264603.0,12.0,9641.916666666666,963398334588.0,918695264603.0
2025,Fuerzas públicas,5420105600073.0,5112719225072.0,12.0,59036.583333333336,5420105600073.0,5112719225072.0
2025,Gobiernos departamentales,144220155452.0,140149570289.0,12.0,2367.3333333333335,144220155452.0,140149570289.0
2025,Municipalidades,977233849046.0,959674575373.0,12.0,27958.0,977233849046.0,959674575373.0
2025,Otros organismos,684618901170.0,649149593825.0,12.0,4482.333333333333,684618901170.0,649149593825.0
2025,Poder Judicial,2286198280814.0,2136486874117.0,12.0,28267.833333333332,2286198280814.0,2136486874117.0
2025,Poder Legislativo,566092279096.0,533385986787.0,12.0,4290.666666666667,566092279096.0,533385986787.0
2025,SA del Estado,335212718668.0,323523753520.0,12.0,4614.416666666667,335212718668.0,323523753520.0
2025,Salud,6131168795087.0,5971708749744.0,12.0,87372.16666666667,6131168795087.0,5971708749744.0
2025,Servicio civil del Ejecutivo,1963065758574.0,1887917189193.0,12.0,21875.166666666668,1963065758574.0,1887917189193.0
2026,Educación,6306158682573.0,6306098423808.0,8.0,104410.5,6190857775040.501,6190798618038.181
2026,Empresas públicas,737908172799.0,737739476079.0,8.0,9479.875,724416364824.9167,724250752531.7275
2026,Entes autónomos y autárquicos,601128862635.0,601118102235.0,8.0,9275.5,590137908094.4279,590127344436.0494
2026,Fuerzas públicas,3806992111852.0,3806992111852.0,8.0,62862.125,3737385610087.521,3737385610087.521
2026,Gobiernos departamentales,93603831153.0,93603831153.0,8.0,2347.25,91892392030.75194,91892392030.75194
2026,Municipalidades,646656138327.0,646105740153.0,8.0,28064.5,634832769559.4791,634292434787.3313
2026,Otros organismos,439690582615.0,439690582615.0,8.0,4459.875,431651342602.0421,431651342602.0421
2026,Poder Judicial,1480225544181.0,1480225544181.0,8.0,28519.0,1453161311073.6877,1453161311073.6877
2026,Poder Legislativo,376036633942.0,376036633942.0,8.0,4408.875,369161233664.04694,369161233664.04694
2026,SA del Estado,212160706231.0,212128943282.0,8.0,4400.625,208281590083.99097,208250407884.22833
2026,Salud,4230955834008.0,4230955834008.0,8.0,90256.125,4153597639908.133,4153597639908.133
2026,Servicio civil del Ejecutivo,1265643791852.0,1265643791852.0,8.0,21489.0,1242502940953.8638,1242502940953.8638
