anho,objeto_gasto,componente,presupuestado,devengado
2015,111,Sueldo básico,9155518841846.0,9026038789408.0
2015,112,Dietas,78195662389.0,74146384697.0
2015,113,Gastos de representación,171470665783.0,165506243001.0
2015,114,Aguinaldo,725735313008.0,721537567423.0
2015,122,Remuneraciones temporales,10934171324.0,10182785135.0
2015,123,Remuneraciones temporales,153743408709.0,144863291007.0
2015,125,Remuneraciones temporales,51173795544.0,49985397695.0
2015,131,Bonificaciones y asignaciones,186501155166.0,176974604371.0
2015,132,Bonificaciones y asignaciones,207822885446.0,207817587523.0
2015,133,Bonificaciones y asignaciones,1002405144093.0,942906140815.0
2015,134,Bonificaciones y asignaciones,160421089.0,160421089.0
2015,135,Bonificaciones y asignaciones,1114118669.0,1114118669.0
2015,136,Bonificaciones y asignaciones,273041972966.0,272998772966.0
2015,137,Bonificaciones y asignaciones,86513808523.0,77518886267.0
2015,138,Bonificaciones y asignaciones,290417759877.0,290417759877.0
2015,139,Bonificaciones y asignaciones,7548856.0,7548856.0
2015,141,Personal contratado,150343251813.0,122901076543.0
2015,142,Personal contratado,1014755658944.0,965517579458.0
2015,143,Personal contratado,22841289655.0,21462802185.0
2015,144,Personal contratado,573479131544.0,547056632409.0
2015,145,Personal contratado,280076238865.0,259317900958.0
2015,146,Personal contratado,20306318276.0,20294155216.0
2015,147,Personal contratado,693215465.0,693215465.0
2015,161,Servicio exterior,99583501526.0,98842714581.0
2015,162,Servicio exterior,15507066564.0,15355987484.0
2015,163,Servicio exterior,10066477583.0,10066477583.0
2015,191,Otros gastos del personal,184505630086.0,123366845513.0
2015,192,Otros gastos del personal,1216900000.0,1216700000.0
2015,193,Otros gastos del personal,68254314045.0,68254314045.0
2015,194,Otros gastos del personal,26423609870.0,26400809870.0
2015,195,Otros gastos del personal,41136148493.0,41136148493.0
2015,199,Otros gastos del personal,72939659165.0,71800974029.0
2016,111,Sueldo básico,11374111295523.0,10980902742165.0
2016,112,Dietas,136858359116.0,123413582475.0
2016,113,Gastos de representación,217007944258.0,206940550802.0
2016,114,Aguinaldo,812435624378.0,809484720848.0
2016,122,Remuneraciones temporales,17018557398.0,16956457398.0
2016,123,Remuneraciones temporales,186424783194.0,178665922970.0
2016,125,Remuneraciones temporales,83487327026.0,81063302022.0
2016,131,Bonificaciones y asignaciones,269111886595.0,268461622935.0
2016,132,Bonificaciones y asignaciones,365834697368.0,365832601368.0
2016,133,Bonificaciones y asignaciones,1197180559069.0,1141423156420.0
2016,134,Bonificaciones y asignaciones,1373750405.0,1280284705.0
2016,135,Bonificaciones y asignaciones,2705940082.0,2564221535.0
2016,136,Bonificaciones y asignaciones,265293124530.0,265293124530.0
2016,137,Bonificaciones y asignaciones,81294679585.0,81053353209.0
2016,138,Bonificaciones y asignaciones,295230982563.0,295230982563.0
2016,141,Personal contratado,210522624102.0,170943132111.0
2016,142,Personal contratado,1124927422586.0,1110602353086.0
2016,143,Personal contratado,30256537718.0,29391353525.0
2016,144,Personal contratado,700294350182.0,661910648656.0
2016,145,Personal contratado,314212662222.0,304627376565.0
2016,146,Personal contratado,24233346774.0,24233346774.0
2016,147,Personal contratado,798279013.0,798279013.0
2016,148,Personal contratado,4416932735.0,3424306500.0
2016,161,Servicio exterior,113142877402.0,113099229506.0
2016,162,Servicio exterior,17489931901.0,17480632828.0
2016,163,Servicio exterior,10672064880.0,10672064880.0
2016,191,Otros gastos del personal,155685442005.0,154913889684.0
2016,192,Otros gastos del personal,1015600000.0,1015600000.0
2016,193,Otros gastos del personal,68534594460.0,68534594460.0
2016,194,Otros gastos del personal,28244182139.0,28244182139.0
2016,195,Otros gastos del personal,45050876103.0,45050876103.0
2016,199,Otros gastos del personal,93489281317.0,91095318632.0
2017,111,Sueldo básico,11994232423157.0,11601792929003.0
2017,112,Dietas,148634240880.0,139862686934.0
2017,113,Gastos de representación,228863054240.0,222818813113.0
2017,114,Aguinaldo,908658887650.0,902845292063.0
2017,122,Remuneraciones temporales,16606440651.0,16394404271.0
2017,123,Remuneraciones temporales,198032610198.0,188821062064.0
2017,125,Remuneraciones temporales,88363068183.0,85611511998.0
2017,131,Bonificaciones y asignaciones,360847235502.0,360385854012.0
2017,132,Bonificaciones y asignaciones,392729695138.0,392729695138.0
2017,133,Bonificaciones y asignaciones,1260142674738.0,1199209095218.0
2017,134,Bonificaciones y asignaciones,2043444439.0,1980502439.0
2017,135,Bonificaciones y asignaciones,3840690383.0,3675315521.0
2017,136,Bonificaciones y asignaciones,285525380493.0,285525380493.0
2017,137,Bonificaciones y asignaciones,75345900695.0,75094823721.0
2017,138,Bonificaciones y asignaciones,327218679801.0,327218679801.0
2017,141,Personal contratado,172043494535.0,159356645607.0
2017,142,Personal contratado,1124125061926.0,1110231474380.0
2017,143,Personal contratado,25786773309.0,25001116087.0
2017,144,Personal contratado,795773658773.0,773485130540.0
2017,145,Personal contratado,334105009685.0,323306665538.0
2017,146,Personal contratado,24907617977.0,24899592528.0
2017,147,Personal contratado,923700000.0,923700000.0
2017,148,Personal contratado,75522469816.0,36444795347.0
2017,161,Servicio exterior,112460161611.0,112460161611.0
2017,162,Servicio exterior,16390660816.0,16390660816.0
2017,163,Servicio exterior,10604625242.0,10604625242.0
2017,191,Otros gastos del personal,158889774821.0,151888480309.0
2017,192,Otros gastos del personal,48000000.0,48000000.0
2017,193,Otros gastos del personal,75802353902.0,75802353902.0
2017,194,Otros gastos del personal,30837781788.0,30837781788.0
2017,195,Otros gastos del personal,51406486249.0,51406486249.0
2017,199,Otros gastos del personal,112650509129.0,110862239467.0
2018,111,Sueldo básico,13607400672028.0,13171726697869.0
2018,112,Dietas,159089133414.0,151575817859.0
2018,113,Gastos de representación,241287263540.0,234037857631.0
2018,114,Aguinaldo,1017523005125.0,1013644365266.0
2018,122,Remuneraciones temporales,17023700449.0,16921929409.0
2018,123,Remuneraciones temporales,226317752437.0,213733658080.0
2018,125,Remuneraciones temporales,101896432140.0,98323214727.0
2018,131,Bonificaciones y asignaciones,426062775366.0,422835762904.0
2018,132,Bonificaciones y asignaciones,401838450871.0,401838450871.0
2018,133,Bonificaciones y asignaciones,1033292350865.0,982682933671.0
2018,134,Bonificaciones y asignaciones,3515727191.0,3458221191.0
2018,135,Bonificaciones y asignaciones,4979093990.0,4852078615.0
2018,136,Bonificaciones y asignaciones,282781059294.0,282781059294.0
2018,137,Bonificaciones y asignaciones,75931997419.0,75706195658.0
2018,138,Bonificaciones y asignaciones,344064205213.0,344064205213.0
2018,141,Personal contratado,166901700679.0,156592121695.0
2018,142,Personal contratado,1010331498186.0,993144022559.0
2018,143,Personal contratado,34826253058.0,33892963296.0
2018,144,Personal contratado,780451282692.0,758036356680.0
2018,145,Personal contratado,320016683922.0,308619263417.0
2018,146,Personal contratado,27428527757.0,27428527757.0
2018,147,Personal contratado,439549302.0,439549302.0
2018,148,Personal contratado,85395195953.0,42075457361.0
2018,161,Servicio exterior,128602334510.0,128602334510.0
2018,162,Servicio exterior,19900405185.0,19900405185.0
2018,163,Servicio exterior,12451648593.0,12451648593.0
2018,191,Otros gastos del personal,174274497827.0,174115157402.0
2018,192,Otros gastos del personal,13416214.0,13282536.0
2018,193,Otros gastos del personal,80712357863.0,80712357863.0
2018,194,Otros gastos del personal,32892204630.0,32892204630.0
2018,195,Otros gastos del personal,58263684485.0,58263684485.0
2018,199,Otros gastos del personal,83247948667.0,81928581074.0
2019,111,Sueldo básico,14653516729977.0,14186337985565.0
2019,112,Dietas,168809515557.0,163872550989.0
2019,113,Gastos de representación,249615506069.0,242980905859.0
2019,114,Aguinaldo,1112530243955.0,1105733966172.0
2019,122,Remuneraciones temporales,21642831552.0,21488270672.0
2019,123,Remuneraciones temporales,228214985895.0,216573948831.0
2019,125,Remuneraciones temporales,119590194541.0,115242909827.0
2019,131,Bonificaciones y asignaciones,437496157045.0,435973820997.0
2019,132,Bonificaciones y asignaciones,402035108865.0,401795793317.0
2019,133,Bonificaciones y asignaciones,1196611997561.0,1140879606374.0
2019,134,Bonificaciones y asignaciones,3450622278.0,3393218278.0
2019,135,Bonificaciones y asignaciones,5643538897.0,5576218375.0
2019,136,Bonificaciones y asignaciones,299135884301.0,299135884301.0
2019,137,Bonificaciones y asignaciones,86254808105.0,85315424865.0
2019,138,Bonificaciones y asignaciones,358946785447.0,358946785447.0
2019,141,Personal contratado,155729508761.0,140019562358.0
2019,142,Personal contratado,1061336637474.0,1044414501293.0
2019,143,Personal contratado,25500112454.0,25268687320.0
2019,144,Personal contratado,795439849286.0,774793196306.0
2019,145,Personal contratado,335199690756.0,326735140264.0
2019,146,Personal contratado,30073324714.0,30073324714.0
2019,147,Personal contratado,259541665.0,259541665.0
2019,148,Personal contratado,83383877500.0,46935595187.0
2019,161,Servicio exterior,136205266473.0,136205266473.0
2019,162,Servicio exterior,21064624772.0,21064624772.0
2019,163,Servicio exterior,13134604270.0,13134604270.0
2019,191,Otros gastos del personal,172103666656.0,171986920712.0
2019,192,Otros gastos del personal,17780789.0,17780789.0
2019,193,Otros gastos del personal,85795545786.0,85795545786.0
2019,194,Otros gastos del personal,35357224857.0,35357224857.0
2019,195,Otros gastos del personal,60557590566.0,60557590566.0
2019,199,Otros gastos del personal,78900648304.0,77449260882.0
2020,111,Sueldo básico,15496439168211.0,14661113590456.0
2020,112,Dietas,174342738977.0,169422931336.0
2020,113,Gastos de representación,253206729504.0,246547425428.0
2020,114,Aguinaldo,1156673474585.0,1154342992865.0
2020,122,Remuneraciones temporales,22374592111.0,22098289548.0
2020,123,Remuneraciones temporales,148250052248.0,136350513458.0
2020,125,Remuneraciones temporales,92001809605.0,85248438324.0
2020,131,Bonificaciones y asignaciones,224279004920.0,222020461025.0
2020,132,Bonificaciones y asignaciones,402641723068.0,402282079679.0
2020,133,Bonificaciones y asignaciones,1524037432972.0,1461670937122.0
2020,134,Bonificaciones y asignaciones,2784926522.0,2725923620.0
2020,135,Bonificaciones y asignaciones,4411489673.0,4371014361.0
2020,136,Bonificaciones y asignaciones,300015654164.0,300015654164.0
2020,137,Bonificaciones y asignaciones,94153435283.0,92485480590.0
2020,138,Bonificaciones y asignaciones,385485798586.0,385485798586.0
2020,141,Personal contratado,142576160322.0,114253614055.0
2020,142,Personal contratado,1559587551285.0,1521527620541.0
2020,143,Personal contratado,27242047597.0,26218968551.0
2020,144,Personal contratado,939137245388.0,906820819990.0
2020,145,Personal contratado,354716267717.0,338534572090.0
2020,146,Personal contratado,32779107237.0,32779107237.0
2020,147,Personal contratado,48800000.0,48800000.0
2020,148,Personal contratado,100091540054.0,45290255821.0
2020,161,Servicio exterior,153417897345.0,153417897345.0
2020,162,Servicio exterior,22742305184.0,22742305184.0
2020,163,Servicio exterior,14951029461.0,14951029461.0
2020,191,Otros gastos del personal,168271789143.0,167773384911.0
2020,192,Otros gastos del personal,18125003.0,18125003.0
2020,193,Otros gastos del personal,90040693490.0,90040693490.0
2020,194,Otros gastos del personal,38265180028.0,38265180028.0
2020,195,Otros gastos del personal,68077820640.0,68077820640.0
2020,199,Otros gastos del personal,102592836843.0,100671422544.0
2021,111,Sueldo básico,15362125349128.0,14882638643009.0
2021,112,Dietas,176441911946.0,171001331963.0
2021,113,Gastos de representación,256580524561.0,250194738398.0
2021,114,Aguinaldo,1139038601385.0,1135740191239.0
2021,122,Remuneraciones temporales,24258460515.0,23962440023.0
2021,123,Remuneraciones temporales,210179277307.0,193622931804.0
2021,125,Remuneraciones temporales,106372541034.0,99293755540.0
2021,131,Bonificaciones y asignaciones,227790378972.0,227149123585.0
2021,132,Bonificaciones y asignaciones,402831473053.0,402557049612.0
2021,133,Bonificaciones y asignaciones,1383433725229.0,1315148677236.0
2021,134,Bonificaciones y asignaciones,2811386293.0,2763942245.0
2021,135,Bonificaciones y asignaciones,3690360284.0,3656926684.0
2021,136,Bonificaciones y asignaciones,311952943008.0,311950603008.0
2021,137,Bonificaciones y asignaciones,91447406270.0,90583189330.0
2021,138,Bonificaciones y asignaciones,401712303052.0,401712303052.0
2021,141,Personal contratado,103184919303.0,100428741182.0
2021,142,Personal contratado,1861856687090.0,1827940593315.0
2021,143,Personal contratado,29280347916.0,27787831799.0
2021,144,Personal contratado,1043520456678.0,1011202807319.0
2021,145,Personal contratado,372542172779.0,353338700712.0
2021,146,Personal contratado,35707230028.0,35707230028.0
2021,147,Personal contratado,57150000.0,57150000.0
2021,148,Personal contratado,108106768992.0,57596770875.0
2021,161,Servicio exterior,148220260899.0,148213026321.0
2021,162,Servicio exterior,23627905827.0,23623895426.0
2021,163,Servicio exterior,13720194583.0,13720194583.0
2021,191,Otros gastos del personal,168204158602.0,168187060301.0
2021,192,Otros gastos del personal,18608500.0,18608500.0
2021,193,Otros gastos del personal,93024220161.0,93024220161.0
2021,194,Otros gastos del personal,39918903824.0,39918903824.0
2021,195,Otros gastos del personal,68264728307.0,68264728307.0
2021,199,Otros gastos del personal,107557150132.0,104495597943.0
2022,111,Sueldo básico,16160051500189.0,15755531027578.0
2022,112,Dietas,187301507734.0,182770329521.0
2022,113,Gastos de representación,261004237391.0,255841038891.0
2022,114,Aguinaldo,1252149919827.0,1237463415366.0
2022,122,Remuneraciones temporales,27472443036.0,27170125492.0
2022,123,Remuneraciones temporales,243428396173.0,228322452661.0
2022,125,Remuneraciones temporales,126426999231.0,119515202354.0
2022,131,Bonificaciones y asignaciones,261064372060.0,261023324514.0
2022,132,Bonificaciones y asignaciones,408046346134.0,407748551084.0
2022,133,Bonificaciones y asignaciones,1427098493305.0,1362279181104.0
2022,134,Bonificaciones y asignaciones,5540940677.0,5396418581.0
2022,135,Bonificaciones y asignaciones,3124561998.0,3082807832.0
2022,136,Bonificaciones y asignaciones,315705057631.0,315704157631.0
2022,137,Bonificaciones y asignaciones,93295765323.0,92567681381.0
2022,138,Bonificaciones y asignaciones,410109277620.0,410109277620.0
2022,141,Personal contratado,111355193191.0,108337521796.0
2022,142,Personal contratado,2023983120731.0,1980387900049.0
2022,143,Personal contratado,28798302669.0,27227947605.0
2022,144,Personal contratado,1168260424150.0,1136113066169.0
2022,145,Personal contratado,421566620952.0,385558505956.0
2022,146,Personal contratado,41949171436.0,41949171436.0
2022,147,Personal contratado,171819340.0,171546615.0
2022,148,Personal contratado,117447539609.0,63438769632.0
2022,161,Servicio exterior,156351891110.0,156351891110.0
2022,162,Servicio exterior,24863721784.0,24863721784.0
2022,163,Servicio exterior,14855415778.0,14855415778.0
2022,191,Otros gastos del personal,169284118294.0,169259779898.0
2022,192,Otros gastos del personal,18608500.0,18608500.0
2022,193,Otros gastos del personal,91683264812.0,91683264812.0
2022,194,Otros gastos del personal,39956044649.0,39956044649.0
2022,195,Otros gastos del personal,69280948891.0,69280948891.0
2022,199,Otros gastos del personal,116079653343.0,113858717330.0
2023,111,Sueldo básico,17374824286970.0,16956943458920.0
2023,112,Dietas,192905837050.0,187028721554.0
2023,113,Gastos de representación,275379779399.0,269080360881.0
2023,114,Aguinaldo,1370903606712.0,1347964700686.0
2023,122,Remuneraciones temporales,32280769121.0,31947936255.0
2023,123,Remuneraciones temporales,276045300175.0,258326086235.0
2023,125,Remuneraciones temporales,138812191337.0,131448011150.0
2023,131,Bonificaciones y asignaciones,268163928841.0,268053556979.0
2023,132,Bonificaciones y asignaciones,433810868887.0,433401539214.0
2023,133,Bonificaciones y asignaciones,1596327838325.0,1523347696217.0
2023,134,Bonificaciones y asignaciones,3249898079.0,3175755904.0
2023,135,Bonificaciones y asignaciones,3571282780.0,3455756185.0
2023,136,Bonificaciones y asignaciones,322369808719.0,322369808719.0
2023,137,Bonificaciones y asignaciones,94906227583.0,93957471874.0
2023,138,Bonificaciones y asignaciones,504734325224.0,504734325224.0
2023,141,Personal contratado,84196980207.0,81707573125.0
2023,142,Personal contratado,2094964570701.0,2043339703388.0
2023,143,Personal contratado,34608713019.0,32052076569.0
2023,144,Personal contratado,1220808340177.0,1189502951155.0
2023,145,Personal contratado,415829455678.0,378541390539.0
2023,146,Personal contratado,46462485888.0,46462485888.0
2023,147,Personal contratado,304994046.0,303299559.0
2023,148,Personal contratado,130500080301.0,64690416335.0
2023,161,Servicio exterior,162906950101.0,162906950101.0
2023,162,Servicio exterior,26139449680.0,26139449680.0
2023,163,Servicio exterior,14262964399.0,14262964399.0
2023,191,Otros gastos del personal,172428876646.0,172346404572.0
2023,192,Otros gastos del personal,0.0,0.0
2023,193,Otros gastos del personal,112000276886.0,112000276886.0
2023,194,Otros gastos del personal,40519420166.0,40519420166.0
2023,195,Otros gastos del personal,70198346210.0,70198346210.0
2023,199,Otros gastos del personal,162287853418.0,159573984671.0
2024,111,Sueldo básico,18485394443427.0,18050821325983.0
2024,112,Dietas,200027134095.0,194597243774.0
2024,113,Gastos de representación,282099844126.0,276119489661.0
2024,114,Aguinaldo,1420470079334.0,1405077559288.0
2024,122,Remuneraciones temporales,31742941930.0,30309798094.0
2024,123,Remuneraciones temporales,266155346409.0,248655278114.0
2024,125,Remuneraciones temporales,187276343348.0,173559081676.0
2024,131,Bonificaciones y asignaciones,271654489737.0,267446555584.0
2024,132,Bonificaciones y asignaciones,700416879224.0,700099438203.0
2024,133,Bonificaciones y asignaciones,1708433962989.0,1622751399913.0
2024,134,Bonificaciones y asignaciones,1655512564.0,1569285500.0
2024,135,Bonificaciones y asignaciones,4470778837.0,4444370837.0
2024,136,Bonificaciones y asignaciones,338360268325.0,338360268325.0
2024,137,Bonificaciones y asignaciones,104946676522.0,103332123376.0
2024,138,Bonificaciones y asignaciones,507180367654.0,507180367654.0
2024,139,Bonificaciones y asignaciones,5052500.0,5052500.0
2024,141,Personal contratado,63994446074.0,60985761432.0
2024,142,Personal contratado,2230603375153.0,2176085562403.0
2024,143,Personal contratado,19007247663.0,18064010465.0
2024,144,Personal contratado,1231007961636.0,1201610457926.0
2024,145,Personal contratado,377254847624.0,348513224430.0
2024,146,Personal contratado,33079261418.0,33079261418.0
2024,147,Personal contratado,446288468.0,426186968.0
2024,148,Personal contratado,93504400597.0,53019726965.0
2024,161,Servicio exterior,162575724792.0,162575724792.0
2024,162,Servicio exterior,27613570085.0,27613570085.0
2024,163,Servicio exterior,15508636050.0,15508636050.0
2024,191,Otros gastos del personal,187820053038.0,187753780358.0
2024,193,Otros gastos del personal,117269612979.0,117269612979.0
2024,194,Otros gastos del personal,43466983333.0,43466983333.0
2024,195,Otros gastos del personal,72475223533.0,72475223533.0
2024,199,Otros gastos del personal,138816962497.0,134193298140.0
2025,111,Sueldo básico,19651373048414.0,19209055074065.0
2025,112,Dietas,211187853614.0,205966769612.0
2025,113,Gastos de representación,305587975466.0,299048562651.0
2025,114,Aguinaldo,1528390677065.0,1521622695960.0
2025,122,Remuneraciones temporales,31285873264.0,30477096467.0
2025,123,Remuneraciones temporales,277135471602.0,258937592443.0
2025,125,Remuneraciones temporales,203664826901.0,189592373768.0
2025,131,Bonificaciones y asignaciones,289311162672.0,287102873056.0
2025,132,Bonificaciones y asignaciones,707011032028.0,706724185779.0
2025,133,Bonificaciones y asignaciones,1772851341080.0,1686692380354.0
2025,134,Bonificaciones y asignaciones,1352063710.0,1251300514.0
2025,135,Bonificaciones y asignaciones,4613401128.0,4594431238.0
2025,136,Bonificaciones y asignaciones,400187027711.0,400187027711.0
2025,137,Bonificaciones y asignaciones,104077252716.0,102305661818.0
2025,138,Bonificaciones y asignaciones,601671542365.0,601671542365.0
2025,139,Bonificaciones y asignaciones,35946515.0,35946515.0
2025,141,Personal contratado,59801522287.0,57133882820.0
2025,142,Personal contratado,2396615702369.0,2336983892718.0
2025,143,Personal contratado,5179468109.0,4474249752.0
2025,144,Personal contratado,1253321111118.0,1224099200479.0
2025,145,Personal contratado,400927374209.0,374095714981.0
2025,146,Personal contratado,34315368133.0,34315368133.0
2025,147,Personal contratado,529254811.0,524327537.0
2025,148,Personal contratado,108128453929.0,58923091997.0
2025,161,Servicio exterior,174445977194.0,174445977194.0
2025,162,Servicio exterior,27087025969.0,27087025969.0
2025,163,Servicio exterior,15668670470.0,15668670470.0
2025,191,Otros gastos del personal,185988826487.0,185917635601.0
2025,192,Otros gastos del personal,2100000.0,2100000.0
2025,193,Otros gastos del personal,133381405101.0,133381405101.0
2025,194,Otros gastos del personal,43645993500.0,43645993500.0
2025,195,Otros gastos del personal,71251476666.0,71251476666.0
2025,199,Otros gastos del personal,161325342920.0,156392545624.0
2026,111,Sueldo básico,13563004785295.0,13275624713555.0
2026,112,Dietas,139201008616.0,135868263187.0
2026,113,Gastos de representación,204436567334.0,200133433452.0
2026,114,Aguinaldo,848833624.0,821877008.0
2026,122,Remuneraciones temporales,21605003856.0,21433661150.0
2026,123,Remuneraciones temporales,171555434252.0,159306243939.0
2026,125,Remuneraciones temporales,127113008231.0,117237530977.0
2026,131,Bonificaciones y asignaciones,206999915959.0,206702454574.0
2026,132,Bonificaciones y asignaciones,516490464965.0,516314336030.0
2026,133,Bonificaciones y asignaciones,1191528773037.0,1134660540617.0
2026,134,Bonificaciones y asignaciones,935891189.0,845887989.0
2026,135,Bonificaciones y asignaciones,2301391323.0,2291061198.0
2026,136,Bonificaciones y asignaciones,287400788474.0,287400788474.0
2026,137,Bonificaciones y asignaciones,70064624257.0,68836268458.0
2026,138,Bonificaciones y asignaciones,443356910534.0,443356910534.0
2026,139,Bonificaciones y asignaciones,13762040.0,13762040.0
2026,141,Personal contratado,94638211627.0,86826093153.0
2026,142,Personal contratado,1811916253040.0,1772936388585.0
2026,143,Personal contratado,15320114773.0,15045312012.0
2026,144,Personal contratado,852513665241.0,831808753649.0
2026,145,Personal contratado,256065013656.0,237731710530.0
2026,146,Personal contratado,20569259247.0,20569259247.0
2026,147,Personal contratado,662317095.0,641261336.0
2026,148,Personal contratado,57625798133.0,31614010176.0
2026,161,Servicio exterior,104383827256.0,104383827256.0
2026,162,Servicio exterior,16244825029.0,16244825029.0
2026,191,Otros gastos del personal,123853905956.0,123766610320.0
2026,192,Otros gastos del personal,4000000.0,4000000.0
2026,193,Otros gastos del personal,160694230640.0,160694230640.0
2026,194,Otros gastos del personal,40771076388.0,40771076388.0
2026,195,Otros gastos del personal,66478246493.0,66478246493.0
2026,196,Otros gastos del personal,9293047856.0,9293047856.0
2026,199,Otros gastos del personal,111298821167.0,107504506316.0
