codigo_oee,descripcion_oee,vinculos,contratados,mujeres,meses,masa_total,Dietas,Gastos de representación
2,MUNICIPALIDAD DE CONCEPCION,360.6666666666667,303.3333333333333,145.83333333333334,12,10586287461.0,1592436000.0,999276000.0
3,MUNICIPALIDAD DE  BELEN,48.0,38.0,22.0,12,710280000.0,194400000.0,60600000.0
4,MUNICIPALIDAD DE HORQUETA,74.0,53.0,22.0,12,2374005816.0,383799312.0,332671212.0
5,MUNICIPALIDAD DE LORETO,41.166666666666664,25.416666666666668,12.0,12,1137870000.0,164700000.0,116320000.0
6,MUNICIPALIDAD DE SAN LAZARO,55.0,27.0,16.0,12,1636671672.0,331746912.0,273600000.0
7,MUNICIPALIDAD DE YBYYAU,17.0,0.0,4.0,8,833887256.0,721887256.0,0.0
8,MUNICIPALIDAD DE SAN PEDRO DEL YCUAMANDIYU,90.0,73.16666666666667,32.916666666666664,12,3373666958.0,434400252.0,387616596.0
10,MUNICIPALIDAD DE CHORE,55.0,32.0,20.0,12,1549254444.0,209520000.0,217800000.0
11,MUNICIPALIDAD DE GRAL.ELIZARDO AQUINO,36.166666666666664,13.833333333333334,10.75,12,959475863.0,152357541.0,119260785.0
12,MUNICIPALIDAD DE ITACURUBI  DEL ROSARIO,29.583333333333332,19.75,9.583333333333334,12,883492922.0,0.0,114200000.0
13,MUNICIPALIDAD DE LIMA,47.5,33.5,16.833333333333332,12,1157420000.0,131112000.0,117648000.0
14,MUNICIPALIDAD DE NUEVA GERMANIA,23.916666666666668,11.916666666666666,9.916666666666666,12,393202000.0,93180000.0,77172000.0
15,MUNICIPALIDAD DE SAN ESTANISLAO,93.08333333333333,62.083333333333336,40.75,12,3217388712.0,701483472.0,596638416.0
16,MUNICIPALIDAD DE YRYBUCUA,46.083333333333336,33.083333333333336,13.0,12,899020000.0,139680000.0,46080000.0
17,MUNICIPALIDAD DE SAN PABLO,27.0,15.0,10.0,12,411180000.0,60264000.0,71736000.0
18,MUNICIPALIDAD DE TACUATI,31.5,18.5,11.583333333333334,12,641213952.0,90888000.0,47862000.0
19,MUNICIPALIDAD DE UNION,36.666666666666664,21.916666666666668,9.333333333333334,12,493900000.0,91800000.0,79800000.0
20,MUNICIPALIDAD DE 25 DE DICIEMBRE,44.0,31.0,20.636363636363637,11,532400000.0,56400000.0,45600000.0
22,MUNICIPALIDAD DE GRAL. F. RESQUIN,44.333333333333336,32.0,14.0,12,866480000.0,115200000.0,91680000.0
23,MUNICIPALIDAD DE YATAITY DEL NORTE,34.0,21.0,11.0,12,680633034.0,66420000.0,66960000.0
24,MUNICIPALIDAD DE GUAJAYVI,58.25,48.25,23.0,12,1717320000.0,274320000.0,243655200.0
25,MUNICIPALIDAD DE CAPIIBARY,60.583333333333336,44.583333333333336,15.583333333333334,12,1250336144.0,238364208.0,76800000.0
26,MUNICIPALIDAD DE SANTA ROSA DEL AGUARAY,66.83333333333333,46.833333333333336,16.833333333333332,12,2715843872.0,693567072.0,363616800.0
27,MUNICIPALIDAD DE CAACUPE,255.08333333333334,200.75,115.0,12,9960406812.0,1146000000.0,701000000.0
28,MUNICIPALIDAD DE ALTOS,79.16666666666667,60.083333333333336,22.083333333333332,12,2267921600.0,442800000.0,0.0
29,MUNICIPALIDAD DE ARROYOS Y ESTEROS,66.4,46.3,27.9,10,1291047640.0,209983780.0,246147920.0
30,MUNICIPALIDAD DE ATYRA,57.6,44.6,17.1,10,1371709230.0,198216000.0,140544000.0
31,MUNICIPALIDAD DE CARAGUATAY,54.5,26.5,22.0,12,1464963400.0,201600000.0,127200000.0
32,MUNICIPALIDAD DE EMBOSCADA,70.58333333333333,42.0,36.166666666666664,12,2841100000.0,720000000.0,276000000.0
33,MUNICIPALIDAD DE EUSEBIO AYALA,88.0,57.166666666666664,21.0,12,2690655891.0,371670267.0,218456400.0
34,MUNICIPALIDAD DE ISLA PUCU,42.916666666666664,29.916666666666668,17.583333333333332,12,712557276.0,191700000.0,30000000.0
35,MUNICIPALIDAD DE ITACURUBI DE LA CORDILLERA,56.666666666666664,41.5,26.916666666666668,12,1548055089.0,226321046.0,242319029.0
37,MUNICIPALIDAD DE LOMA GRANDE,33.5,23.5,10.083333333333334,12,905546298.0,120623741.0,138249428.0
38,MUNICIPALIDAD DE MBOCAYATY DEL YHAGUY,29.583333333333332,17.833333333333332,12.416666666666666,12,289102336.0,54000000.0,2700000.0
39,MUNICIPALIDAD DE NUEVA COLOMBIA,37.416666666666664,23.583333333333332,17.0,12,1136941667.0,159765000.0,109180000.0
40,MUNICIPALIDAD DE PIRIBEBUY,69.11111111111111,32.111111111111114,27.0,9,1679830000.0,363600000.0,297000000.0
42,MUNICIPALIDAD DE SAN BERNARDINO,262.6666666666667,211.16666666666666,113.25,12,11767411144.0,2417031360.0,1404303360.0
43,MUNICIPALIDAD DE SANTA ELENA,39.5,26.5,17.083333333333332,12,644614800.0,117312000.0,32130000.0
44,MUNICIPALIDAD DE TOBATI,75.75,57.833333333333336,25.25,12,2445340000.0,387740000.0,311900000.0
45,MUNICIPALIDAD DE VALENZUELA,26.083333333333332,4.0,12.416666666666666,12,653487064.0,138345300.0,138841764.0
46,MUNICIPALIDAD DE SAN JOSE OBRERO,22.444444444444443,11.444444444444445,6.555555555555555,9,340140000.0,50625000.0,52900000.0
47,MUNICIPALIDAD DE VILLARRICA DEL ESPIRITU SANTO,332.4166666666667,225.25,145.5,12,9555202674.0,1422500000.0,63000000.0
48,MUNICIPALIDAD DE BORJA,21.416666666666668,10.416666666666666,8.333333333333334,12,341960000.0,67200000.0,39600000.0
49,MUNICIPALIDAD DE CAPITAN MAURICIO JOSE TROCHE,32.833333333333336,25.833333333333332,17.166666666666668,12,503500000.0,0.0,16500000.0
50,MUNICIPALIDAD DE CORONEL MARTINEZ,44.333333333333336,33.333333333333336,21.666666666666668,12,684700000.0,60476220.0,131523780.0
51,MUNICIPALIDAD DE FELIX PEREZ CARDOZO,46.833333333333336,35.833333333333336,14.75,12,675947649.0,75384000.0,72304000.0
53,MUNICIPALIDAD DE INDEPENDENCIA,60.75,46.75,21.583333333333332,12,1579400000.0,278640000.0,206400000.0
54,MUNICIPALIDAD DE ITAPE,39.25,27.416666666666668,11.916666666666666,12,636136000.0,51480000.0,86650000.0
55,MUNICIPALIDAD DE ITURBE,39.25,23.25,12.083333333333334,12,673580000.0,57600000.0,55200000.0
56,MUNICIPALIDAD DE JOSE A. FASSARDI,33.166666666666664,22.166666666666668,8.916666666666666,12,496140000.0,40950000.0,39000000.0
57,MUNICIPALIDAD DE MBOCAYATY DEL GUAIRA,27.833333333333332,14.833333333333334,7.0,12,534700000.0,118800000.0,54000000.0
58,MUNICIPALIDAD DE NATALICIO TALAVERA,42.63636363636363,31.636363636363637,14.272727272727273,11,398300000.0,16200000.0,103500000.0
59,MUNICIPALIDAD DE ÑUMI,31.0,20.0,9.0,12,232647600.0,6447600.0,0.0
60,MUNICIPALIDAD DE SAN SALVADOR,42.916666666666664,31.916666666666668,15.666666666666666,12,519500000.0,54000000.0,49800000.0
61,MUNICIPALIDAD DE YATAITY DEL GUAIRA,45.333333333333336,31.333333333333332,24.666666666666668,12,412174867.0,34650000.0,29652000.0
62,MUNICIPALIDAD DE DR. BOTRELL,41.25,29.333333333333332,20.333333333333332,12,341714885.0,14697000.0,18492000.0
63,MUNICIPALIDAD DE PASO YOBAI,42.0,31.0,12.083333333333334,12,989587747.0,140400000.0,105600000.0
64,MUNICIPALIDAD DE CORONEL OVIEDO,371.6666666666667,247.0,150.58333333333334,12,12670707328.0,1622400000.0,997100000.0
65,MUNICIPALIDAD DE CAAGUAZU,168.5,121.5,55.0,6,3485903808.0,592200000.0,567000000.0
66,MUNICIPALIDAD DE CARAYAO,36.75,23.75,11.25,12,715860000.0,96000000.0,140400000.0
67,MUNICIPALIDAD DE DR. CECILIO BAEZ,27.916666666666668,15.916666666666666,9.083333333333334,12,629618817.0,64800000.0,80268000.0
68,MUNICIPALIDAD DE SANTA.ROSA DEL MBUTUY,25.75,14.0,7.75,12,561560000.0,84768000.0,84432000.0
69,MUNICIPALIDAD DE DR. JUAN MANUEL FRUTOS,55.166666666666664,36.5,22.333333333333332,12,1490693120.0,0.0,246011520.0
70,MUNICIPALIDAD DE REPATRIACION,48.166666666666664,35.25,13.833333333333334,12,1762022182.0,192535400.0,212825000.0
71,MUNICIPALIDAD DE NUEVA LONDRES,34.0,23.0,14.0,12,523800000.0,68040000.0,81480000.0
72,MUNICIPALIDAD DE SAN JOAQUIN,32.916666666666664,19.916666666666668,5.666666666666667,12,749172000.0,95580000.0,114840000.0
73,MUNICIPALIDAD DE SAN JOSE DE LOS ARROYOS,59.166666666666664,37.416666666666664,13.166666666666666,12,1525617612.0,218819523.0,154558779.0
74,MUNICIPALIDAD DE YHU,59.916666666666664,41.25,18.5,12,148183336.0,0.0,0.0
75,MUNICIPALIDAD DE DR. J. EULOGIO ESTIGARRIBIA,123.0,102.0,42.0,4,1139560000.0,292800000.0,149360000.0
76,MUNICIPALIDAD DE R.I. 3 CORRALES,46.333333333333336,34.333333333333336,11.583333333333334,12,1030160000.0,87600000.0,74760000.0
77,MUNICIPALIDAD DE RAUL ARSENIO OVIEDO,35.666666666666664,25.583333333333332,10.0,12,1477758311.0,163254690.0,128145310.0
78,MUNICIPALIDAD DE JOSE DOMINGO OCAMPOS,66.45454545454545,45.54545454545455,24.818181818181817,11,1238196123.0,158368020.0,83631588.0
79,MUNICIPALIDAD DE MARISCAL FRANCISCO SOLANO LOPEZ,39.75,17.25,12.833333333333334,12,1611991666.0,280800000.0,242400000.0
81,MUNICIPALIDAD DE 3 DE FEBRERO,35.25,23.25,11.5,12,425760000.0,33912000.0,111768000.0
82,MUNICIPALIDAD DE SIMON BOLIVAR,34.0,22.0,7.0,12,774010000.0,108000000.0,112700000.0
83,MUNICIPALIDAD DE VAQUERIA,20.0,8.0,6.0,12,587600000.0,140400000.0,166800000.0
84,MUNICIPALIDAD DE CAAZAPA,83.58333333333333,51.583333333333336,25.666666666666668,12,2644440000.0,504000000.0,312000000.0
85,MUNICIPALIDAD DE ABAI,66.91666666666667,50.916666666666664,28.75,12,2007192170.0,495800000.0,407200004.0
86,MUNICIPALIDAD DE BUENA VISTA,35.75,19.333333333333332,9.0,12,0.0,0.0,0.0
87,MUNICIPALIDAD DE DR. MOISES BERTONI,33.666666666666664,22.666666666666668,10.0,12,469000000.0,59400000.0,48600000.0
88,MUNICIPALIDAD DE GRAL.MORINIGO,29.083333333333332,24.0,4.083333333333333,12,604150000.0,0.0,126000000.0
89,MUNICIPALIDAD DE MACIEL,34.083333333333336,20.166666666666668,11.833333333333334,12,537320000.0,49440000.0,51660000.0
90,MUNICIPALIDAD DE SAN JUAN NEPOMUCENO,81.33333333333333,58.333333333333336,32.083333333333336,12,1872049472.0,378149472.0,232800000.0
91,MUNICIPALIDAD DE TAVAI,28.0,17.0,5.0,12,762000000.0,122912901.0,143487099.0
92,MUNICIPALIDAD DE FULGENCIO YEGROS,45.916666666666664,33.916666666666664,15.0,12,1084880000.0,93600000.0,23700000.0
93,MUNICIPALIDAD DE YUTY,77.83333333333333,51.583333333333336,29.916666666666668,12,1798640000.0,80400000.0,183048000.0
94,MUNICIPALIDAD DE ENCARNACION,1356.0,1139.1666666666667,502.5,12,37384656711.0,2188315248.0,494350000.0
95,MUNICIPALIDAD DE BELLA VISTA,77.75,53.75,24.333333333333332,12,3257170908.0,699599901.0,189355066.0
96,MUNICIPALIDAD DE CAMBYRETA,205.75,173.75,87.08333333333333,12,8995967242.0,937700000.0,737600000.0
97,MUNICIPALIDAD DE CAPITAN MEZA,81.58333333333333,53.5,26.75,12,2670161419.0,363480000.0,350463750.0
98,MUNICIPALIDAD DE CAPITAN MIRANDA,70.08333333333333,46.083333333333336,24.916666666666668,12,2896893582.0,358800000.0,236600000.0
99,MUNICIPALIDAD DE NUEVA ALBORADA,32.54545454545455,17.09090909090909,10.0,11,643850000.0,51719997.0,36780003.0
100,MUNICIPALIDAD DE CARMEN DEL PARANA,90.83333333333333,68.83333333333333,25.75,12,790749790.0,0.0,7500000.0
101,MUNICIPALIDAD DE CORONEL BOGADO,93.41666666666667,64.41666666666667,22.916666666666668,12,2967058000.0,453600000.0,222000000.0
102,MUNICIPALIDAD DE CARLOS ANTONIO LOPEZ,90.58333333333333,69.75,24.833333333333332,12,2902119000.0,385320000.0,389480000.0
103,MUNICIPALIDAD DE NATALIO,82.33333333333333,58.75,27.0,12,2169031000.0,405720000.0,58800000.0
104,MUNICIPALIDAD DE FRAM,71.25,39.333333333333336,24.833333333333332,12,3118607475.0,344278383.0,112200048.0
105,MUNICIPALIDAD DE GENERAL ARTIGAS,54.45454545454545,34.45454545454545,22.727272727272727,11,1006275000.0,203600000.0,119100000.0
106,MUNICIPALIDAD DE GENERAL DELGADO,26.833333333333332,15.833333333333334,7.083333333333333,12,503720000.0,74880000.0,30360000.0
107,MUNICIPALIDAD DE HOHENAU,103.83333333333333,76.83333333333333,30.666666666666668,12,4121776269.0,781000000.0,119500000.0
108,MUNICIPALIDAD DE JESUS,51.25,31.666666666666668,14.166666666666666,12,1135936000.0,174720000.0,14316000.0
109,MUNICIPALIDAD DE JOSE LEANDRO OVIEDO,54.0,41.0,27.083333333333332,12,607239667.0,29920000.0,36480000.0
110,MUNICIPALIDAD DE OBLIGADO,120.5,91.41666666666667,44.416666666666664,12,5219165570.0,1022400000.0,386400000.0
111,MUNICIPALIDAD DE MAYOR OTAÑO,51.583333333333336,37.583333333333336,17.416666666666668,12,1292649363.0,172152000.0,120456000.0
112,MUNICIPALIDAD DE SAN COSME Y SAN DAMIAN,69.75,52.916666666666664,23.416666666666668,12,1596720000.0,144000000.0,237600000.0
113,MUNICIPALIDAD DE SAN PEDRO DEL PARANA,100.27272727272727,80.27272727272727,33.54545454545455,11,2312551500.0,326095000.0,283266500.0
114,MUNICIPALIDAD DE SAN RAFAEL DEL PARANA,101.75,81.25,28.333333333333332,12,3545776000.0,506200000.0,325100000.0
115,MUNICIPALIDAD DE TRINIDAD,38.333333333333336,16.833333333333332,15.666666666666666,12,1539867265.0,132000000.0,99250000.0
116,MUNICIPALIDAD DE EDELIRA,67.41666666666667,51.666666666666664,28.583333333333332,12,2118130497.0,269066190.0,242434861.0
117,MUNICIPALIDAD DE TOMAS ROMERO PEREIRA,116.16666666666667,97.16666666666667,34.666666666666664,12,4830187360.0,0.0,390000000.0
118,MUNICIPALIDAD DE ALTO VERA,46.0,27.416666666666668,7.333333333333333,12,1194176000.0,122976000.0,124800000.0
119,MUNICIPALIDAD DE LA PAZ,30.166666666666668,16.0,13.083333333333334,12,1122682416.0,208392000.0,61780000.0
120,MUNICIPALIDAD DE YATYTAY,60.416666666666664,43.083333333333336,15.0,12,1276034000.0,144450000.0,96684000.0
121,MUNICIPALIDAD DE SAN JUAN DEL PARANA,106.25,90.25,37.416666666666664,12,4607650589.0,622740012.0,532524101.0
122,MUNICIPALIDAD DE PIRAPO,68.41666666666667,46.416666666666664,24.666666666666668,12,2559804736.0,379976366.0,79818108.0
123,MUNICIPALIDAD DE ITAPUA POTY,46.166666666666664,22.166666666666668,13.0,12,1272826500.0,187200000.0,0.0
124,MUNICIPALIDAD DE SAN JUAN BAUSTISTA DE LAS MISIONES,86.83333333333333,56.416666666666664,26.5,12,2051780000.0,720000000.0,144000000.0
125,MUNICIPALIDAD DE AYOLAS,136.58333333333334,104.16666666666667,48.083333333333336,12,4885117249.0,408000000.0,264000000.0
126,MUNICIPALIDAD DE SAN IGNACIO GUAZU,173.91666666666666,131.83333333333334,60.5,12,8765242871.0,979200000.0,556000000.0
127,MUNICIPALIDAD DE SAN MIGUEL MISIONES,56.75,33.75,17.083333333333332,12,1282364546.0,183600000.0,146580000.0
129,MUNICIPALIDAD DE SANTA MARIA,45.166666666666664,25.666666666666668,16.333333333333332,12,55020000.0,0.0,0.0
130,MUNICIPALIDAD DE SANTA ROSA MISIONES,99.75,80.75,33.333333333333336,12,2827992152.0,304500000.0,335200000.0
131,MUNICIPALIDAD DE SANTIAGO,55.916666666666664,37.916666666666664,22.833333333333332,12,1404008467.0,172920000.0,179270000.0
132,MUNICIPALIDAD DE VILLA FLORIDA,54.25,41.583333333333336,13.25,12,1197000000.0,210460000.0,187640000.0
133,MUNICIPALIDAD DE YABEBYRY,41.5,25.5,21.0,12,391540000.0,97440000.0,18000000.0
134,MUNICIPALIDAD DE PARAGUARI,172.58333333333334,131.0,73.75,12,4627849222.0,734400000.0,219600000.0
135,MUNICIPALIDAD DE ACAHAY,34.0,22.0,13.0,12,964470000.0,132210000.0,117000000.0
136,MUNICIPALIDAD DE CAAPUCU,19.333333333333332,0.0,9.083333333333334,12,580832459.0,0.0,0.0
137,MUNICIPALIDAD DE GENERAL CABALLERO,45.0,33.083333333333336,12.666666666666666,12,892818533.0,62000000.0,79600000.0
138,MUNICIPALIDAD DE CARAPEGUA,125.83333333333333,87.41666666666667,42.416666666666664,12,3164406000.0,631200000.0,314400000.0
139,MUNICIPALIDAD DE ESCOBAR,32.416666666666664,17.416666666666668,18.666666666666668,12,454155592.0,0.0,12000000.0
140,MUNICIPALIDAD DE LA COLMENA,47.0,35.0,12.0,11,972419500.0,113850000.0,32994500.0
141,MUNICIPALIDAD DE MBUYAPEY,36.333333333333336,21.333333333333332,7.333333333333333,12,617960000.0,48400000.0,65000000.0
142,MUNICIPALIDAD DE PIRAYU,64.91666666666667,50.416666666666664,27.333333333333332,12,1774474683.0,223941024.0,178519380.0
143,MUNICIPALIDAD DE QUIINDY,76.75,49.75,28.25,12,2292735517.0,339116500.0,269932500.0
144,MUNICIPALIDAD DE QUYQUYHO,51.083333333333336,40.083333333333336,12.0,12,590950000.0,87318324.0,47081676.0
145,MUNICIPALIDAD DE SAN ROQUE GONZALEZ DE SANTA CRUZ,30.0,16.0,11.0,12,637200000.0,86400000.0,138600000.0
146,MUNICIPALIDAD DE SAPUCAI,28.666666666666668,13.916666666666666,9.666666666666666,12,552860000.0,75600000.0,76800000.0
147,MUNICIPALIDAD DE TEBICUARYMI,30.0,18.0,11.0,12,556880000.0,75600000.0,38400000.0
148,MUNICIPALIDAD DE YAGUARON,100.16666666666667,73.33333333333333,44.166666666666664,12,2338631838.0,337653422.0,275686416.0
149,MUNICIPALIDAD DE YBYCUI,61.7,41.7,27.6,10,1377811200.0,207300720.0,135017940.0
150,MUNICIPALIDAD DE YBYTYMI,29.333333333333332,19.333333333333332,10.0,12,843658096.0,93317076.0,155321964.0
151,MUNICIPALIDAD DE CIUDAD DEL ESTE,2109.9166666666665,1801.9166666666667,997.0833333333334,12,100710485241.0,2128333000.0,698875000.0
152,MUNICIPALIDAD DE PRESIDENTE FRANCO,478.5,388.1666666666667,180.0,12,12681410000.0,1296000000.0,1047840000.0
153,MUNICIPALIDAD DE DOMINGO MARTINEZ DE IRALA,63.25,50.25,13.333333333333334,12,1452890000.0,259200000.0,169800000.0
154,MUNICIPALIDAD DE JUAN LEON MALLORQUIN,64.41666666666667,46.25,23.583333333333332,12,2447350000.0,347328000.0,267072000.0
155,MUNICIPALIDAD DE HERNANDARIAS,445.4166666666667,333.5,211.33333333333334,12,17218119543.0,2207296521.0,1047400000.0
156,MUNICIPALIDAD DE SANTA FE DEL PARANA,62.25,39.25,30.583333333333332,12,2603042705.0,415400000.0,278400000.0
157,MUNICIPALIDAD DE ITAKYRY,93.66666666666667,66.75,28.75,12,3501841606.0,561600000.0,476400000.0
158,MUNICIPALIDAD DE JUAN E. O'LEARY,51.083333333333336,33.416666666666664,17.916666666666668,12,1304196119.0,106021697.0,317824422.0
159,MUNICIPALIDAD DE ÑACUNDAY,56.0,30.0,18.25,12,2106331732.0,417600000.0,319200000.0
160,MUNICIPALIDAD DE YGUAZU,55.083333333333336,32.083333333333336,12.5,12,2185512104.0,395359776.0,283784016.0
161,MUNICIPALIDAD DE LOS CEDRALES,76.66666666666667,51.333333333333336,28.0,12,2510355016.0,365690304.0,408309696.0
162,MUNICIPALIDAD DE MINGA GUAZU,260.0,160.16666666666666,112.66666666666667,12,11968636944.0,2326612896.0,1296000000.0
163,MUNICIPALIDAD DE SAN CRISTOBAL,57.583333333333336,39.75,16.833333333333332,12,2837890439.0,455165256.0,442115804.0
164,MUNICIPALIDAD DE SANTA RITA,199.66666666666666,61.666666666666664,78.33333333333333,12,10222578747.0,1449303420.0,711266220.0
165,MUNICIPALIDAD DE NARANJAL,63.0,43.5,16.75,12,3660790069.0,748800000.0,252200000.0
166,MUNICIPALIDAD DE STA. ROSA DEL MONDAY,65.08333333333333,42.833333333333336,23.0,12,3340017084.0,471456000.0,296058000.0
167,MUNICIPALIDAD DE MINGA PORA,87.0,65.66666666666667,32.0,12,2678211118.0,388800000.0,210600000.0
168,MUNICIPALIDAD DE MBARACAYU,75.0,56.583333333333336,25.25,12,3139765723.0,426500000.0,286880064.0
169,MUNICIPALIDAD DE SAN ALBERTO,108.0,82.27272727272727,39.36363636363637,11,4169134334.0,786000000.0,500000000.0
170,MUNICIPALIDAD DE IRUÑA,50.916666666666664,28.0,16.833333333333332,12,2475931395.0,458137556.0,0.0
171,MUNICIPALIDAD DE AREGUA,191.0,146.91666666666666,89.41666666666667,12,5145747554.0,427416593.0,339029488.0
172,MUNICIPALIDAD DE CAPIATA,1045.8333333333333,893.0,503.3333333333333,12,34876211018.0,2018691770.0,1269733334.0
173,MUNICIPALIDAD DE FERNANDO DE LA MORA,1101.9166666666667,717.5833333333334,511.0833333333333,12,37430576543.0,1565610895.0,1610977142.0
174,MUNICIPALIDAD DE GUARAMBARE,150.66666666666666,115.83333333333333,64.5,12,6358395250.0,1123200000.0,768600000.0
175,MUNICIPALIDAD DE ITA,171.33333333333334,155.33333333333334,57.333333333333336,12,6117397311.0,1089600000.0,841580000.0
176,MUNICIPALIDAD DE ITAUGUA,351.75,301.25,161.58333333333334,12,11917957564.0,1544000000.0,1072250000.0
177,MUNICIPALIDAD DE LAMBARE,790.6666666666666,505.5833333333333,329.0,12,29779867486.0,1935809852.0,1514650651.0
178,MUNICIPALIDAD DE LIMPIO,297.5833333333333,160.75,151.16666666666666,12,11733769888.0,1778832000.0,1364964000.0
179,MUNICIPALIDAD DE LUQUE,968.6666666666666,742.0,424.5833333333333,12,36901725515.0,1610496000.0,1240704000.0
180,MUNICIPALIDAD DE MARIANO ROQUE ALONSO,542.5833333333334,309.8333333333333,283.8333333333333,12,17509552031.0,3482559120.0,0.0
181,MUNICIPALIDAD DE NUEVA ITALIA,68.33333333333333,53.333333333333336,25.666666666666668,12,2055569342.0,409768167.0,353222421.0
182,MUNICIPALIDAD DE ÑEMBY,272.6666666666667,229.16666666666666,97.66666666666667,12,12416386341.0,0.0,0.0
183,MUNICIPALIDAD DE SAN ANTONIO,187.0,162.41666666666666,78.83333333333333,12,9624673441.0,1354141480.0,1509729080.0
184,MUNICIPALIDAD DE SAN LORENZO,1203.0,790.1666666666666,549.25,12,48438356336.0,2610725832.0,2099508116.0
185,MUNICIPALIDAD DE VILLA ELISA,347.0833333333333,242.33333333333334,152.91666666666666,12,13550288885.0,1718828575.0,1344884965.0
186,MUNICIPALIDAD DE VILLETA,179.25,129.0,78.5,12,8676510900.0,2435314156.0,249119908.0
187,MUNICIPALIDAD DE YPACARAI,111.75,65.5,36.083333333333336,12,4386533916.0,643222932.0,598056168.0
188,MUNICIPALIDAD DE YPANE,127.25,113.25,59.833333333333336,12,5346989004.0,1211778000.0,959142200.0
189,MUNICIPALIDAD DE J. AUGUSTO SALDIVAR,112.54545454545455,99.0,41.81818181818182,11,3493639360.0,649034400.0,513638560.0
190,MUNICIPALIDAD DE PILAR,153.58333333333334,65.75,71.83333333333333,12,5950704530.0,882720000.0,636000000.0
191,MUNICIPALIDAD DE ALBERDI,38.166666666666664,22.166666666666668,13.083333333333334,12,479200000.0,0.0,0.0
192,MUNICIPALIDAD DE CERRITO,118.33333333333333,101.33333333333333,55.666666666666664,12,1498977059.0,62400000.0,39000000.0
193,MUNICIPALIDAD DE DESMOCHADOS,22.0,11.0,7.0,12,138316428.0,13907628.0,3480000.0
194,MUNICIPALIDAD DE GENERAL JOSE EDUVIGIS DIAZ,33.416666666666664,16.416666666666668,11.0,12,399538008.0,35617248.0,24932160.0
195,MUNICIPALIDAD DE GUAZU CUA,38.75,25.75,12.083333333333334,12,524861538.0,34200000.0,32400000.0
196,MUNICIPALIDAD DE HUMAITA,60.0,45.0,28.5,12,765610000.0,34560000.0,35040000.0
197,MUNICIPALIDAD DE ISLA UMBU,46.666666666666664,32.666666666666664,14.666666666666666,12,579700000.0,43200000.0,21600000.0
198,MUNICIPALIDAD DE LAURELES,76.91666666666667,61.416666666666664,28.5,12,773364000.0,19224000.0,19440000.0
199,MUNICIPALIDAD DE MAYOR JOSE D. MARTINEZ,27.0,11.0,10.0,12,222974832.0,20174832.0,0.0
200,MUNICIPALIDAD DE PASO DE PATRIA,48.75,38.083333333333336,14.75,12,662360000.0,21600000.0,7560000.0
201,MUNICIPALIDAD DE SAN JUAN BAUTISTA DE ÑEEMBUCU,29.333333333333332,17.333333333333332,9.166666666666666,12,388598964.0,74798964.0,34800000.0
202,MUNICIPALIDAD DE TACUARAS,46.09090909090909,24.09090909090909,19.636363636363637,11,559525000.0,79200000.0,53680000.0
203,MUNICIPALIDAD DE VILLA FRANCA,42.916666666666664,26.916666666666668,15.833333333333334,12,462638345.0,77722110.0,68860000.0
204,MUNICIPALIDAD DE VILLA OLIVA,40.72727272727273,27.818181818181817,14.909090909090908,11,1099498600.0,152880000.0,169777600.0
205,MUNICIPALIDAD DE VILLALBIN,43.583333333333336,27.583333333333332,18.416666666666668,12,420240000.0,28800000.0,39960000.0
206,MUNICIPALIDAD DE PEDRO J. CABALLERO,483.4166666666667,370.0833333333333,149.41666666666666,12,25651535805.0,2424992184.0,1688000000.0
207,MUNICIPALIDAD DE BELLA VISTA - NORTE,39.916666666666664,15.25,10.833333333333334,12,1157421000.0,382200000.0,118300000.0
208,MUNICIPALIDAD DE CAPITAN BADO,78.0,34.0,27.0,12,2949985680.0,576000000.0,281904000.0
209,MUNICIPALIDAD DE SALTO DEL GUAIRA,216.16666666666666,190.66666666666666,86.83333333333333,12,9757834719.0,1591200000.0,664300000.0
210,MUNICIPALIDAD DE CORPUS CHRISTI,60.416666666666664,43.416666666666664,13.333333333333334,12,1407800000.0,256800000.0,310200000.0
211,MUNICIPALIDAD DE VILLA CURUGUATY,100.41666666666667,80.5,33.833333333333336,12,3056328602.0,599040000.0,476760000.0
212,MUNICIPALIDAD DE YASY CAÑY,40.75,25.75,10.333333333333334,12,956560000.0,100800000.0,242400000.0
213,MUNICIPALIDAD DE VILLA YGATIMI,48.0,26.0,12.0,12,1215545448.0,254117664.0,235482336.0
214,MUNICIPALIDAD DE ITANARA,26.833333333333332,11.833333333333334,12.0,12,685000000.0,163800000.0,130100000.0
215,MUNICIPALIDAD DE YPE JHU,36.0,24.0,6.0,12,787800000.0,216000000.0,0.0
216,MUNICIPALIDAD DE GENERAL FRANCISCO CABALLERO ALVAREZ,51.083333333333336,25.75,18.666666666666668,12,2169289083.0,362640000.0,399860000.0
217,MUNICIPALIDAD DE KATUETE,115.83333333333333,94.91666666666667,35.083333333333336,12,5322296443.0,886600000.0,457200000.0
218,MUNICIPALIDAD DE LA PALOMA,62.333333333333336,39.333333333333336,23.0,12,3183235141.0,421652550.0,482522590.0
219,MUNICIPALIDAD DE NUEVA ESPERANZA,103.58333333333333,81.58333333333333,41.75,12,5940644790.0,576206949.0,1244165967.0
220,MUNICIPALIDAD DE BENJAMIN ACEVAL,104.91666666666667,62.583333333333336,32.75,12,5783495283.0,915482880.0,760837440.0
221,MUNICIPALIDAD DE PUERTO PINASCO,125.25,109.25,53.5,12,2398134148.0,467634384.0,399344112.0
222,MUNICIPALIDAD DE VILLA HAYES,260.6666666666667,164.08333333333334,101.41666666666667,12,13054300029.0,1416408645.0,840316800.0
223,MUNICIPALIDAD DE NANAWA,52.333333333333336,38.333333333333336,21.333333333333332,12,1238656800.0,137372400.0,192404400.0
224,MUNICIPALIDAD DE JOSE FALCON,114.91666666666667,72.41666666666667,58.25,12,3339090456.0,591624000.0,621888000.0
226,MUNICIPALIDAD DE LA VICTORIA,48.09090909090909,19.09090909090909,13.0,11,1824593508.0,468600000.0,269263687.0
227,MUNICIPALIDAD DE BAHIA NEGRA,33.166666666666664,6.166666666666667,14.0,12,1047423632.0,374400000.0,168000000.0
228,MUNICIPALIDAD DE MARISCAL JOSE FELIX ESTIGARRIBIA,143.58333333333334,108.66666666666667,37.25,12,11139188979.0,156000000.0,430300000.0
229,MUNICIPALIDAD DE TTE. 1RO. MANUEL IRALA FERNANDEZ,45.25,26.416666666666668,12.083333333333334,12,2030883916.0,518568600.0,390660000.0
230,MUNICIPALIDAD DE FILADELFIA,194.0909090909091,177.0909090909091,49.09090909090909,11,12431139677.0,1554000000.0,273000000.0
231,MUNICIPALIDAD DE LOMA PLATA,146.08333333333334,130.08333333333334,71.66666666666667,12,9315696435.0,1602370561.0,1090637865.0
232,MUNICIPALIDAD DE TENIENTE ESTEBAN MARTINEZ,54.583333333333336,38.75,23.0,12,1581967944.0,231079248.0,218755488.0
233,MUNICIPALIDAD DE GENERAL JOSE MARIA BRUGUEZ,59.75,36.166666666666664,20.5,12,2880764515.0,380061000.0,427523000.0
233,MUNICIPALIDAD DE TEMBIAPORA,37.666666666666664,22.666666666666668,10.083333333333334,12,2880764515.0,380061000.0,427523000.0
234,MUNICIPALIDAD DE TEBICUARY,54.666666666666664,35.666666666666664,19.75,12,1258663000.0,230880000.0,175580000.0
235,MUNICIPALIDAD DE CARMELO PERALTA,31.166666666666668,17.166666666666668,7.583333333333333,12,1737502318.0,345600000.0,111132000.0
237,MUNICIPALIDAD DE SAN CARLOS DEL APA,31.75,20.75,14.5,12,530100000.0,75600000.0,50400000.0
238,MUNICIPALIDAD DE AZOTEY,40.416666666666664,26.416666666666668,6.75,12,971900000.0,162000000.0,0.0
239,MUNICIPALIDAD DE LIBERACION,57.5,43.25,11.166666666666666,12,1323959600.0,275400000.0,192600000.0
240,MUNICIPALIDAD DE TAVAPY,60.25,41.666666666666664,19.833333333333332,12,1828348334.0,248400000.0,242800000.0
241,MUNICIPALIDAD DE SARGENTO JOSE FELIX LOPEZ,23.25,11.25,7.0,12,739900000.0,162000000.0,90000000.0
242,MUNICIPALIDAD DE ZANJA PYTA,35.5,24.5,10.0,12,954600000.0,220800000.0,0.0
243,MUNICIPALIDAD DE NUEVA TOLEDO,33.583333333333336,21.583333333333332,15.75,12,1049300000.0,216000000.0,73200000.0
244,MUNICIPALIDAD DE YVYRAROBANA,22.083333333333332,8.083333333333334,6.416666666666667,12,697200000.0,214200000.0,126000000.0
246,MUNICIPALIDAD DE DR. RAUL PENA,28.0,10.0,5.0,9,565100000.0,159000000.0,0.0
247,MUNICIPALIDAD DE YBY PYTA,36.833333333333336,24.833333333333332,9.0,12,829140000.0,122400000.0,151600000.0
249,MUNICIPALIDAD DE SAN ALFREDO,20.25,9.25,12.0,12,574024400.0,189810000.0,105654400.0
250,MUNICIPALIDAD DE KARAPAI,26.916666666666668,15.0,8.0,12,831780642.0,207706260.0,169394382.0
251,MUNICIPALIDAD DE MARACANA,41.0,27.0,11.0,12,1249579680.0,172579680.0,126000000.0
255,MUNICIPALIDAD DE PUERTO ADELA,27.5,13.5,5.5,12,1099555623.0,153288973.0,144332835.0
256,MUNICIPALIDAD DE LAUREL,30.833333333333332,18.833333333333332,8.833333333333334,12,671287552.0,144720000.0,94680000.0
257,MUNICIPALIDAD DE PASO HORQUETA,36.666666666666664,17.75,15.833333333333334,12,887485758.0,148805613.0,111442656.0
258,MUNICIPALIDAD DE CAMPO ACEVAL,33.666666666666664,18.666666666666668,8.833333333333334,12,1351148016.0,244557657.0,225190359.0
259,MUNICIPALIDAD DE CERRO CORA,34.666666666666664,19.333333333333332,13.0,9,757844404.0,176250000.0,10550000.0
260,MUNICIPALIDAD DE SAN JOSE DEL ROSARIO,34.666666666666664,19.666666666666668,15.666666666666666,12,650100000.0,140400000.0,78000000.0
261,MUNICIPALIDAD DE BOQUERON,71.25,59.25,22.916666666666668,12,4919855360.0,756000000.0,396000000.0
262,MUNICIPALIDAD DE NUEVA ASUNCION,90.58333333333333,75.83333333333333,51.916666666666664,12,2585787914.0,380307609.0,338215302.0
263,MUNICIPALIDAD DE ITACUA,13.0,0.0,1.0,12,552000000.0,205200000.0,138000000.0
524,MUNICIPALIDAD DE ARROYITO,20.25,8.25,6.0,12,715620000.0,244620000.0,135600000.0
