anho,codigo_nivel,codigo_entidad,codigo_oee,descripcion_oee,sector,vinculos,contratados,mujeres,masa_acumulada,masa_mes,mes
2025,11,1,1,001-CONGRESO NACIONAL,Poder Legislativo,924.0,157.0,400.0,67110187010.0,8625441103.0,8
2025,11,2,1,002-CAMARA DE SENADORES,Poder Legislativo,1211.0,279.0,518.0,123864219645.0,15623142615.0,8
2025,11,3,1,003-CAMARA DE DIPUTADOS,Poder Legislativo,2206.0,579.0,986.0,161298026871.0,20166011683.0,8
2025,12,1,1,1-GABINETE CIVIL,Servicio civil del Ejecutivo,256.0,89.0,118.0,18342341898.0,2233852136.0,8
2025,12,1,2,2-GABINETE MILITAR,Servicio civil del Ejecutivo,19.0,2.0,9.0,8724275004.0,1086267938.0,8
2025,12,1,11,11-SECRETARIA NACIONAL ANTIDROGAS,Servicio civil del Ejecutivo,449.0,10.0,145.0,33091510663.0,4054262275.0,8
2025,12,1,12,12-CONSEJO DE LA DEFENSA NACIONAL,Servicio civil del Ejecutivo,12.0,0.0,2.0,1433004616.0,193032242.0,8
2025,12,1,14,14-SRIA.DE DESARROLLO P/ REPATRIADOS Y REFUGIADOS CONNACIONALES,Servicio civil del Ejecutivo,127.0,40.0,66.0,8482895777.0,1078724733.0,8
2025,12,1,15,15-PROCURADURIA GENERAL DE LA REPUBLICA,Servicio civil del Ejecutivo,109.0,3.0,51.0,10042032214.0,1207531926.0,8
2025,12,1,17,17-SECRETARIA DE EMERGENCIA NACIONAL,Servicio civil del Ejecutivo,183.0,88.0,51.0,6615030747.0,813206529.0,8
2025,12,1,18,18-SECRETARIA NACIONAL DE TURISMO,Servicio civil del Ejecutivo,243.0,88.0,134.0,14265585609.0,1654494468.0,8
2025,12,1,20,20-AUDITORIA GENERAL DEL PODER EJECUTIVO,Servicio civil del Ejecutivo,66.0,4.0,31.0,6652883256.0,779721660.0,8
2025,12,1,21,21-SECRETARIA NACIONAL DE CULTURA,Servicio civil del Ejecutivo,209.0,30.0,119.0,11211213350.0,1384672875.0,8
2025,12,1,23,23-SECRETARIA NACIONAL DE DEPORTES,Servicio civil del Ejecutivo,110.0,18.0,38.0,7813855447.0,1015673427.0,8
2025,12,1,29,29-SECRETARIA DE POLITICAS LINGUISTICAS,Servicio civil del Ejecutivo,40.0,2.0,18.0,2435288585.0,357896320.0,8
2025,12,1,30,30-SEC. NAC.POR LOS DDHH DE LAS PERS.CON DISCAPACIDAD (SENADIS),Servicio civil del Ejecutivo,467.0,83.0,273.0,19921543469.0,2485379630.0,8
2025,12,1,36,36-SECRETARIA DE PREVENCION DE LAVADO DE DINERO O BIENES,Servicio civil del Ejecutivo,71.0,4.0,34.0,6993279710.0,848212144.0,8
2025,12,1,38,38-CONSEJO NACIONAL DE CIENCIA Y TECNOLOGIA,Servicio civil del Ejecutivo,67.0,26.0,39.0,5137909586.0,652923425.0,8
2025,12,1,40,40-ESCRIBANIA MAYOR DE GOBIERNO,Servicio civil del Ejecutivo,26.0,1.0,11.0,1830992708.0,227243829.0,8
2025,12,1,50,50-AGENCIA ESPACIAL DEL PARAGUAY,Servicio civil del Ejecutivo,21.0,0.0,8.0,2152985001.0,266378155.0,8
2025,12,1,51,51-SECRETARIA NACIONAL DE LA JUVENTUD,Servicio civil del Ejecutivo,28.0,9.0,18.0,1854864045.0,236234413.0,8
2025,12,1,54,54-SECRETARIA NAC. DE ADM. DE BIENES INCAUTADOS Y COMISADOS,Servicio civil del Ejecutivo,20.0,3.0,7.0,3042965189.0,373831373.0,8
2025,12,1,56,56-ORQUESTA SINFONICA NACIONAL,Servicio civil del Ejecutivo,88.0,39.0,35.0,4121479467.0,499597779.0,8
2025,12,1,57,57-ORQUESTA NACIONAL DE MUSICA POPULAR,Servicio civil del Ejecutivo,55.0,37.0,19.0,2941819868.0,370262252.0,8
2025,12,2,1,002-VICEPRESIDENCIA DE LA REPUBLICA,Servicio civil del Ejecutivo,74.0,7.0,33.0,6202393659.0,770008436.0,8
2025,12,3,1,003-MINISTERIO DEL INTERIOR,Servicio civil del Ejecutivo,288.0,17.0,109.0,21336436526.0,2740754982.0,8
2025,12,3,2,025-POLICIA NACIONAL,Fuerzas públicas,38941.0,373.0,6932.0,2216997970836.0,266147140617.0,8
2025,12,4,1,004-MINISTERIO DE RELACIONES EXTERIORES,Servicio civil del Ejecutivo,1110.0,260.0,474.0,203061598575.0,25587588776.0,8
2025,12,5,1,005-MINISTERIO DE DEFENSA NACIONAL,Fuerzas públicas,21676.0,183.0,2587.0,1218102640963.0,144990277570.0,8
2025,12,6,1,006-MINISTERIO DE ECONOMIA Y FINANZAS,Servicio civil del Ejecutivo,1438.0,277.0,709.0,129840991034.0,16541745168.0,8
2025,12,7,1,007-MINISTERIO DE EDUCACION Y CIENCIAS,Educación,83580.0,124.0,58055.0,5027241004453.0,650836751971.0,8
2025,12,8,1,008-MINISTERIO DE SALUD PUBLICA Y BIENESTAR SOCIAL,Salud,62090.0,34884.0,42248.0,2874534103980.0,365022775610.0,8
2025,12,9,1,009-MINISTERIO DE JUSTICIA,Servicio civil del Ejecutivo,4558.0,2143.0,1715.0,167887515783.0,22631613821.0,8
2025,12,10,1,010-MINISTERIO DE AGRICULTURA Y GANADERIA,Servicio civil del Ejecutivo,2424.0,826.0,987.0,91606307041.0,11952696146.0,8
2025,12,11,1,011-MINISTERIO DE INDUSTRIA Y COMERCIO,Servicio civil del Ejecutivo,358.0,43.0,157.0,29728013141.0,3823352514.0,8
2025,12,13,1,013-MINISTERIO DE OBRAS PUBLICAS Y COMUNICACIONES,Servicio civil del Ejecutivo,3405.0,389.0,850.0,136547950104.0,17575831011.0,8
2025,12,14,1,014-MINISTERIO DE LA MUJER,Servicio civil del Ejecutivo,163.0,69.0,139.0,8650812418.0,1064660838.0,8
2025,12,16,1,"016-MINISTERIO DEL TRABAJO, EMPLEO Y SEGURIDAD SOCIAL",Servicio civil del Ejecutivo,2387.0,1483.0,1320.0,82520103593.0,11664711048.0,8
2025,12,17,1,017-MINISTERIO DEL AMBIENTE Y DESARROLLO SOSTENIBLE,Servicio civil del Ejecutivo,397.0,81.0,151.0,27509989224.0,4823693433.0,8
2025,12,18,1,018-MINISTERIO DE DESARROLLO SOCIAL,Servicio civil del Ejecutivo,1288.0,1014.0,781.0,45644150133.0,5587742334.0,8
2025,12,19,1,019-MINISTERIO DE URBANISMO VIVIENDA Y HABITAT,Servicio civil del Ejecutivo,633.0,158.0,337.0,42271551042.0,5334978164.0,8
2025,12,20,1,020-MINISTERIO DE LA NIÑEZ Y LA ADOLESCENCIA,Servicio civil del Ejecutivo,747.0,243.0,539.0,27683675720.0,3434754060.0,8
2025,12,21,1,021-MINISTERIO DE TECNOLOGIAS DE LA INFORMACION Y COMUNICACION,Servicio civil del Ejecutivo,392.0,170.0,163.0,25485403196.0,3234905567.0,8
2025,13,1,1,001-CORTE SUPREMA DE JUSTICIA,Poder Judicial,11977.0,9.0,7020.0,596137030133.0,70826526418.0,8
2025,13,2,1,002-JUSTICIA ELECTORAL,Poder Judicial,6805.0,1395.0,3351.0,249999925477.0,31710928735.0,8
2025,13,3,1,003-MINISTERIO PUBLICO,Poder Judicial,6197.0,553.0,3511.0,379660720945.0,47526573997.0,8
2025,13,4,1,004-CONSEJO DE LA MAGISTRATURA,Poder Judicial,231.0,73.0,109.0,15617488337.0,2067939916.0,8
2025,13,5,1,005-JURADO DE ENJUICIAMIENTO DE MAGISTRADOS,Poder Judicial,293.0,47.0,150.0,22404740568.0,2678363595.0,8
2025,13,6,1,006-MINISTERIO DE LA DEFENSA PUBLICA,Poder Judicial,2835.0,569.0,1763.0,141471922810.0,17940781125.0,8
2025,13,7,1,007-SINDICATURA GENERAL DE QUIEBRAS,Poder Judicial,98.0,23.0,43.0,7787492479.0,972075658.0,8
2025,14,1,1,001-CONTRALORIA GENERAL DE LA REPUBLICA,Otros organismos,1000.0,73.0,547.0,91890672379.0,12912336848.0,8
2025,15,1,1,001-DEFENSORIA DEL PUEBLO,Otros organismos,183.0,71.0,118.0,6629005004.0,829891723.0,8
2025,15,2,1,002-MECANISMO NACIONAL DE PREVENCION CONTRA LA TORTURA,Otros organismos,30.0,2.0,15.0,2596045750.0,315714601.0,8
2025,21,1,1,BANCO CENTRAL DEL PARAGUAY,Otros organismos,788.0,26.0,359.0,112101977165.0,12827930702.0,8
2025,22,1,1,I DEPARTAMENTO: GOBERNACION DE CONCEPCION,Gobiernos departamentales,130.0,57.0,46.0,5169450882.0,645688478.0,8
2025,22,2,1,II DEPARTAMENTO: GOBERNACION DE SAN PEDRO,Gobiernos departamentales,131.0,90.0,67.0,2838504188.0,362557039.0,8
2025,22,3,1,,,,,,3864316764.0,0.0,8
2025,22,4,1,IV DEPARTAMENTO: GOBERNACION DE GUAIRA,Gobiernos departamentales,206.0,118.0,78.0,5467940955.0,693004432.0,8
2025,22,5,1,V DEPARTAMENTO: GOBERNACION DE CAAGUAZU,Gobiernos departamentales,228.0,129.0,73.0,6802563745.0,871603808.0,8
2025,22,6,1,VI DEPARTAMENTO: GOBERNACION DE CAAZAPA,Gobiernos departamentales,84.0,31.0,25.0,3784425878.0,467658072.0,8
2025,22,7,1,VII DEPARTAMENTO: GOBERNACION DE ITAPUA,Gobiernos departamentales,217.0,90.0,90.0,8049877716.0,1006564590.0,8
2025,22,8,1,VIII DEPARTAMENTO: GOBERNACION DE MISIONES,Gobiernos departamentales,110.0,10.0,35.0,3956441472.0,494555184.0,8
2025,22,9,1,GOBIERNO DEPARTAMENTAL DE PARAGUARI,Gobiernos departamentales,161.0,70.0,56.0,5437923167.0,705655723.0,8
2025,22,10,1,X DEPARTAMENTO: GOBERNACION DE ALTO PARANA,Gobiernos departamentales,251.0,153.0,90.0,9854138412.0,1272982370.0,8
2025,22,11,1,GOBIERNO DEPARTAMENTAL DE CENTRAL,Gobiernos departamentales,155.0,44.0,77.0,10545449154.0,1287505482.0,8
2025,22,12,1,XII DEPARTAMENTO: GOBERNACION DE ÑEEMBUCU,Gobiernos departamentales,114.0,33.0,50.0,4141660423.0,503959605.0,8
2025,22,13,1,XIII DEPARTAMENTO: GOBERNACION DE AMAMBAY,Gobiernos departamentales,134.0,84.0,60.0,4484039160.0,574583065.0,8
2025,22,14,1,XIV DEPARTAMENTO: GOBERNACION DE CANINDEYU,Gobiernos departamentales,81.0,33.0,27.0,3270762982.0,406074146.0,8
2025,22,15,1,XV DEPARTAMENTO: GOBERNACION DE PRESIDENTE HAYES,Gobiernos departamentales,141.0,93.0,58.0,4593204926.0,599805977.0,8
2025,22,16,1,XVI DEPARTAMENTO: GOBERNACION DE BOQUERON,Gobiernos departamentales,155.0,80.0,74.0,8029758218.0,1004524515.0,8
2025,22,17,1,XVII DEPARTAMENTO: GOBERNACION DE ALTO PARAGUAY,Gobiernos departamentales,46.0,0.0,9.0,1843472328.0,230434041.0,8
2025,23,1,1,INSTITUTO NACIONAL DE TECNOLOGIA Y NORMALIZACION,Entes autónomos y autárquicos,309.0,82.0,162.0,16284071265.0,1892986907.0,8
2025,23,3,1,INSTITUTO NACIONAL DE DESARROLLO RURAL Y DE LA TIERRA,Entes autónomos y autárquicos,484.0,80.0,168.0,25190823870.0,3197231282.0,8
2025,23,4,1,DIRECCION DE BENEFICENCIA Y AYUDA SOCIAL,Entes autónomos y autárquicos,100.0,31.0,57.0,6712816928.0,844637511.0,8
2025,23,6,1,INSTITUTO NACIONAL DEL INDIGENA,Entes autónomos y autárquicos,73.0,19.0,29.0,5919955569.0,698551102.0,8
2025,23,8,1,FONDO NACIONAL DE LA CULTURA Y LAS ARTES,Entes autónomos y autárquicos,22.0,5.0,13.0,1573749091.0,189200641.0,8
2025,23,10,1,COMISION NACIONAL DE TELECOMUNICACIONES,Entes autónomos y autárquicos,288.0,23.0,97.0,26953506358.0,3166704271.0,8
2025,23,11,1,DIRECCION NACIONAL DE TRANSPORTE,Entes autónomos y autárquicos,344.0,66.0,80.0,17347481582.0,2157929634.0,8
2025,23,13,1,ENTE REGULADOR DE SERVICIOS SANITARIOS,Entes autónomos y autárquicos,106.0,54.0,41.0,5684294792.0,756022563.0,8
2025,23,14,1,INSTITUTO NACIONAL DE COOPERATIVISMO,Entes autónomos y autárquicos,175.0,51.0,102.0,10867778987.0,1260192373.0,8
2025,23,16,1,SERVICIO NACIONAL DE CALIDAD Y SALUD ANIMAL,Entes autónomos y autárquicos,1333.0,86.0,528.0,70701458354.0,8041797399.0,8
2025,23,17,1,INSTITUTO PARAGUAYO DE ARTESANIA,Entes autónomos y autárquicos,69.0,8.0,46.0,3601701100.0,466496640.0,8
2025,23,18,1,SERVICIO NACIONAL DE CALIDAD VEGETAL Y DE SEMILLA,Entes autónomos y autárquicos,517.0,65.0,210.0,29049864561.0,3581402379.0,8
2025,23,19,1,DIRECCION NACIONAL DE CONTRATACIONES PUBLICAS,Entes autónomos y autárquicos,237.0,79.0,133.0,17942270240.0,2262701446.0,8
2025,23,20,1,INSTITUTO FORESTAL NACIONAL,Entes autónomos y autárquicos,361.0,33.0,117.0,17775241230.0,2691653646.0,8
2025,23,22,1,INSTITUTO PARAGUAYO DE TECNOLOGIA AGRARIA,Entes autónomos y autárquicos,525.0,150.0,183.0,21645696146.0,2905420508.0,8
2025,23,24,1,DIRECCION NACIONAL DE CORREOS DEL PARAGUAY,Entes autónomos y autárquicos,786.0,57.0,393.0,23093632086.0,2893590806.0,8
2025,23,25,1,DIRECCION NACIONAL DE PROPIEDAD INTELECTUAL,Entes autónomos y autárquicos,124.0,8.0,62.0,8902353576.0,1077073206.0,8
2025,23,26,1,SECRETARIA DE DEFENSA DEL CONSUMIDOR Y EL USUARIO,Entes autónomos y autárquicos,27.0,0.0,14.0,2419064842.0,245376492.0,8
2025,23,27,1,COMISION NACIONAL DE LA COMPETENCIA,Entes autónomos y autárquicos,28.0,3.0,11.0,2791808767.0,344533254.0,8
2025,23,28,1,AGENCIA NACIONAL DE TRANSITO Y SEGURIDAD VIAL,Entes autónomos y autárquicos,36.0,16.0,18.0,3523619906.0,665689743.0,8
2025,23,29,1,CONSEJO NACIONAL DE EDUCACION SUPERIOR,Entes autónomos y autárquicos,27.0,1.0,16.0,1725390970.0,214881760.0,8
2025,23,30,1,AGENCIA NACIONAL DE EVALUACION Y ACREDITACION DE LA EDUCACION SUPERIOR,Entes autónomos y autárquicos,40.0,5.0,26.0,3373646771.0,533179916.0,8
2025,23,31,1,AUTORIDAD REGULADORA RADIOLOGICA Y NUCLEAR,Entes autónomos y autárquicos,30.0,0.0,13.0,2233697283.0,310410613.0,8
2025,23,32,1,SECRETARIA NACIONAL DE INTELIGENCIA,Entes autónomos y autárquicos,27.0,3.0,12.0,3085998555.0,386632539.0,8
2025,23,33,1,INSTITUTO SUPERIOR DE BELLAS ARTES,Entes autónomos y autárquicos,196.0,13.0,115.0,9289680530.0,1241730224.0,8
2025,23,34,1,INSTITUTO NACIONAL DE EDUCACION SUPERIOR,Entes autónomos y autárquicos,310.0,101.0,207.0,12889119634.0,1649660802.0,8
2025,23,35,1,"DIRECCION NACIONAL DE DEFENSA, SALUD Y BIENESTAR ANIMAL",Entes autónomos y autárquicos,26.0,17.0,9.0,2019217032.0,212309417.0,8
2025,23,36,1,INSTITUTO NACIONAL DE ESTADISTICAS,Entes autónomos y autárquicos,558.0,411.0,285.0,20651300439.0,2866136843.0,8
2025,23,37,1,INSTITUTO NACIONAL DEL AUDIOVISUAL  PARAGUAYO,Entes autónomos y autárquicos,5.0,0.0,2.0,728270417.0,92080417.0,8
2025,23,38,1,DIRECCION NACIONAL DE VIGILANCIA SANITARIA,Entes autónomos y autárquicos,221.0,76.0,157.0,17932678804.0,2153795824.0,8
2025,23,39,1,DIRECCION NACIONAL DE MIGRACIONES,Entes autónomos y autárquicos,512.0,291.0,247.0,22491893838.0,3261792395.0,8
2025,23,40,1,DIRECCION NACIONAL DE INGRESOS TRIBUTARIOS,Entes autónomos y autárquicos,1867.0,141.0,633.0,179802140585.0,22569806035.0,8
2025,24,1,1,INSTITUTO DE PREVISION SOCIAL,Salud,25439.0,12856.0,16773.0,1079473354504.0,126546424186.0,8
2025,24,2,1,CAJA DE SEGURIDAD SOCIAL DE EMPLEADOS Y OBREROS FERROVIARIOS,Otros organismos,12.0,0.0,3.0,598957100.0,66207100.0,8
2025,24,4,1,CAJA DE JUBILACIONES Y PENSIONES DE EMPLEADOS BANCARIOS,Otros organismos,133.0,19.0,58.0,5826714975.0,629353986.0,8
2025,24,5,1,CAJA DE JUBILACIONES Y PENSIONES DEL PERSONAL MUNICIPAL,Otros organismos,170.0,33.0,82.0,7414682996.0,865390898.0,8
2025,25,2,1,ADMINISTRACION NACIONAL DE ELECTRICIDAD,Empresas públicas,4861.0,679.0,1049.0,474907725271.0,56107290685.0,8
2025,25,4,1,ADMINISTRACION NACIONAL DE NAVEGACION Y PUERTOS,Empresas públicas,1135.0,101.0,318.0,39348242608.0,4873806971.0,8
2025,25,5,1,DIRECCION NACIONAL DE AERONAUTICA CIVIL,Empresas públicas,1994.0,557.0,752.0,76673166247.0,9421389628.0,8
2025,25,6,1,PETROLEOS PARAGUAYOS,Empresas públicas,756.0,242.0,154.0,74912308840.0,9491258501.0,8
2025,25,7,1,INDUSTRIA NACIONAL DEL CEMENTO,Empresas públicas,879.0,243.0,164.0,59425543498.0,7221250205.0,8
2025,27,1,1,BANCO NACIONAL DE FOMENTO (BNF),Otros organismos,1655.0,161.0,693.0,163821254303.0,20426909097.0,8
2025,27,3,1,CREDITO AGRICOLA DE HABILITACION,Otros organismos,423.0,42.0,145.0,24608203363.0,2743115841.0,8
2025,27,5,1,CAJA DE PRESTAMOS DEL MINISTERIO DE DEFENSA NACIONAL,Otros organismos,3.0,1.0,3.0,205928639.0,15871507.0,8
2025,27,7,1,AGENCIA FINANCIERA DE DESARROLLO,Otros organismos,107.0,3.0,56.0,13123656351.0,1650981903.0,8
2025,28,1,1,UNIVERSIDAD NACIONAL DE ASUNCION,Educación,16272.0,2074.0,8845.0,730468048593.0,92233969740.0,8
2025,28,2,1,UNIVERSIDAD NACIONAL DEL ESTE,Educación,1738.0,154.0,932.0,59154057762.0,7332404714.0,8
2025,28,3,1,UNIVERSIDAD NACIONAL DE PILAR,Educación,838.0,45.0,490.0,27255020677.0,3456991916.0,8
2025,28,4,1,UNIVERSIDAD NACIONAL DE ITAPUA,Educación,1209.0,107.0,705.0,36490506319.0,4701076950.0,8
2025,28,5,1,UNIVERSIDAD NACIONAL DE CONCEPCION,Educación,660.0,19.0,320.0,20371926688.0,2542747606.0,8
2025,28,6,1,UNIVERSIDAD NACIONAL DE VILLARRICA DEL ESPIRITU SANTO,Educación,1557.0,26.0,921.0,29065396077.0,3717749614.0,8
2025,28,7,1,UNIVERSIDAD NACIONAL DE CAAGUAZU,Educación,1149.0,16.0,582.0,31400587905.0,4069738100.0,8
2025,28,8,1,UNIVERSIDAD NACIONAL DE CANINDEYU,Educación,123.0,0.0,70.0,4310369610.0,615925893.0,8
2025,28,9,1,UNIVERSIDAD POLITECNICA TAIWAN-PARAGUAY,Educación,31.0,1.0,15.0,3692219941.0,488737949.0,8
2025,28,10,1,UNIVERSIDAD NACIONAL DE MISIONES,Educación,273.0,6.0,158.0,7537322885.0,1019377046.0,8
2025,30,1,2,MUNICIPALIDAD DE CONCEPCION,Municipalidades,361.0,304.0,146.0,7005609582.0,880866024.0,8
2025,30,1,3,MUNICIPALIDAD DE  BELEN,Municipalidades,48.0,38.0,22.0,473520000.0,59190000.0,8
2025,30,1,4,MUNICIPALIDAD DE HORQUETA,Municipalidades,74.0,53.0,22.0,1582670544.0,197833818.0,8
2025,30,1,5,MUNICIPALIDAD DE LORETO,Municipalidades,41.0,25.0,12.0,759150000.0,94680000.0,8
2025,30,1,6,MUNICIPALIDAD DE SAN LAZARO,Municipalidades,55.0,27.0,16.0,1091114448.0,136389306.0,8
2025,30,1,7,MUNICIPALIDAD DE YBYYAU,Municipalidades,17.0,0.0,4.0,833887256.0,104235907.0,8
2025,30,1,237,MUNICIPALIDAD DE SAN CARLOS DEL APA,Municipalidades,31.0,20.0,14.0,357700000.0,43100000.0,8
2025,30,1,238,MUNICIPALIDAD DE AZOTEY,Municipalidades,41.0,27.0,7.0,620800000.0,77600000.0,8
2025,30,1,241,MUNICIPALIDAD DE SARGENTO JOSE FELIX LOPEZ,Municipalidades,23.0,11.0,7.0,499100000.0,60200000.0,8
2025,30,1,249,MUNICIPALIDAD DE SAN ALFREDO,Municipalidades,20.0,9.0,12.0,383349600.0,47668700.0,8
2025,30,1,257,MUNICIPALIDAD DE PASO HORQUETA,Municipalidades,37.0,18.0,16.0,583050558.0,76108800.0,8
2025,30,1,263,MUNICIPALIDAD DE ITACUA,Municipalidades,13.0,0.0,1.0,368000000.0,46000000.0,8
2025,30,1,524,MUNICIPALIDAD DE ARROYITO,Municipalidades,20.0,8.0,6.0,477480000.0,59535000.0,8
2025,30,2,8,MUNICIPALIDAD DE SAN PEDRO DEL YCUAMANDIYU,Municipalidades,88.0,71.0,31.0,2294446704.0,276134588.0,8
2025,30,2,10,MUNICIPALIDAD DE CHORE,Municipalidades,55.0,32.0,20.0,1032836296.0,129104537.0,8
2025,30,2,11,MUNICIPALIDAD DE GRAL.ELIZARDO AQUINO,Municipalidades,37.0,15.0,12.0,644135863.0,79585000.0,8
2025,30,2,12,MUNICIPALIDAD DE ITACURUBI  DEL ROSARIO,Municipalidades,29.0,19.0,9.0,591047386.0,73411384.0,8
2025,30,2,13,MUNICIPALIDAD DE LIMA,Municipalidades,48.0,34.0,17.0,773080000.0,97335000.0,8
2025,30,2,14,MUNICIPALIDAD DE NUEVA GERMANIA,Municipalidades,24.0,12.0,10.0,266968000.0,31796000.0,8
2025,30,2,15,MUNICIPALIDAD DE SAN ESTANISLAO,Municipalidades,94.0,63.0,41.0,1976744592.0,248971824.0,8
2025,30,2,16,MUNICIPALIDAD DE YRYBUCUA,Municipalidades,46.0,33.0,13.0,600180000.0,74710000.0,8
2025,30,2,17,MUNICIPALIDAD DE SAN PABLO,Municipalidades,27.0,15.0,10.0,274120000.0,34265000.0,8
2025,30,2,18,MUNICIPALIDAD DE TACUATI,Municipalidades,30.0,17.0,11.0,422025968.0,50784496.0,8
2025,30,2,19,MUNICIPALIDAD DE UNION,Municipalidades,37.0,23.0,9.0,326850000.0,40550000.0,8
2025,30,2,20,MUNICIPALIDAD DE 25 DE DICIEMBRE,Municipalidades,48.0,35.0,23.0,420200000.0,58250000.0,8
2025,30,2,22,MUNICIPALIDAD DE GRAL. F. RESQUIN,Municipalidades,44.0,32.0,14.0,580320000.0,71540000.0,8
2025,30,2,23,MUNICIPALIDAD DE YATAITY DEL NORTE,Municipalidades,34.0,21.0,11.0,452500810.0,57033056.0,8
2025,30,2,24,MUNICIPALIDAD DE GUAJAYVI,Municipalidades,58.0,48.0,23.0,1146880000.0,142610000.0,8
2025,30,2,25,MUNICIPALIDAD DE CAPIIBARY,Municipalidades,60.0,44.0,15.0,837424096.0,103228012.0,8
2025,30,2,26,MUNICIPALIDAD DE SANTA ROSA DEL AGUARAY,Municipalidades,67.0,47.0,17.0,1815229248.0,226903656.0,8
2025,30,2,239,MUNICIPALIDAD DE LIBERACION,Municipalidades,67.0,53.0,15.0,835406400.0,122138300.0,8
2025,30,2,260,MUNICIPALIDAD DE SAN JOSE DEL ROSARIO,Municipalidades,35.0,20.0,16.0,432000000.0,54300000.0,8
2025,30,3,27,MUNICIPALIDAD DE CAACUPE,Municipalidades,260.0,205.0,121.0,6780046044.0,803785116.0,8
2025,30,3,28,MUNICIPALIDAD DE ALTOS,Municipalidades,80.0,60.0,23.0,1514214400.0,191026800.0,8
2025,30,3,29,MUNICIPALIDAD DE ARROYOS Y ESTEROS,Municipalidades,65.0,45.0,27.0,1036521300.0,127263170.0,8
2025,30,3,30,MUNICIPALIDAD DE ATYRA,Municipalidades,58.0,45.0,17.0,1072354230.0,153924615.0,8
2025,30,3,31,MUNICIPALIDAD DE CARAGUATAY,Municipalidades,55.0,27.0,22.0,960330000.0,123650000.0,8
2025,30,3,32,MUNICIPALIDAD DE EMBOSCADA,Municipalidades,72.0,43.0,37.0,1878500000.0,238600000.0,8
2025,30,3,33,MUNICIPALIDAD DE EUSEBIO AYALA,Municipalidades,90.0,58.0,21.0,1857260965.0,159086830.0,8
2025,30,3,34,MUNICIPALIDAD DE ISLA PUCU,Municipalidades,42.0,29.0,17.0,460688184.0,58167273.0,8
2025,30,3,35,MUNICIPALIDAD DE ITACURUBI DE LA CORDILLERA,Municipalidades,56.0,41.0,27.0,934926578.0,121826228.0,8
2025,30,3,37,MUNICIPALIDAD DE LOMA GRANDE,Municipalidades,33.0,23.0,10.0,564215273.0,74939472.0,8
2025,30,3,38,MUNICIPALIDAD DE MBOCAYATY DEL YHAGUY,Municipalidades,30.0,18.0,13.0,191620000.0,56310000.0,8
2025,30,3,39,MUNICIPALIDAD DE NUEVA COLOMBIA,Municipalidades,37.0,24.0,17.0,700045000.0,86185000.0,8
2025,30,3,40,MUNICIPALIDAD DE PIRIBEBUY,Municipalidades,69.0,32.0,27.0,929770000.0,187940000.0,8
2025,30,3,42,MUNICIPALIDAD DE SAN BERNARDINO,Municipalidades,263.0,211.0,115.0,7898420556.0,995855847.0,8
2025,30,3,43,MUNICIPALIDAD DE SANTA ELENA,Municipalidades,39.0,26.0,17.0,424669200.0,52586400.0,8
2025,30,3,44,MUNICIPALIDAD DE TOBATI,Municipalidades,77.0,59.0,26.0,1547990000.0,205675000.0,8
2025,30,3,45,MUNICIPALIDAD DE VALENZUELA,Municipalidades,27.0,4.0,13.0,443071376.0,55453922.0,8
2025,30,3,46,MUNICIPALIDAD DE SAN JOSE OBRERO,Municipalidades,23.0,12.0,6.0,236385000.0,34585000.0,8
2025,30,4,47,MUNICIPALIDAD DE VILLARRICA DEL ESPIRITU SANTO,Municipalidades,330.0,223.0,144.0,5889872125.0,735878431.0,8
2025,30,4,48,MUNICIPALIDAD DE BORJA,Municipalidades,21.0,10.0,8.0,229440000.0,28130000.0,8
2025,30,4,49,MUNICIPALIDAD DE CAPITAN MAURICIO JOSE TROCHE,Municipalidades,35.0,28.0,20.0,359000000.0,48100000.0,8
2025,30,4,50,MUNICIPALIDAD DE CORONEL MARTINEZ,Municipalidades,45.0,34.0,22.0,462200000.0,55350000.0,8
2025,30,4,51,MUNICIPALIDAD DE FELIX PEREZ CARDOZO,Municipalidades,47.0,36.0,15.0,428996572.0,82679418.0,8
2025,30,4,53,MUNICIPALIDAD DE INDEPENDENCIA,Municipalidades,63.0,49.0,23.0,1040240000.0,132000000.0,8
2025,30,4,54,MUNICIPALIDAD DE ITAPE,Municipalidades,39.0,27.0,12.0,472098000.0,36052000.0,8
2025,30,4,55,MUNICIPALIDAD DE ITURBE,Municipalidades,39.0,23.0,12.0,457180000.0,55660000.0,8
2025,30,4,56,MUNICIPALIDAD DE JOSE A. FASSARDI,Municipalidades,33.0,22.0,9.0,341720000.0,38080000.0,8
2025,30,4,57,MUNICIPALIDAD DE MBOCAYATY DEL GUAIRA,Municipalidades,28.0,15.0,7.0,356500000.0,44550000.0,8
2025,30,4,58,MUNICIPALIDAD DE NATALICIO TALAVERA,Municipalidades,44.0,33.0,15.0,263300000.0,45000000.0,8
2025,30,4,59,MUNICIPALIDAD DE ÑUMI,Municipalidades,31.0,20.0,9.0,155098400.0,19387300.0,8
2025,30,4,60,MUNICIPALIDAD DE SAN SALVADOR,Municipalidades,43.0,32.0,16.0,318400000.0,40300000.0,8
2025,30,4,61,MUNICIPALIDAD DE YATAITY DEL GUAIRA,Municipalidades,46.0,32.0,25.0,412174867.0,0.0,8
2025,30,4,62,MUNICIPALIDAD DE DR. BOTRELL,Municipalidades,41.0,29.0,20.0,211093776.0,27384222.0,8
2025,30,4,63,MUNICIPALIDAD DE PASO YOBAI,Municipalidades,42.0,31.0,12.0,605972420.0,77755986.0,8
2025,30,4,234,MUNICIPALIDAD DE TEBICUARY,Municipalidades,59.0,40.0,22.0,789736000.0,102592000.0,8
2025,30,5,64,MUNICIPALIDAD DE CORONEL OVIEDO,Municipalidades,378.0,254.0,158.0,7733625148.0,988698276.0,8
2025,30,5,65,,,,,,3485903808.0,0.0,8
2025,30,5,66,MUNICIPALIDAD DE CARAYAO,Municipalidades,37.0,24.0,11.0,474340000.0,59880000.0,8
2025,30,5,67,MUNICIPALIDAD DE DR. CECILIO BAEZ,Municipalidades,20.0,8.0,8.0,434049272.0,39349909.0,8
2025,30,5,68,MUNICIPALIDAD DE SANTA.ROSA DEL MBUTUY,Municipalidades,26.0,14.0,8.0,343040000.0,43630000.0,8
2025,30,5,69,MUNICIPALIDAD DE DR. JUAN MANUEL FRUTOS,Municipalidades,60.0,41.0,25.0,1034152080.0,131437760.0,8
2025,30,5,70,MUNICIPALIDAD DE REPATRIACION,Municipalidades,57.0,40.0,16.0,1257077468.0,143950800.0,8
2025,30,5,71,MUNICIPALIDAD DE NUEVA LONDRES,Municipalidades,34.0,23.0,14.0,349200000.0,43650000.0,8
2025,30,5,72,MUNICIPALIDAD DE SAN JOAQUIN,Municipalidades,32.0,19.0,5.0,499748000.0,61181000.0,8
2025,30,5,73,MUNICIPALIDAD DE SAN JOSE DE LOS ARROYOS,Municipalidades,59.0,37.0,13.0,970537168.0,118254076.0,8
2025,30,5,74,MUNICIPALIDAD DE YHU,Municipalidades,61.0,42.0,19.0,96608335.0,12841667.0,8
2025,30,5,75,,,,,,1139560000.0,0.0,8
2025,30,5,76,MUNICIPALIDAD DE R.I. 3 CORRALES,Municipalidades,45.0,33.0,11.0,701040000.0,83130000.0,8
2025,30,5,77,MUNICIPALIDAD DE RAUL ARSENIO OVIEDO,Municipalidades,13.0,13.0,5.0,882823702.0,36557409.0,8
2025,30,5,78,MUNICIPALIDAD DE JOSE DOMINGO OCAMPOS,Municipalidades,66.0,45.0,25.0,799865687.0,94966634.0,8
2025,30,5,79,MUNICIPALIDAD DE MARISCAL FRANCISCO SOLANO LOPEZ,Municipalidades,41.0,19.0,13.0,985700000.0,124800000.0,8
2025,30,5,81,MUNICIPALIDAD DE 3 DE FEBRERO,Municipalidades,34.0,22.0,11.0,289440000.0,34080000.0,8
2025,30,5,82,MUNICIPALIDAD DE SIMON BOLIVAR,Municipalidades,34.0,22.0,7.0,475400000.0,59650000.0,8
2025,30,5,83,MUNICIPALIDAD DE VAQUERIA,Municipalidades,20.0,8.0,6.0,362400000.0,45300000.0,8
2025,30,5,233,MUNICIPALIDAD DE TEMBIAPORA,Municipalidades,38.0,23.0,10.0,595310000.0,75570000.0,8
2025,30,5,243,MUNICIPALIDAD DE NUEVA TOLEDO,Municipalidades,33.0,21.0,17.0,722800000.0,87100000.0,8
2025,30,6,84,MUNICIPALIDAD DE CAAZAPA,Municipalidades,83.0,51.0,26.0,1779780000.0,216790000.0,8
2025,30,6,85,MUNICIPALIDAD DE ABAI,Municipalidades,66.0,50.0,29.0,1388392170.0,159400000.0,8
2025,30,6,86,MUNICIPALIDAD DE BUENA VISTA,Municipalidades,35.0,19.0,9.0,0.0,0.0,8
2025,30,6,87,MUNICIPALIDAD DE DR. MOISES BERTONI,Municipalidades,34.0,23.0,10.0,311800000.0,39300000.0,8
2025,30,6,88,MUNICIPALIDAD DE GRAL.MORINIGO,Municipalidades,29.0,24.0,4.0,403350000.0,50200000.0,8
2025,30,6,89,MUNICIPALIDAD DE MACIEL,Municipalidades,35.0,21.0,12.0,357180000.0,45460000.0,8
2025,30,6,90,MUNICIPALIDAD DE SAN JUAN NEPOMUCENO,Municipalidades,81.0,58.0,32.0,1234099648.0,156512456.0,8
2025,30,6,91,MUNICIPALIDAD DE TAVAI,Municipalidades,28.0,17.0,5.0,508000000.0,63500000.0,8
2025,30,6,92,MUNICIPALIDAD DE FULGENCIO YEGROS,Municipalidades,47.0,35.0,16.0,715040000.0,92460000.0,8
2025,30,6,93,MUNICIPALIDAD DE YUTY,Municipalidades,77.0,51.0,29.0,1189560000.0,151480000.0,8
2025,30,7,94,MUNICIPALIDAD DE ENCARNACION,Municipalidades,1335.0,1121.0,494.0,24735427982.0,3062348612.0,8
2025,30,7,95,MUNICIPALIDAD DE BELLA VISTA,Municipalidades,77.0,53.0,24.0,2037162731.0,247978922.0,8
2025,30,7,96,MUNICIPALIDAD DE CAMBYRETA,Municipalidades,207.0,175.0,89.0,5946136239.0,757303128.0,8
2025,30,7,97,MUNICIPALIDAD DE CAPITAN MEZA,Municipalidades,81.0,53.0,26.0,1645402354.0,204851813.0,8
2025,30,7,98,MUNICIPALIDAD DE CAPITAN MIRANDA,Municipalidades,66.0,42.0,22.0,1802363705.0,215635955.0,8
2025,30,7,99,MUNICIPALIDAD DE NUEVA ALBORADA,Municipalidades,32.0,17.0,10.0,520650000.0,0.0,8
2025,30,7,100,MUNICIPALIDAD DE CARMEN DEL PARANA,Municipalidades,89.0,67.0,24.0,790749790.0,0.0,8
2025,30,7,101,MUNICIPALIDAD DE CORONEL BOGADO,Municipalidades,93.0,64.0,23.0,1986976000.0,246322000.0,8
2025,30,7,102,MUNICIPALIDAD DE CARLOS ANTONIO LOPEZ,Municipalidades,92.0,71.0,26.0,2005067000.0,449926000.0,8
2025,30,7,103,MUNICIPALIDAD DE NATALIO,Municipalidades,86.0,63.0,28.0,1467709000.0,185480500.0,8
2025,30,7,104,MUNICIPALIDAD DE FRAM,Municipalidades,72.0,40.0,26.0,1884320751.0,237755286.0,8
2025,30,7,105,MUNICIPALIDAD DE GENERAL ARTIGAS,Municipalidades,52.0,32.0,22.0,672250000.0,112475000.0,8
2025,30,7,106,MUNICIPALIDAD DE GENERAL DELGADO,Municipalidades,25.0,14.0,6.0,346280000.0,39360000.0,8
2025,30,7,107,MUNICIPALIDAD DE HOHENAU,Municipalidades,102.0,75.0,30.0,2703139854.0,315873994.0,8
2025,30,7,108,MUNICIPALIDAD DE JESUS,Municipalidades,44.0,25.0,11.0,807324000.0,82153000.0,8
2025,30,7,109,MUNICIPALIDAD DE JOSE LEANDRO OVIEDO,Municipalidades,56.0,43.0,28.0,366213000.0,42114000.0,8
2025,30,7,110,MUNICIPALIDAD DE OBLIGADO,Municipalidades,123.0,94.0,44.0,3308379043.0,418889836.0,8
2025,30,7,111,MUNICIPALIDAD DE MAYOR OTAÑO,Municipalidades,48.0,34.0,17.0,791873355.0,102694002.0,8
2025,30,7,112,MUNICIPALIDAD DE SAN COSME Y SAN DAMIAN,Municipalidades,66.0,50.0,21.0,1048980000.0,126560000.0,8
2025,30,7,113,MUNICIPALIDAD DE SAN PEDRO DEL PARANA,Municipalidades,98.0,78.0,33.0,1685692000.0,207686500.0,8
2025,30,7,114,MUNICIPALIDAD DE SAN RAFAEL DEL PARANA,Municipalidades,106.0,86.0,31.0,2305167000.0,290859000.0,8
2025,30,7,115,MUNICIPALIDAD DE TRINIDAD,Municipalidades,39.0,16.0,16.0,947200221.0,125991846.0,8
2025,30,7,116,MUNICIPALIDAD DE EDELIRA,Municipalidades,73.0,55.0,31.0,1355555299.0,192799993.0,8
2025,30,7,117,MUNICIPALIDAD DE TOMAS ROMERO PEREIRA,Municipalidades,117.0,98.0,35.0,3346161928.0,373756358.0,8
2025,30,7,118,MUNICIPALIDAD DE ALTO VERA,Municipalidades,46.0,28.0,7.0,788984000.0,101298000.0,8
2025,30,7,119,MUNICIPALIDAD DE LA PAZ,Municipalidades,32.0,17.0,14.0,668341871.0,85087547.0,8
2025,30,7,120,MUNICIPALIDAD DE YATYTAY,Municipalidades,59.0,42.0,15.0,857256000.0,106344500.0,8
2025,30,7,121,MUNICIPALIDAD DE SAN JUAN DEL PARANA,Municipalidades,109.0,93.0,41.0,3113367965.0,336374577.0,8
2025,30,7,122,MUNICIPALIDAD DE PIRAPO,Municipalidades,69.0,47.0,25.0,1608614117.0,191258316.0,8
2025,30,7,123,MUNICIPALIDAD DE ITAPUA POTY,Municipalidades,47.0,23.0,13.0,796324000.0,99540500.0,8
2025,30,8,124,MUNICIPALIDAD DE SAN JUAN BAUSTISTA DE LAS MISIONES,Municipalidades,87.0,57.0,26.0,1379400000.0,170230000.0,8
2025,30,8,125,MUNICIPALIDAD DE AYOLAS,Municipalidades,142.0,110.0,49.0,2887193096.0,388503696.0,8
2025,30,8,126,MUNICIPALIDAD DE SAN IGNACIO GUAZU,Municipalidades,172.0,130.0,59.0,5676396736.0,525394154.0,8
2025,30,8,127,MUNICIPALIDAD DE SAN MIGUEL MISIONES,Municipalidades,56.0,33.0,17.0,760423336.0,95196167.0,8
2025,30,8,129,MUNICIPALIDAD DE SANTA MARIA,Municipalidades,45.0,25.0,16.0,49668000.0,1338000.0,8
2025,30,8,130,MUNICIPALIDAD DE SANTA ROSA MISIONES,Municipalidades,101.0,82.0,34.0,1878230000.0,223120000.0,8
2025,30,8,131,MUNICIPALIDAD DE SANTIAGO,Municipalidades,55.0,37.0,22.0,864477000.0,108490000.0,8
2025,30,8,132,MUNICIPALIDAD DE VILLA FLORIDA,Municipalidades,53.0,40.0,12.0,751800000.0,92000000.0,8
2025,30,8,133,MUNICIPALIDAD DE YABEBYRY,Municipalidades,39.0,23.0,19.0,268060000.0,30870000.0,8
2025,30,9,134,MUNICIPALIDAD DE PARAGUARI,Municipalidades,173.0,131.0,72.0,3050475215.0,388593684.0,8
2025,30,9,135,MUNICIPALIDAD DE ACAHAY,Municipalidades,34.0,22.0,13.0,593520000.0,74190000.0,8
2025,30,9,136,MUNICIPALIDAD DE CAAPUCU,Municipalidades,18.0,0.0,8.0,373328863.0,45500899.0,8
2025,30,9,137,MUNICIPALIDAD DE GENERAL CABALLERO,Municipalidades,45.0,33.0,13.0,599313618.0,120139996.0,8
2025,30,9,138,MUNICIPALIDAD DE CARAPEGUA,Municipalidades,126.0,87.0,42.0,2109854000.0,263638000.0,8
2025,30,9,139,MUNICIPALIDAD DE ESCOBAR,Municipalidades,32.0,17.0,18.0,295503728.0,36712966.0,8
2025,30,9,140,MUNICIPALIDAD DE LA COLMENA,Municipalidades,49.0,37.0,12.0,690166000.0,94084500.0,8
2025,30,9,141,MUNICIPALIDAD DE MBUYAPEY,Municipalidades,36.0,21.0,7.0,411960000.0,51500000.0,8
2025,30,9,142,MUNICIPALIDAD DE PIRAYU,Municipalidades,63.0,49.0,27.0,1156100442.0,144263139.0,8
2025,30,9,143,MUNICIPALIDAD DE QUIINDY,Municipalidades,76.0,49.0,28.0,1416745145.0,177790870.0,8
2025,30,9,144,MUNICIPALIDAD DE QUYQUYHO,Municipalidades,51.0,40.0,12.0,394200000.0,49100000.0,8
2025,30,9,145,MUNICIPALIDAD DE SAN ROQUE GONZALEZ DE SANTA CRUZ,Municipalidades,30.0,16.0,11.0,424800000.0,53100000.0,8
2025,30,9,146,MUNICIPALIDAD DE SAPUCAI,Municipalidades,28.0,13.0,10.0,375040000.0,46130000.0,8
2025,30,9,147,MUNICIPALIDAD DE TEBICUARYMI,Municipalidades,30.0,18.0,11.0,342630000.0,42950000.0,8
2025,30,9,148,MUNICIPALIDAD DE YAGUARON,Municipalidades,102.0,75.0,46.0,1550679680.0,198001960.0,8
2025,30,9,149,MUNICIPALIDAD DE YBYCUI,Municipalidades,64.0,44.0,28.0,789646720.0,144941120.0,8
2025,30,9,150,MUNICIPALIDAD DE YBYTYMI,Municipalidades,29.0,19.0,10.0,563890064.0,70304508.0,8
2025,30,10,151,MUNICIPALIDAD DE CIUDAD DEL ESTE,Municipalidades,2168.0,1860.0,1050.0,66960609723.0,8528139198.0,8
2025,30,10,152,MUNICIPALIDAD DE PRESIDENTE FRANCO,Municipalidades,476.0,386.0,177.0,8268890000.0,1036760000.0,8
2025,30,10,153,MUNICIPALIDAD DE DOMINGO MARTINEZ DE IRALA,Municipalidades,63.0,50.0,13.0,974810000.0,119970000.0,8
2025,30,10,154,MUNICIPALIDAD DE JUAN LEON MALLORQUIN,Municipalidades,64.0,46.0,23.0,1490250000.0,187600000.0,8
2025,30,10,155,MUNICIPALIDAD DE HERNANDARIAS,Municipalidades,487.0,371.0,234.0,10533284601.0,1436765754.0,8
2025,30,10,156,MUNICIPALIDAD DE SANTA FE DEL PARANA,Municipalidades,69.0,46.0,35.0,1630927025.0,216222900.0,8
2025,30,10,157,MUNICIPALIDAD DE ITAKYRY,Municipalidades,93.0,66.0,29.0,2328224948.0,290421658.0,8
2025,30,10,158,MUNICIPALIDAD DE JUAN E. O'LEARY,Municipalidades,50.0,33.0,18.0,880236119.0,104740000.0,8
2025,30,10,159,MUNICIPALIDAD DE ÑACUNDAY,Municipalidades,55.0,29.0,16.0,1406904488.0,174856811.0,8
2025,30,10,160,MUNICIPALIDAD DE YGUAZU,Municipalidades,57.0,34.0,13.0,1329277520.0,174392190.0,8
2025,30,10,161,MUNICIPALIDAD DE LOS CEDRALES,Municipalidades,76.0,51.0,27.0,1640996676.0,206598335.0,8
2025,30,10,162,MUNICIPALIDAD DE MINGA GUAZU,Municipalidades,264.0,164.0,116.0,7428824036.0,950679682.0,8
2025,30,10,163,MUNICIPALIDAD DE SAN CRISTOBAL,Municipalidades,58.0,40.0,16.0,1977220638.0,219691182.0,8
2025,30,10,164,MUNICIPALIDAD DE SANTA RITA,Municipalidades,205.0,63.0,82.0,6685269671.0,875943178.0,8
2025,30,10,165,MUNICIPALIDAD DE NARANJAL,Municipalidades,61.0,41.0,16.0,2082110293.0,268683148.0,8
2025,30,10,166,MUNICIPALIDAD DE STA. ROSA DEL MONDAY,Municipalidades,66.0,44.0,23.0,2055108432.0,259830615.0,8
2025,30,10,167,MUNICIPALIDAD DE MINGA PORA,Municipalidades,84.0,63.0,32.0,1798211790.0,218220893.0,8
2025,30,10,168,MUNICIPALIDAD DE MBARACAYU,Municipalidades,77.0,59.0,27.0,2068737967.0,271138739.0,8
2025,30,10,169,MUNICIPALIDAD DE SAN ALBERTO,Municipalidades,111.0,85.0,40.0,2884331673.0,416607934.0,8
2025,30,10,170,MUNICIPALIDAD DE IRUÑA,Municipalidades,54.0,32.0,17.0,1556590612.0,193745635.0,8
2025,30,10,240,MUNICIPALIDAD DE TAVAPY,Municipalidades,61.0,43.0,20.0,1144300000.0,143800000.0,8
2025,30,10,246,MUNICIPALIDAD DE DR. RAUL PENA,Municipalidades,28.0,10.0,5.0,508590000.0,56510000.0,8
2025,30,11,171,MUNICIPALIDAD DE AREGUA,Municipalidades,197.0,152.0,94.0,3516215168.0,353283049.0,8
2025,30,11,172,MUNICIPALIDAD DE CAPIATA,Municipalidades,1068.0,916.0,515.0,21214651435.0,2728652336.0,8
2025,30,11,173,MUNICIPALIDAD DE FERNANDO DE LA MORA,Municipalidades,1122.0,737.0,521.0,22757194619.0,2969732915.0,8
2025,30,11,174,MUNICIPALIDAD DE GUARAMBARE,Municipalidades,159.0,124.0,68.0,4020155518.0,528836918.0,8
2025,30,11,175,MUNICIPALIDAD DE ITA,Municipalidades,170.0,154.0,58.0,3798787907.0,496275703.0,8
2025,30,11,176,MUNICIPALIDAD DE ITAUGUA,Municipalidades,380.0,329.0,179.0,7243768634.0,952900740.0,8
2025,30,11,177,MUNICIPALIDAD DE LAMBARE,Municipalidades,798.0,511.0,336.0,18102458665.0,2333201675.0,8
2025,30,11,178,MUNICIPALIDAD DE LIMPIO,Municipalidades,328.0,189.0,168.0,7534564000.0,995298000.0,8
2025,30,11,179,MUNICIPALIDAD DE LUQUE,Municipalidades,968.0,742.0,425.0,22807452618.0,2853876321.0,8
2025,30,11,180,MUNICIPALIDAD DE MARIANO ROQUE ALONSO,Municipalidades,551.0,319.0,290.0,11169827224.0,1430837018.0,8
2025,30,11,181,MUNICIPALIDAD DE NUEVA ITALIA,Municipalidades,68.0,53.0,24.0,1351991933.0,172092542.0,8
2025,30,11,182,MUNICIPALIDAD DE ÑEMBY,Municipalidades,291.0,248.0,108.0,8043958905.0,1077174551.0,8
2025,30,11,183,MUNICIPALIDAD DE SAN ANTONIO,Municipalidades,188.0,164.0,81.0,6245417551.0,789819907.0,8
2025,30,11,184,MUNICIPALIDAD DE SAN LORENZO,Municipalidades,1268.0,821.0,580.0,28976702914.0,3781007667.0,8
2025,30,11,185,MUNICIPALIDAD DE VILLA ELISA,Municipalidades,346.0,242.0,152.0,8218773997.0,993367824.0,8
2025,30,11,186,MUNICIPALIDAD DE VILLETA,Municipalidades,187.0,133.0,81.0,6050155328.0,745073441.0,8
2025,30,11,187,MUNICIPALIDAD DE YPACARAI,Municipalidades,115.0,69.0,39.0,2892192105.0,361008659.0,8
2025,30,11,188,MUNICIPALIDAD DE YPANE,Municipalidades,129.0,115.0,61.0,3759752904.0,285537595.0,8
2025,30,11,189,MUNICIPALIDAD DE J. AUGUSTO SALDIVAR,Municipalidades,116.0,103.0,44.0,2333879040.0,289940080.0,8
2025,30,12,190,MUNICIPALIDAD DE PILAR,Municipalidades,154.0,66.0,73.0,3980225470.0,501628484.0,8
2025,30,12,191,MUNICIPALIDAD DE ALBERDI,Municipalidades,39.0,23.0,13.0,312000000.0,41250000.0,8
2025,30,12,192,MUNICIPALIDAD DE CERRITO,Municipalidades,115.0,98.0,53.0,1023457559.0,114110000.0,8
2025,30,12,193,MUNICIPALIDAD DE DESMOCHADOS,Municipalidades,22.0,11.0,7.0,92210952.0,11526369.0,8
2025,30,12,194,MUNICIPALIDAD DE GENERAL JOSE EDUVIGIS DIAZ,Municipalidades,34.0,17.0,11.0,263758672.0,33944834.0,8
2025,30,12,195,MUNICIPALIDAD DE GUAZU CUA,Municipalidades,39.0,26.0,12.0,347600000.0,44200000.0,8
2025,30,12,196,MUNICIPALIDAD DE HUMAITA,Municipalidades,79.0,64.0,42.0,467160000.0,79850000.0,8
2025,30,12,197,MUNICIPALIDAD DE ISLA UMBU,Municipalidades,47.0,33.0,15.0,380300000.0,47850000.0,8
2025,30,12,198,MUNICIPALIDAD DE LAURELES,Municipalidades,78.0,63.0,29.0,507676000.0,65422000.0,8
2025,30,12,199,MUNICIPALIDAD DE MAYOR JOSE D. MARTINEZ,Municipalidades,27.0,11.0,10.0,148649888.0,18581236.0,8
2025,30,12,200,MUNICIPALIDAD DE PASO DE PATRIA,Municipalidades,51.0,41.0,16.0,430240000.0,57080000.0,8
2025,30,12,201,MUNICIPALIDAD DE SAN JUAN BAUTISTA DE ÑEEMBUCU,Municipalidades,29.0,17.0,9.0,260465976.0,32033247.0,8
2025,30,12,202,MUNICIPALIDAD DE TACUARAS,Municipalidades,50.0,28.0,22.0,397900000.0,54975000.0,8
2025,30,12,203,MUNICIPALIDAD DE VILLA FRANCA,Municipalidades,42.0,26.0,16.0,92527669.0,92527669.0,8
2025,30,12,204,MUNICIPALIDAD DE VILLA OLIVA,Municipalidades,41.0,28.0,15.0,828540200.0,184225600.0,8
2025,30,12,205,MUNICIPALIDAD DE VILLALBIN,Municipalidades,44.0,28.0,19.0,278240000.0,36610000.0,8
2025,30,13,206,MUNICIPALIDAD DE PEDRO J. CABALLERO,Municipalidades,484.0,371.0,150.0,15714687399.0,1977050170.0,8
2025,30,13,207,MUNICIPALIDAD DE BELLA VISTA - NORTE,Municipalidades,40.0,16.0,11.0,719452000.0,88931500.0,8
2025,30,13,208,MUNICIPALIDAD DE CAPITAN BADO,Municipalidades,78.0,34.0,27.0,1966657120.0,245832140.0,8
2025,30,13,242,MUNICIPALIDAD DE ZANJA PYTA,Municipalidades,34.0,23.0,8.0,647400000.0,76800000.0,8
2025,30,13,250,MUNICIPALIDAD DE KARAPAI,Municipalidades,27.0,15.0,8.0,556720432.0,69590054.0,8
2025,30,13,259,MUNICIPALIDAD DE CERRO CORA,Municipalidades,36.0,20.0,14.0,680104810.0,83746867.0,8
2025,30,14,209,MUNICIPALIDAD DE SALTO DEL GUAIRA,Municipalidades,221.0,195.0,91.0,5935100486.0,776923051.0,8
2025,30,14,210,MUNICIPALIDAD DE CORPUS CHRISTI,Municipalidades,59.0,42.0,13.0,947600000.0,115450000.0,8
2025,30,14,211,MUNICIPALIDAD DE VILLA CURUGUATY,Municipalidades,102.0,82.0,34.0,1969746602.0,219671346.0,8
2025,30,14,212,MUNICIPALIDAD DE YASY CAÑY,Municipalidades,40.0,25.0,9.0,639840000.0,78180000.0,8
2025,30,14,213,MUNICIPALIDAD DE VILLA YGATIMI,Municipalidades,48.0,26.0,12.0,810363632.0,101295454.0,8
2025,30,14,214,MUNICIPALIDAD DE ITANARA,Municipalidades,28.0,13.0,13.0,438800000.0,61550000.0,8
2025,30,14,215,MUNICIPALIDAD DE YPE JHU,Municipalidades,36.0,24.0,6.0,525200000.0,65650000.0,8
2025,30,14,216,MUNICIPALIDAD DE GENERAL FRANCISCO CABALLERO ALVAREZ,Municipalidades,52.0,26.0,18.0,1443290683.0,183699600.0,8
2025,30,14,217,MUNICIPALIDAD DE KATUETE,Municipalidades,118.0,97.0,35.0,3216276289.0,423338729.0,8
2025,30,14,218,MUNICIPALIDAD DE LA PALOMA,Municipalidades,63.0,40.0,24.0,1980304094.0,251666534.0,8
2025,30,14,219,MUNICIPALIDAD DE NUEVA ESPERANZA,Municipalidades,104.0,82.0,43.0,3616148350.0,454806021.0,8
2025,30,14,244,MUNICIPALIDAD DE YVYRAROBANA,Municipalidades,23.0,9.0,7.0,412000000.0,51500000.0,8
2025,30,14,247,MUNICIPALIDAD DE YBY PYTA,Municipalidades,35.0,23.0,9.0,493300000.0,60950000.0,8
2025,30,14,251,MUNICIPALIDAD DE MARACANA,Municipalidades,41.0,27.0,11.0,833053120.0,104131640.0,8
2025,30,14,255,MUNICIPALIDAD DE PUERTO ADELA,Municipalidades,28.0,14.0,6.0,663171320.0,84021415.0,8
2025,30,14,256,MUNICIPALIDAD DE LAUREL,Municipalidades,30.0,18.0,8.0,455458368.0,53957296.0,8
2025,30,15,220,MUNICIPALIDAD DE BENJAMIN ACEVAL,Municipalidades,105.0,63.0,33.0,3632652503.0,455980482.0,8
2025,30,15,221,MUNICIPALIDAD DE PUERTO PINASCO,Municipalidades,130.0,114.0,56.0,1561317376.0,204000922.0,8
2025,30,15,222,MUNICIPALIDAD DE VILLA HAYES,Municipalidades,276.0,180.0,108.0,8693148315.0,1099152079.0,8
2025,30,15,223,MUNICIPALIDAD DE NANAWA,Municipalidades,52.0,38.0,21.0,827771200.0,102721400.0,8
2025,30,15,224,MUNICIPALIDAD DE JOSE FALCON,Municipalidades,111.0,69.0,57.0,2226893122.0,283723220.0,8
2025,30,15,229,MUNICIPALIDAD DE TTE. 1RO. MANUEL IRALA FERNANDEZ,Municipalidades,45.0,26.0,12.0,1362255944.0,168306993.0,8
2025,30,15,232,MUNICIPALIDAD DE TENIENTE ESTEBAN MARTINEZ,Municipalidades,54.0,38.0,23.0,1026703032.0,124486228.0,8
2025,30,15,233,MUNICIPALIDAD DE GENERAL JOSE MARIA BRUGUEZ,Municipalidades,60.0,35.0,21.0,1238852000.0,154244000.0,8
2025,30,15,258,MUNICIPALIDAD DE CAMPO ACEVAL,Municipalidades,34.0,19.0,9.0,898448016.0,113175000.0,8
2025,30,15,262,MUNICIPALIDAD DE NUEVA ASUNCION,Municipalidades,103.0,88.0,60.0,1668017730.0,233537546.0,8
2025,30,16,228,MUNICIPALIDAD DE MARISCAL JOSE FELIX ESTIGARRIBIA,Municipalidades,146.0,111.0,40.0,6850156313.0,862526107.0,8
2025,30,16,230,MUNICIPALIDAD DE FILADELFIA,Municipalidades,197.0,180.0,48.0,9084048275.0,1883698000.0,8
2025,30,16,231,MUNICIPALIDAD DE LOMA PLATA,Municipalidades,141.0,125.0,68.0,5729952434.0,721848996.0,8
2025,30,16,261,MUNICIPALIDAD DE BOQUERON,Municipalidades,72.0,60.0,25.0,2958195492.0,381469887.0,8
2025,30,17,226,MUNICIPALIDAD DE LA VICTORIA,Municipalidades,48.0,19.0,13.0,1327672635.0,165640291.0,8
2025,30,17,227,MUNICIPALIDAD DE BAHIA NEGRA,Municipalidades,33.0,6.0,14.0,698589088.0,87073636.0,8
2025,30,17,235,MUNICIPALIDAD DE CARMELO PERALTA,Municipalidades,31.0,17.0,7.0,1164196006.0,143326578.0,8
2025,40,1,1,COMPAÑIA PARAGUAYA DE COMUNICACIONES S.A.,SA del Estado,2348.0,3.0,834.0,91395891263.0,10756395475.0,8
2025,40,2,1,EMPRESA DE SERVICIOS SANITARIOS DEL PARAGUAY S.A.,SA del Estado,2088.0,247.0,532.0,120963769032.0,15270263245.0,8
2025,40,3,1,CAÑAS PARAGUAYAS S.A.,SA del Estado,150.0,3.0,49.0,5468132636.0,590189748.0,8
2026,11,1,1,001-CONGRESO NACIONAL,Poder Legislativo,912.0,152.0,411.0,75237334700.0,9328371379.0,8
2026,11,2,1,002-CAMARA DE SENADORES,Poder Legislativo,1291.0,298.0,546.0,138527153363.0,17425697826.0,8
2026,11,3,1,003-CAMARA DE DIPUTADOS,Poder Legislativo,2213.0,601.0,977.0,162272145879.0,20274434055.0,8
2026,12,1,1,1-GABINETE CIVIL,Servicio civil del Ejecutivo,256.0,94.0,119.0,19135027129.0,2403062437.0,8
2026,12,1,2,2-GABINETE MILITAR,Servicio civil del Ejecutivo,18.0,1.0,9.0,8504780997.0,1079174893.0,8
2026,12,1,11,11-SECRETARIA NACIONAL ANTIDROGAS,Servicio civil del Ejecutivo,434.0,10.0,141.0,32456280129.0,3932041984.0,8
2026,12,1,12,12-CONSEJO DE LA DEFENSA NACIONAL,Servicio civil del Ejecutivo,12.0,0.0,2.0,1528501416.0,199807227.0,8
2026,12,1,14,14-SRIA.DE DESARROLLO P/ REPATRIADOS Y REFUGIADOS CONNACIONALES,Servicio civil del Ejecutivo,130.0,36.0,67.0,8834354355.0,1101983805.0,8
2026,12,1,15,15-PROCURADURIA GENERAL DE LA REPUBLICA,Servicio civil del Ejecutivo,101.0,3.0,49.0,9805206641.0,1473732221.0,8
2026,12,1,17,17-SECRETARIA DE EMERGENCIA NACIONAL,Servicio civil del Ejecutivo,183.0,48.0,51.0,6598393678.0,839760374.0,8
2026,12,1,18,18-SECRETARIA NACIONAL DE TURISMO,Servicio civil del Ejecutivo,236.0,86.0,129.0,14265128892.0,1580274493.0,8
2026,12,1,20,20-AUDITORIA GENERAL DEL PODER EJECUTIVO,Servicio civil del Ejecutivo,68.0,6.0,31.0,7602845728.0,1200868083.0,8
2026,12,1,21,21-SECRETARIA NACIONAL DE CULTURA,Servicio civil del Ejecutivo,189.0,30.0,107.0,10934931839.0,1317952606.0,8
2026,12,1,23,23-SECRETARIA NACIONAL DE DEPORTES,Servicio civil del Ejecutivo,113.0,19.0,38.0,8403485335.0,1061565647.0,8
2026,12,1,29,29-SECRETARIA DE POLITICAS LINGUISTICAS,Servicio civil del Ejecutivo,37.0,1.0,16.0,2867178953.0,349336250.0,8
2026,12,1,30,30-SEC. NAC.POR LOS DDHH DE LAS PERS.CON DISCAPACIDAD (SENADIS),Servicio civil del Ejecutivo,451.0,81.0,266.0,19758246663.0,2461977062.0,8
2026,12,1,36,36-SECRETARIA DE PREVENCION DE LAVADO DE DINERO O BIENES,Servicio civil del Ejecutivo,67.0,4.0,31.0,7754815043.0,983446680.0,8
2026,12,1,38,38-CONSEJO NACIONAL DE CIENCIA Y TECNOLOGIA,Servicio civil del Ejecutivo,62.0,19.0,33.0,4477504888.0,555880537.0,8
2026,12,1,40,40-ESCRIBANIA MAYOR DE GOBIERNO,Servicio civil del Ejecutivo,28.0,1.0,12.0,1852354495.0,226415853.0,8
2026,12,1,50,50-AGENCIA ESPACIAL DEL PARAGUAY,Servicio civil del Ejecutivo,20.0,0.0,7.0,2122124141.0,267480865.0,8
2026,12,1,51,51-SECRETARIA NACIONAL DE LA JUVENTUD,Servicio civil del Ejecutivo,26.0,7.0,16.0,1921430281.0,254310307.0,8
2026,12,1,54,54-SECRETARIA NAC. DE ADM. DE BIENES INCAUTADOS Y COMISADOS,Servicio civil del Ejecutivo,20.0,2.0,8.0,3180730879.0,436419352.0,8
2026,12,1,56,56-ORQUESTA SINFONICA NACIONAL,Servicio civil del Ejecutivo,88.0,42.0,33.0,4333593411.0,508584312.0,8
2026,12,1,57,57-ORQUESTA NACIONAL DE MUSICA POPULAR,Servicio civil del Ejecutivo,55.0,37.0,20.0,2940449341.0,370948177.0,8
2026,12,1,58,58-AGENCIA NACIONAL DE ANTIDOPAJE DEL PARAGUAY,Servicio civil del Ejecutivo,4.0,2.0,4.0,335416060.0,103758523.0,8
2026,12,2,1,002-VICEPRESIDENCIA DE LA REPUBLICA,Servicio civil del Ejecutivo,74.0,7.0,34.0,6370518516.0,774157192.0,8
2026,12,3,1,003-MINISTERIO DEL INTERIOR,Servicio civil del Ejecutivo,285.0,16.0,108.0,42389921092.0,5536529441.0,8
2026,12,3,2,025-POLICIA NACIONAL,Fuerzas públicas,43224.0,118.0,8077.0,2500817016221.0,298746079458.0,8
2026,12,4,1,004-MINISTERIO DE RELACIONES EXTERIORES,Servicio civil del Ejecutivo,1142.0,282.0,488.0,188463946816.0,22644677153.0,8
2026,12,5,1,005-MINISTERIO DE DEFENSA NACIONAL,Fuerzas públicas,21949.0,189.0,2654.0,1306175095631.0,154031838028.0,8
2026,12,6,1,006-MINISTERIO DE ECONOMIA Y FINANZAS,Servicio civil del Ejecutivo,1260.0,133.0,629.0,123202241045.0,15551433541.0,8
2026,12,7,1,007-MINISTERIO DE EDUCACION Y CIENCIAS,Educación,84324.0,120.0,58820.0,5363705308244.0,682610162483.0,8
2026,12,8,1,008-MINISTERIO DE SALUD PUBLICA Y BIENESTAR SOCIAL,Salud,64822.0,38196.0,44443.0,3128266130639.0,397511180779.0,8
2026,12,9,1,009-MINISTERIO DE JUSTICIA,Servicio civil del Ejecutivo,4942.0,2567.0,1956.0,203345431015.0,26975545963.0,8
2026,12,10,1,010-MINISTERIO DE AGRICULTURA Y GANADERIA,Servicio civil del Ejecutivo,2363.0,810.0,969.0,92551273988.0,12430324394.0,8
2026,12,11,1,011-MINISTERIO DE INDUSTRIA Y COMERCIO,Servicio civil del Ejecutivo,343.0,41.0,154.0,29805209679.0,3796456103.0,8
2026,12,13,1,013-MINISTERIO DE OBRAS PUBLICAS Y COMUNICACIONES,Servicio civil del Ejecutivo,3293.0,364.0,821.0,139221599263.0,17778569855.0,8
2026,12,14,1,014-MINISTERIO DE LA MUJER,Servicio civil del Ejecutivo,190.0,97.0,165.0,8857055426.0,1206093251.0,8
2026,12,16,1,"016-MINISTERIO DEL TRABAJO, EMPLEO Y SEGURIDAD SOCIAL",Servicio civil del Ejecutivo,2133.0,1246.0,1170.0,82326942953.0,11172619949.0,8
2026,12,17,1,017-MINISTERIO DEL AMBIENTE Y DESARROLLO SOSTENIBLE,Servicio civil del Ejecutivo,403.0,67.0,155.0,28318199935.0,3345243657.0,8
2026,12,18,1,018-MINISTERIO DE DESARROLLO SOCIAL,Servicio civil del Ejecutivo,1271.0,1002.0,779.0,45951241974.0,5632302825.0,8
2026,12,19,1,019-MINISTERIO DE URBANISMO VIVIENDA Y HABITAT,Servicio civil del Ejecutivo,602.0,125.0,317.0,39829785810.0,4969511250.0,8
2026,12,20,1,020-MINISTERIO DE LA NIÑEZ Y LA ADOLESCENCIA,Servicio civil del Ejecutivo,801.0,321.0,587.0,28029694104.0,3710950904.0,8
2026,12,21,1,021-MINISTERIO DE TECNOLOGIAS DE LA INFORMACION Y COMUNICACION,Servicio civil del Ejecutivo,400.0,179.0,167.0,27367949942.0,3486750528.0,8
2026,13,1,1,001-CORTE SUPREMA DE JUSTICIA,Poder Judicial,12211.0,2.0,7212.0,637560503100.0,76198809081.0,8
2026,13,2,1,002-JUSTICIA ELECTORAL,Poder Judicial,6985.0,1478.0,3460.0,264174815851.0,34492020503.0,8
2026,13,3,1,003-MINISTERIO PUBLICO,Poder Judicial,6186.0,361.0,3513.0,386046801513.0,48038415988.0,8
2026,13,4,1,004-CONSEJO DE LA MAGISTRATURA,Poder Judicial,257.0,98.0,128.0,17059023112.0,2383854232.0,8
2026,13,5,1,005-JURADO DE ENJUICIAMIENTO DE MAGISTRADOS,Poder Judicial,302.0,64.0,152.0,22687375712.0,2784264535.0,8
2026,13,6,1,006-MINISTERIO DE LA DEFENSA PUBLICA,Poder Judicial,2738.0,491.0,1718.0,144509306901.0,17778172646.0,8
2026,13,7,1,007-SINDICATURA GENERAL DE QUIEBRAS,Poder Judicial,102.0,21.0,44.0,8187717992.0,1027077378.0,8
2026,14,1,1,001-CONTRALORIA GENERAL DE LA REPUBLICA,Otros organismos,1007.0,69.0,552.0,99017666231.0,12212234477.0,8
2026,15,1,1,001-DEFENSORIA DEL PUEBLO,Otros organismos,174.0,67.0,116.0,6773841970.0,842590437.0,8
2026,15,2,1,002-MECANISMO NACIONAL DE PREVENCION CONTRA LA TORTURA,Otros organismos,30.0,2.0,15.0,2699999496.0,326663925.0,8
2026,21,1,1,BANCO CENTRAL DEL PARAGUAY,Otros organismos,762.0,2.0,365.0,107992782117.0,12733727694.0,8
2026,22,1,1,I DEPARTAMENTO: GOBERNACION DE CONCEPCION,Gobiernos departamentales,116.0,47.0,45.0,4837687256.0,598047032.0,8
2026,22,2,1,II DEPARTAMENTO: GOBERNACION DE SAN PEDRO,Gobiernos departamentales,116.0,77.0,63.0,3156443654.0,372411935.0,8
2026,22,3,1,,,,,,4125489310.0,0.0,8
2026,22,4,1,IV DEPARTAMENTO: GOBERNACION DE GUAIRA,Gobiernos departamentales,195.0,109.0,73.0,5521437816.0,679356660.0,8
2026,22,5,1,V DEPARTAMENTO: GOBERNACION DE CAAGUAZU,Gobiernos departamentales,256.0,156.0,85.0,7278487728.0,941825615.0,8
2026,22,6,1,VI DEPARTAMENTO: GOBERNACION DE CAAZAPA,Gobiernos departamentales,83.0,30.0,23.0,3832486104.0,478401513.0,8
2026,22,7,1,VII DEPARTAMENTO: GOBERNACION DE ITAPUA,Gobiernos departamentales,206.0,84.0,84.0,8021563876.0,990984592.0,8
2026,22,8,1,,,,,,2049251705.0,0.0,8
2026,22,9,1,GOBIERNO DEPARTAMENTAL DE PARAGUARI,Gobiernos departamentales,151.0,65.0,53.0,5692062800.0,693958481.0,8
2026,22,10,1,X DEPARTAMENTO: GOBERNACION DE ALTO PARANA,Gobiernos departamentales,256.0,158.0,91.0,10535800431.0,1326498628.0,8
2026,22,11,1,GOBIERNO DEPARTAMENTAL DE CENTRAL,Gobiernos departamentales,149.0,39.0,76.0,10967354939.0,1293011481.0,8
2026,22,12,1,XII DEPARTAMENTO: GOBERNACION DE ÑEEMBUCU,Gobiernos departamentales,110.0,33.0,47.0,4287818061.0,537096085.0,8
2026,22,13,1,XIII DEPARTAMENTO: GOBERNACION DE AMAMBAY,Gobiernos departamentales,130.0,81.0,61.0,4600156029.0,568144378.0,8
2026,22,14,1,XIV DEPARTAMENTO: GOBERNACION DE CANINDEYU,Gobiernos departamentales,79.0,31.0,27.0,3221121280.0,401495498.0,8
2026,22,15,1,XV DEPARTAMENTO: GOBERNACION DE PRESIDENTE HAYES,Gobiernos departamentales,133.0,87.0,55.0,4792993955.0,588166049.0,8
2026,22,16,1,XVI DEPARTAMENTO: GOBERNACION DE BOQUERON,Gobiernos departamentales,178.0,96.0,82.0,8882712697.0,1146780413.0,8
2026,22,17,1,XVII DEPARTAMENTO: GOBERNACION DE ALTO PARAGUAY,Gobiernos departamentales,45.0,0.0,8.0,1800963512.0,225120439.0,8
2026,23,1,1,INSTITUTO NACIONAL DE TECNOLOGIA Y NORMALIZACION,Entes autónomos y autárquicos,256.0,81.0,125.0,15677993723.0,1673975198.0,8
2026,23,3,1,INSTITUTO NACIONAL DE DESARROLLO RURAL Y DE LA TIERRA,Entes autónomos y autárquicos,466.0,79.0,166.0,25426487989.0,3180128265.0,8
2026,23,4,1,DIRECCION DE BENEFICENCIA Y AYUDA SOCIAL,Entes autónomos y autárquicos,99.0,30.0,56.0,7595656728.0,923470042.0,8
2026,23,6,1,INSTITUTO NACIONAL DEL INDIGENA,Entes autónomos y autárquicos,71.0,17.0,27.0,5749686515.0,696063410.0,8
2026,23,8,1,FONDO NACIONAL DE LA CULTURA Y LAS ARTES,Entes autónomos y autárquicos,22.0,6.0,12.0,1676150197.0,194038779.0,8
2026,23,10,1,,,,,,24991186878.0,0.0,8
2026,23,11,1,,,,,,8698261519.0,0.0,8
2026,23,13,1,,,,,,5482854377.0,0.0,8
2026,23,14,1,INSTITUTO NACIONAL DE COOPERATIVISMO,Entes autónomos y autárquicos,182.0,51.0,104.0,15132812608.0,1605512252.0,8
2026,23,16,1,SERVICIO NACIONAL DE CALIDAD Y SALUD ANIMAL,Entes autónomos y autárquicos,1257.0,82.0,505.0,68397489429.0,7103309848.0,8
2026,23,17,1,INSTITUTO PARAGUAYO DE ARTESANIA,Entes autónomos y autárquicos,71.0,4.0,47.0,3875328678.0,496053082.0,8
2026,23,18,1,,,,,,27229966757.0,0.0,8
2026,23,19,1,DIRECCION NACIONAL DE CONTRATACIONES PUBLICAS,Entes autónomos y autárquicos,247.0,86.0,138.0,19024145125.0,2388598134.0,8
2026,23,20,1,INSTITUTO FORESTAL NACIONAL,Entes autónomos y autárquicos,339.0,37.0,112.0,17803872016.0,2137762096.0,8
2026,23,22,1,INSTITUTO PARAGUAYO DE TECNOLOGIA AGRARIA,Entes autónomos y autárquicos,505.0,139.0,176.0,19492028550.0,2392107453.0,8
2026,23,24,1,DIRECCION NACIONAL DE CORREOS DEL PARAGUAY,Entes autónomos y autárquicos,756.0,56.0,377.0,24104698960.0,3045401965.0,8
2026,23,25,1,DIRECCION NACIONAL DE PROPIEDAD INTELECTUAL,Entes autónomos y autárquicos,116.0,8.0,59.0,8745234511.0,1057738651.0,8
2026,23,26,1,SECRETARIA DE DEFENSA DEL CONSUMIDOR Y EL USUARIO,Entes autónomos y autárquicos,27.0,0.0,15.0,2368305217.0,261765664.0,8
2026,23,27,1,COMISION NACIONAL DE LA COMPETENCIA,Entes autónomos y autárquicos,29.0,1.0,10.0,3313652345.0,362827749.0,8
2026,23,28,1,AGENCIA NACIONAL DE TRANSITO Y SEGURIDAD VIAL,Entes autónomos y autárquicos,40.0,17.0,20.0,3856311780.0,446541091.0,8
2026,23,29,1,CONSEJO NACIONAL DE EDUCACION SUPERIOR,Entes autónomos y autárquicos,30.0,1.0,15.0,2156223562.0,248400706.0,8
2026,23,30,1,AGENCIA NACIONAL DE EVALUACION Y ACREDITACION DE LA EDUCACION SUPERIOR,Entes autónomos y autárquicos,47.0,2.0,25.0,4027342373.0,488878388.0,8
2026,23,31,1,AUTORIDAD REGULADORA RADIOLOGICA Y NUCLEAR,Entes autónomos y autárquicos,31.0,0.0,14.0,2508896546.0,322071123.0,8
2026,23,32,1,SECRETARIA NACIONAL DE INTELIGENCIA,Entes autónomos y autárquicos,29.0,2.0,15.0,3446301363.0,417515552.0,8
2026,23,33,1,INSTITUTO SUPERIOR DE BELLAS ARTES,Entes autónomos y autárquicos,200.0,10.0,121.0,10161549674.0,1280535253.0,8
2026,23,34,1,INSTITUTO NACIONAL DE EDUCACION SUPERIOR,Entes autónomos y autárquicos,262.0,46.0,176.0,12724599573.0,1618726027.0,8
2026,23,35,1,"DIRECCION NACIONAL DE DEFENSA, SALUD Y BIENESTAR ANIMAL",Entes autónomos y autárquicos,27.0,19.0,8.0,1978601033.0,301522568.0,8
2026,23,36,1,INSTITUTO NACIONAL DE ESTADISTICAS,Entes autónomos y autárquicos,612.0,471.0,314.0,23539849230.0,3375909906.0,8
2026,23,37,1,,,,,,759549470.0,0.0,8
2026,23,38,1,DIRECCION NACIONAL DE VIGILANCIA SANITARIA,Entes autónomos y autárquicos,250.0,104.0,176.0,22334506033.0,2379756436.0,8
2026,23,39,1,DIRECCION NACIONAL DE MIGRACIONES,Entes autónomos y autárquicos,589.0,335.0,303.0,30991385394.0,3705380267.0,8
2026,23,40,1,DIRECCION NACIONAL DE INGRESOS TRIBUTARIOS,Entes autónomos y autárquicos,1770.0,134.0,616.0,177857934482.0,21679515789.0,8
2026,24,1,1,INSTITUTO DE PREVISION SOCIAL,Salud,25568.0,13387.0,16834.0,1102689703369.0,129247010293.0,8
2026,24,2,1,CAJA DE SEGURIDAD SOCIAL DE EMPLEADOS Y OBREROS FERROVIARIOS,Otros organismos,12.0,0.0,3.0,590599100.0,66520500.0,8
2026,24,4,1,CAJA DE JUBILACIONES Y PENSIONES DE EMPLEADOS BANCARIOS,Otros organismos,128.0,18.0,56.0,6018870985.0,704901450.0,8
2026,24,5,1,CAJA DE JUBILACIONES Y PENSIONES DEL PERSONAL MUNICIPAL,Otros organismos,165.0,31.0,81.0,7212282691.0,894869414.0,8
2026,25,2,1,ADMINISTRACION NACIONAL DE ELECTRICIDAD,Empresas públicas,4736.0,481.0,1028.0,480974294443.0,56952815624.0,8
2026,25,4,1,ADMINISTRACION NACIONAL DE NAVEGACION Y PUERTOS,Empresas públicas,1109.0,96.0,315.0,41800907901.0,4871413945.0,8
2026,25,5,1,DIRECCION NACIONAL DE AERONAUTICA CIVIL,Empresas públicas,1915.0,475.0,735.0,78628579099.0,9624615167.0,8
2026,25,6,1,PETROLEOS PARAGUAYOS,Empresas públicas,789.0,303.0,171.0,74116840136.0,9403560173.0,8
2026,25,7,1,INDUSTRIA NACIONAL DEL CEMENTO,Empresas públicas,989.0,400.0,184.0,62387551220.0,7833251995.0,8
2026,27,1,1,BANCO NACIONAL DE FOMENTO (BNF),Otros organismos,1650.0,107.0,699.0,173631063613.0,21454307796.0,8
2026,27,3,1,CREDITO AGRICOLA DE HABILITACION,Otros organismos,398.0,41.0,150.0,22830007271.0,2582358202.0,8
2026,27,5,1,,,,,,73526926.0,0.0,8
2026,27,7,1,AGENCIA FINANCIERA DE DESARROLLO,Otros organismos,100.0,2.0,55.0,12849942215.0,1600700714.0,8
2026,28,1,1,UNIVERSIDAD NACIONAL DE ASUNCION,Educación,15505.0,1861.0,8463.0,724258382236.0,88631464968.0,8
2026,28,2,1,UNIVERSIDAD NACIONAL DEL ESTE,Educación,1766.0,161.0,953.0,70205784482.0,7763992812.0,8
2026,28,3,1,UNIVERSIDAD NACIONAL DE PILAR,Educación,850.0,48.0,491.0,28731975538.0,3591191995.0,8
2026,28,4,1,UNIVERSIDAD NACIONAL DE ITAPUA,Educación,1218.0,111.0,702.0,37759698468.0,5675737690.0,8
2026,28,6,1,UNIVERSIDAD NACIONAL DE VILLARRICA DEL ESPIRITU SANTO,Educación,1595.0,27.0,932.0,30469168573.0,3860295497.0,8
2026,28,7,1,UNIVERSIDAD NACIONAL DE CAAGUAZU,Educación,1142.0,14.0,592.0,32582838034.0,4068390111.0,8
2026,28,8,1,UNIVERSIDAD NACIONAL DE CANINDEYU,Educación,126.0,4.0,71.0,4946034202.0,621534678.0,8
2026,28,9,1,UNIVERSIDAD POLITECNICA TAIWAN-PARAGUAY,Educación,36.0,0.0,16.0,4122475455.0,514488323.0,8
2026,28,10,1,UNIVERSIDAD NACIONAL DE MISIONES,Educación,359.0,15.0,213.0,9377017341.0,1260754932.0,8
2026,30,1,2,MUNICIPALIDAD DE CONCEPCION,Municipalidades,403.0,348.0,159.0,7540441678.0,977623755.0,8
2026,30,1,3,MUNICIPALIDAD DE  BELEN,Municipalidades,47.0,37.0,22.0,471420000.0,58840000.0,8
2026,30,1,4,MUNICIPALIDAD DE HORQUETA,Municipalidades,75.0,54.0,28.0,1776579762.0,222722688.0,8
2026,30,1,5,MUNICIPALIDAD DE LORETO,Municipalidades,41.0,24.0,11.0,818630000.0,102600000.0,8
2026,30,1,6,MUNICIPALIDAD DE SAN LAZARO,Municipalidades,55.0,27.0,16.0,1091114448.0,136389306.0,8
2026,30,1,237,MUNICIPALIDAD DE SAN CARLOS DEL APA,Municipalidades,31.0,20.0,14.0,352000000.0,44000000.0,8
2026,30,1,238,MUNICIPALIDAD DE AZOTEY,Municipalidades,28.0,14.0,4.0,503300000.0,63100000.0,8
2026,30,1,241,MUNICIPALIDAD DE SARGENTO JOSE FELIX LOPEZ,Municipalidades,23.0,11.0,7.0,481600000.0,60200000.0,8
2026,30,1,248,MUNICIPALIDAD DE PASO BARRETO,Municipalidades,29.0,23.0,11.0,120758452.0,60379226.0,8
2026,30,1,249,MUNICIPALIDAD DE SAN ALFREDO,Municipalidades,29.0,19.0,15.0,497655300.0,60734400.0,8
2026,30,1,257,MUNICIPALIDAD DE PASO HORQUETA,Municipalidades,40.0,21.0,18.0,586826982.0,84938991.0,8
2026,30,1,263,MUNICIPALIDAD DE ITACUA,Municipalidades,13.0,0.0,1.0,515700000.0,67100000.0,8
2026,30,1,524,MUNICIPALIDAD DE ARROYITO,Municipalidades,18.0,6.0,5.0,452280000.0,56535000.0,8
2026,30,2,8,,,,,,780406264.0,0.0,8
2026,30,2,10,MUNICIPALIDAD DE CHORE,Municipalidades,54.0,31.0,19.0,1027336296.0,128004537.0,8
2026,30,2,11,,,,,,314340000.0,0.0,8
2026,30,2,12,,,,,,512195210.0,0.0,8
2026,30,2,13,MUNICIPALIDAD DE LIMA,Municipalidades,44.0,30.0,16.0,803180000.0,100735000.0,8
2026,30,2,14,MUNICIPALIDAD DE NUEVA GERMANIA,Municipalidades,23.0,11.0,9.0,246768000.0,30846000.0,8
2026,30,2,15,MUNICIPALIDAD DE SAN ESTANISLAO,Municipalidades,94.0,63.0,44.0,2171220000.0,267365000.0,8
2026,30,2,16,MUNICIPALIDAD DE YRYBUCUA,Municipalidades,46.0,33.0,13.0,627080000.0,74710000.0,8
2026,30,2,17,MUNICIPALIDAD DE SAN PABLO,Municipalidades,27.0,15.0,10.0,249361700.0,30728100.0,8
2026,30,2,18,MUNICIPALIDAD DE TACUATI,Municipalidades,60.0,47.0,23.0,912244416.0,111005552.0,8
2026,30,2,19,MUNICIPALIDAD DE UNION,Municipalidades,40.0,25.0,10.0,328300000.0,31300000.0,8
2026,30,2,20,,,,,,414050000.0,0.0,8
2026,30,2,22,MUNICIPALIDAD DE GRAL. F. RESQUIN,Municipalidades,43.0,31.0,14.0,571820000.0,71040000.0,8
2026,30,2,23,MUNICIPALIDAD DE YATAITY DEL NORTE,Municipalidades,33.0,21.0,11.0,456264448.0,57033056.0,8
2026,30,2,24,MUNICIPALIDAD DE GUAJAYVI,Municipalidades,55.0,45.0,21.0,1115380000.0,139110000.0,8
2026,30,2,25,MUNICIPALIDAD DE CAPIIBARY,Municipalidades,60.0,44.0,15.0,824274096.0,103228012.0,8
2026,30,2,26,MUNICIPALIDAD DE SANTA ROSA DEL AGUARAY,Municipalidades,84.0,61.0,21.0,1934505192.0,264503656.0,8
2026,30,2,239,MUNICIPALIDAD DE LIBERACION,Municipalidades,47.0,33.0,4.0,795506400.0,94438300.0,8
2026,30,2,260,MUNICIPALIDAD DE SAN JOSE DEL ROSARIO,Municipalidades,33.0,18.0,15.0,450000000.0,53000000.0,8
2026,30,3,27,MUNICIPALIDAD DE CAACUPE,Municipalidades,249.0,195.0,113.0,6405202526.0,800650509.0,8
2026,30,3,28,MUNICIPALIDAD DE ALTOS,Municipalidades,83.0,66.0,27.0,1835600700.0,230438400.0,8
2026,30,3,29,,,,,,262389069.0,0.0,8
2026,30,3,31,MUNICIPALIDAD DE CARAGUATAY,Municipalidades,57.0,30.0,22.0,1145350600.0,256166800.0,8
2026,30,3,32,MUNICIPALIDAD DE EMBOSCADA,Municipalidades,81.0,52.0,39.0,1583721369.0,239702501.0,8
2026,30,3,33,MUNICIPALIDAD DE EUSEBIO AYALA,Municipalidades,86.0,53.0,22.0,2424747312.0,227738595.0,8
2026,30,3,34,MUNICIPALIDAD DE ISLA PUCU,Municipalidades,44.0,32.0,18.0,512202546.0,63178000.0,8
2026,30,3,35,MUNICIPALIDAD DE ITACURUBI DE LA CORDILLERA,Municipalidades,63.0,48.0,28.0,1009784523.0,136404590.0,8
2026,30,3,37,MUNICIPALIDAD DE LOMA GRANDE,Municipalidades,34.0,24.0,10.0,611464248.0,93806472.0,8
2026,30,3,38,MUNICIPALIDAD DE MBOCAYATY DEL YHAGUY,Municipalidades,37.0,26.0,15.0,215895348.0,31560000.0,8
2026,30,3,39,MUNICIPALIDAD DE NUEVA COLOMBIA,Municipalidades,37.0,24.0,16.0,694377308.0,87780000.0,8
2026,30,3,40,MUNICIPALIDAD DE PIRIBEBUY,Municipalidades,70.0,33.0,27.0,1514360000.0,188940000.0,8
2026,30,3,42,MUNICIPALIDAD DE SAN BERNARDINO,Municipalidades,275.0,223.0,120.0,8249547772.0,1042866953.0,8
2026,30,3,43,MUNICIPALIDAD DE SANTA ELENA,Municipalidades,38.0,25.0,17.0,578500000.0,56200000.0,8
2026,30,3,44,,,,,,1143004100.0,0.0,8
2026,30,3,45,MUNICIPALIDAD DE VALENZUELA,Municipalidades,24.0,3.0,11.0,352757454.0,50393922.0,8
2026,30,3,46,,,,,,253715000.0,0.0,8
2026,30,4,47,MUNICIPALIDAD DE VILLARRICA DEL ESPIRITU SANTO,Municipalidades,422.0,303.0,184.0,6771793589.0,941128504.0,8
2026,30,4,48,MUNICIPALIDAD DE BORJA,Municipalidades,21.0,10.0,8.0,225040000.0,28130000.0,8
2026,30,4,49,MUNICIPALIDAD DE CAPITAN MAURICIO JOSE TROCHE,Municipalidades,19.0,13.0,8.0,257550000.0,33450000.0,8
2026,30,4,50,MUNICIPALIDAD DE CORONEL MARTINEZ,Municipalidades,37.0,26.0,17.0,417796154.0,52650000.0,8
2026,30,4,51,MUNICIPALIDAD DE FELIX PEREZ CARDOZO,Municipalidades,51.0,40.0,18.0,470482836.0,46179253.0,8
2026,30,4,53,MUNICIPALIDAD DE INDEPENDENCIA,Municipalidades,69.0,56.0,30.0,1239360000.0,156100000.0,8
2026,30,4,54,MUNICIPALIDAD DE ITAPE,Municipalidades,37.0,25.0,11.0,492687000.0,3300000.0,8
2026,30,4,55,MUNICIPALIDAD DE ITURBE,Municipalidades,39.0,23.0,13.0,443920000.0,56100000.0,8
2026,30,4,56,MUNICIPALIDAD DE JOSE A. FASSARDI,Municipalidades,36.0,25.0,10.0,347040000.0,43980000.0,8
2026,30,4,57,MUNICIPALIDAD DE MBOCAYATY DEL GUAIRA,Municipalidades,28.0,15.0,7.0,369900000.0,49050000.0,8
2026,30,4,58,MUNICIPALIDAD DE NATALICIO TALAVERA,Municipalidades,42.0,31.0,16.0,348400000.0,43000000.0,8
2026,30,4,59,MUNICIPALIDAD DE ÑUMI,Municipalidades,28.0,17.0,8.0,143048400.0,16737300.0,8
2026,30,4,60,MUNICIPALIDAD DE SAN SALVADOR,Municipalidades,45.0,34.0,16.0,317880765.0,41600000.0,8
2026,30,4,61,MUNICIPALIDAD DE YATAITY DEL GUAIRA,Municipalidades,27.0,15.0,15.0,375898000.0,39334000.0,8
2026,30,4,62,MUNICIPALIDAD DE DR. BOTRELL,Municipalidades,34.0,24.0,19.0,197817776.0,20922222.0,8
2026,30,4,63,MUNICIPALIDAD DE PASO YOBAI,Municipalidades,41.0,30.0,12.0,623834525.0,77710177.0,8
2026,30,4,234,MUNICIPALIDAD DE TEBICUARY,Municipalidades,53.0,34.0,20.0,785451000.0,65875000.0,8
2026,30,5,64,MUNICIPALIDAD DE CORONEL OVIEDO,Municipalidades,395.0,278.0,163.0,8925031608.0,1069589136.0,8
2026,30,5,67,MUNICIPALIDAD DE DR. CECILIO BAEZ,Municipalidades,29.0,17.0,12.0,442503727.0,51260000.0,8
2026,30,5,68,MUNICIPALIDAD DE SANTA.ROSA DEL MBUTUY,Municipalidades,26.0,14.0,8.0,349040000.0,43630000.0,8
2026,30,5,69,MUNICIPALIDAD DE DR. JUAN MANUEL FRUTOS,Municipalidades,61.0,44.0,26.0,1081603905.0,150175033.0,8
2026,30,5,70,MUNICIPALIDAD DE REPATRIACION,Municipalidades,58.0,42.0,19.0,1195040517.0,277262620.0,8
2026,30,5,71,MUNICIPALIDAD DE NUEVA LONDRES,Municipalidades,34.0,23.0,14.0,349200000.0,43650000.0,8
2026,30,5,72,MUNICIPALIDAD DE SAN JOAQUIN,Municipalidades,34.0,22.0,5.0,559208000.0,70726000.0,8
2026,30,5,73,MUNICIPALIDAD DE SAN JOSE DE LOS ARROYOS,Municipalidades,53.0,30.0,12.0,903254170.0,121207508.0,8
2026,30,5,74,MUNICIPALIDAD DE YHU,Municipalidades,61.0,41.0,18.0,113220000.0,15255000.0,8
2026,30,5,76,MUNICIPALIDAD DE R.I. 3 CORRALES,Municipalidades,33.0,21.0,7.0,525040000.0,65630000.0,8
2026,30,5,77,MUNICIPALIDAD DE RAUL ARSENIO OVIEDO,Municipalidades,36.0,21.0,7.0,792491833.0,101581365.0,8
2026,30,5,78,,,,,,515923690.0,0.0,8
2026,30,5,79,MUNICIPALIDAD DE MARISCAL FRANCISCO SOLANO LOPEZ,Municipalidades,40.0,20.0,13.0,1091014072.0,147750000.0,8
2026,30,5,81,MUNICIPALIDAD DE 3 DE FEBRERO,Municipalidades,26.0,15.0,8.0,272480000.0,29600000.0,8
2026,30,5,82,MUNICIPALIDAD DE SIMON BOLIVAR,Municipalidades,34.0,22.0,7.0,477200000.0,59650000.0,8
2026,30,5,83,MUNICIPALIDAD DE VAQUERIA,Municipalidades,20.0,8.0,6.0,362400000.0,45300000.0,8
2026,30,5,233,,,,,,533800000.0,0.0,8
2026,30,5,243,,,,,,503440000.0,0.0,8
2026,30,6,84,MUNICIPALIDAD DE CAAZAPA,Municipalidades,83.0,50.0,26.0,1730050000.0,217200000.0,8
2026,30,6,85,MUNICIPALIDAD DE ABAI,Municipalidades,66.0,43.0,31.0,1243600000.0,160400000.0,8
2026,30,6,86,MUNICIPALIDAD DE BUENA VISTA,Municipalidades,34.0,18.0,9.0,0.0,0.0,8
2026,30,6,87,MUNICIPALIDAD DE DR. MOISES BERTONI,Municipalidades,21.0,10.0,6.0,265850000.0,28950000.0,8
2026,30,6,88,,,,,,358400000.0,0.0,8
2026,30,6,89,MUNICIPALIDAD DE MACIEL,Municipalidades,33.0,19.0,11.0,406020000.0,43480000.0,8
2026,30,6,90,MUNICIPALIDAD DE SAN JUAN NEPOMUCENO,Municipalidades,81.0,58.0,33.0,1426212104.0,160312456.0,8
2026,30,6,91,,,,,,371000000.0,0.0,8
2026,30,6,92,MUNICIPALIDAD DE FULGENCIO YEGROS,Municipalidades,48.0,36.0,16.0,732000000.0,94380000.0,8
2026,30,6,93,MUNICIPALIDAD DE YUTY,Municipalidades,75.0,50.0,27.0,1213460000.0,146500000.0,8
2026,30,7,94,MUNICIPALIDAD DE ENCARNACION,Municipalidades,1287.0,1077.0,488.0,24781566610.0,3039119729.0,8
2026,30,7,95,MUNICIPALIDAD DE BELLA VISTA,Municipalidades,78.0,55.0,24.0,2165619356.0,269578935.0,8
2026,30,7,96,MUNICIPALIDAD DE CAMBYRETA,Municipalidades,243.0,213.0,103.0,6614073258.0,850037518.0,8
2026,30,7,97,MUNICIPALIDAD DE CAPITAN MEZA,Municipalidades,75.0,47.0,26.0,1561830504.0,192041063.0,8
2026,30,7,98,MUNICIPALIDAD DE CAPITAN MIRANDA,Municipalidades,66.0,43.0,22.0,2001037095.0,219817455.0,8
2026,30,7,99,,,,,,0.0,0.0,8
2026,30,7,100,MUNICIPALIDAD DE CARMEN DEL PARANA,Municipalidades,85.0,63.0,26.0,275708000.0,142548000.0,8
2026,30,7,101,MUNICIPALIDAD DE CORONEL BOGADO,Municipalidades,94.0,66.0,26.0,2024971000.0,253998000.0,8
2026,30,7,102,MUNICIPALIDAD DE CARLOS ANTONIO LOPEZ,Municipalidades,89.0,69.0,27.0,1599401000.0,231193000.0,8
2026,30,7,103,MUNICIPALIDAD DE NATALIO,Municipalidades,81.0,58.0,26.0,1389744000.0,178030500.0,8
2026,30,7,104,MUNICIPALIDAD DE FRAM,Municipalidades,70.0,36.0,27.0,1864185665.0,202943405.0,8
2026,30,7,106,MUNICIPALIDAD DE GENERAL DELGADO,Municipalidades,25.0,14.0,6.0,317880000.0,40860000.0,8
2026,30,7,107,MUNICIPALIDAD DE HOHENAU,Municipalidades,117.0,90.0,39.0,2983115221.0,359831630.0,8
2026,30,7,108,MUNICIPALIDAD DE JESUS,Municipalidades,18.0,16.0,3.0,611671000.0,36600000.0,8
2026,30,7,109,MUNICIPALIDAD DE JOSE LEANDRO OVIEDO,Municipalidades,52.0,38.0,26.0,383556000.0,114271000.0,8
2026,30,7,110,MUNICIPALIDAD DE OBLIGADO,Municipalidades,126.0,96.0,44.0,3649141519.0,456974081.0,8
2026,30,7,111,,,,,,751164012.0,0.0,8
2026,30,7,112,MUNICIPALIDAD DE SAN COSME Y SAN DAMIAN,Municipalidades,75.0,57.0,24.0,1104580000.0,138310000.0,8
2026,30,7,113,MUNICIPALIDAD DE SAN PEDRO DEL PARANA,Municipalidades,96.0,76.0,30.0,1681856000.0,209840000.0,8
2026,30,7,114,MUNICIPALIDAD DE SAN RAFAEL DEL PARANA,Municipalidades,97.0,76.0,32.0,2324337500.0,286650000.0,8
2026,30,7,115,MUNICIPALIDAD DE TRINIDAD,Municipalidades,44.0,23.0,17.0,1045296500.0,158287500.0,8
2026,30,7,116,MUNICIPALIDAD DE EDELIRA,Municipalidades,58.0,40.0,28.0,1291737907.0,129912718.0,8
2026,30,7,117,,,,,,2194291056.0,0.0,8
2026,30,7,118,MUNICIPALIDAD DE ALTO VERA,Municipalidades,45.0,27.0,6.0,793010000.0,99298000.0,8
2026,30,7,119,,,,,,640452343.0,0.0,8
2026,30,7,120,MUNICIPALIDAD DE YATYTAY,Municipalidades,55.0,37.0,14.0,740024000.0,92503000.0,8
2026,30,7,121,MUNICIPALIDAD DE SAN JUAN DEL PARANA,Municipalidades,129.0,114.0,56.0,2866900562.0,339913329.0,8
2026,30,7,122,MUNICIPALIDAD DE PIRAPO,Municipalidades,67.0,45.0,25.0,1617221024.0,188579609.0,8
2026,30,7,123,,,,,,571843000.0,0.0,8
2026,30,8,124,,,,,,1155460000.0,0.0,8
2026,30,8,125,,,,,,3339968933.0,0.0,8
2026,30,8,126,MUNICIPALIDAD DE SAN IGNACIO GUAZU,Municipalidades,173.0,120.0,63.0,5551897259.0,655400709.0,8
2026,30,8,127,MUNICIPALIDAD DE SAN MIGUEL MISIONES,Municipalidades,58.0,34.0,18.0,885691726.0,110761381.0,8
2026,30,8,129,MUNICIPALIDAD DE SANTA MARIA,Municipalidades,44.0,25.0,16.0,29348000.0,10857000.0,8
2026,30,8,130,MUNICIPALIDAD DE SANTA ROSA MISIONES,Municipalidades,114.0,92.0,42.0,2013339169.0,232091666.0,8
2026,30,8,131,MUNICIPALIDAD DE SANTIAGO,Municipalidades,57.0,39.0,23.0,977185200.0,123620000.0,8
2026,30,8,132,,,,,,338600000.0,0.0,8
2026,30,9,134,,,,,,381260871.0,0.0,8
2026,30,9,135,,,,,,554910000.0,0.0,8
2026,30,9,136,,,,,,270004495.0,0.0,8
2026,30,9,137,,,,,,445683639.0,0.0,8
2026,30,9,138,,,,,,1583008000.0,0.0,8
2026,30,9,139,,,,,,256527796.0,0.0,8
2026,30,9,140,MUNICIPALIDAD DE LA COLMENA,Municipalidades,48.0,36.0,12.0,750476000.0,91884500.0,8
2026,30,9,141,MUNICIPALIDAD DE MBUYAPEY,Municipalidades,36.0,21.0,7.0,412000000.0,51500000.0,8
2026,30,9,142,MUNICIPALIDAD DE PIRAYU,Municipalidades,66.0,51.0,29.0,1244672171.0,158500687.0,8
2026,30,9,143,MUNICIPALIDAD DE QUIINDY,Municipalidades,77.0,49.0,27.0,1456147086.0,182466927.0,8
2026,30,9,144,MUNICIPALIDAD DE QUYQUYHO,Municipalidades,46.0,36.0,8.0,401000000.0,47750000.0,8
2026,30,9,145,,,,,,330900000.0,0.0,8
2026,30,9,146,MUNICIPALIDAD DE SAPUCAI,Municipalidades,25.0,11.0,7.0,330400000.0,39650000.0,8
2026,30,9,147,,,,,,297850000.0,0.0,8
2026,30,9,148,MUNICIPALIDAD DE YAGUARON,Municipalidades,104.0,76.0,45.0,1993716940.0,401930942.0,8
2026,30,9,149,MUNICIPALIDAD DE YBYCUI,Municipalidades,63.0,44.0,32.0,1071779528.0,130172441.0,8
2026,30,9,150,,,,,,440811556.0,0.0,8
2026,30,10,151,MUNICIPALIDAD DE CIUDAD DEL ESTE,Municipalidades,2372.0,2068.0,1167.0,71992368842.0,9572376383.0,8
2026,30,10,152,MUNICIPALIDAD DE PRESIDENTE FRANCO,Municipalidades,564.0,468.0,226.0,9705725000.0,1269355000.0,8
2026,30,10,153,MUNICIPALIDAD DE DOMINGO MARTINEZ DE IRALA,Municipalidades,60.0,47.0,12.0,1007120000.0,124450000.0,8
2026,30,10,154,MUNICIPALIDAD DE JUAN LEON MALLORQUIN,Municipalidades,71.0,53.0,28.0,1658460000.0,210880000.0,8
2026,30,10,155,MUNICIPALIDAD DE HERNANDARIAS,Municipalidades,453.0,333.0,220.0,11333809536.0,1388524968.0,8
2026,30,10,156,MUNICIPALIDAD DE SANTA FE DEL PARANA,Municipalidades,72.0,48.0,38.0,1682816508.0,222430200.0,8
2026,30,10,157,MUNICIPALIDAD DE ITAKYRY,Municipalidades,102.0,77.0,30.0,2322327651.0,311115666.0,8
2026,30,10,158,MUNICIPALIDAD DE JUAN E. O'LEARY,Municipalidades,56.0,39.0,23.0,900883796.0,115521898.0,8
2026,30,10,159,MUNICIPALIDAD DE ÑACUNDAY,Municipalidades,48.0,21.0,14.0,1507161399.0,172050485.0,8
2026,30,10,160,MUNICIPALIDAD DE YGUAZU,Municipalidades,68.0,44.0,16.0,1577750092.0,205638976.0,8
2026,30,10,161,MUNICIPALIDAD DE LOS CEDRALES,Municipalidades,83.0,58.0,32.0,1864636376.0,233767047.0,8
2026,30,10,162,MUNICIPALIDAD DE MINGA GUAZU,Municipalidades,265.0,172.0,119.0,7353156880.0,867580923.0,8
2026,30,10,163,MUNICIPALIDAD DE SAN CRISTOBAL,Municipalidades,58.0,40.0,16.0,1698991760.0,219691182.0,8
2026,30,10,164,MUNICIPALIDAD DE SANTA RITA,Municipalidades,232.0,87.0,92.0,7893945473.0,1069269769.0,8
2026,30,10,165,MUNICIPALIDAD DE NARANJAL,Municipalidades,86.0,66.0,27.0,2589743270.0,382034921.0,8
2026,30,10,166,MUNICIPALIDAD DE STA. ROSA DEL MONDAY,Municipalidades,68.0,44.0,27.0,2374306461.0,270975379.0,8
2026,30,10,167,MUNICIPALIDAD DE MINGA PORA,Municipalidades,88.0,67.0,30.0,1786809008.0,232429995.0,8
2026,30,10,168,,,,,,999285356.0,0.0,8
2026,30,10,169,,,,,,1844136213.0,0.0,8
2026,30,10,170,MUNICIPALIDAD DE IRUÑA,Municipalidades,45.0,24.0,15.0,1298494205.0,185247701.0,8
2026,30,10,240,MUNICIPALIDAD DE TAVAPY,Municipalidades,52.0,34.0,22.0,1249400000.0,153200000.0,8
2026,30,10,246,MUNICIPALIDAD DE DR. RAUL PENA,Municipalidades,26.0,10.0,4.0,462870000.0,57540000.0,8
2026,30,11,171,MUNICIPALIDAD DE AREGUA,Municipalidades,182.0,118.0,87.0,3199006179.0,323651235.0,8
2026,30,11,172,MUNICIPALIDAD DE CAPIATA,Municipalidades,1218.0,1058.0,578.0,24173087202.0,3288362280.0,8
2026,30,11,173,MUNICIPALIDAD DE FERNANDO DE LA MORA,Municipalidades,1104.0,717.0,515.0,22853637733.0,2911369649.0,8
2026,30,11,174,MUNICIPALIDAD DE GUARAMBARE,Municipalidades,163.0,124.0,72.0,4553315080.0,548538670.0,8
2026,30,11,175,MUNICIPALIDAD DE ITA,Municipalidades,222.0,206.0,84.0,4040457695.0,718562333.0,8
2026,30,11,176,MUNICIPALIDAD DE ITAUGUA,Municipalidades,417.0,360.0,204.0,8382374623.0,1098884588.0,8
2026,30,11,177,MUNICIPALIDAD DE LAMBARE,Municipalidades,863.0,571.0,366.0,19989283603.0,2491192368.0,8
2026,30,11,178,MUNICIPALIDAD DE LIMPIO,Municipalidades,293.0,162.0,145.0,7520864000.0,940068000.0,8
2026,30,11,179,MUNICIPALIDAD DE LUQUE,Municipalidades,1085.0,786.0,504.0,24524657596.0,3315199465.0,8
2026,30,11,180,MUNICIPALIDAD DE MARIANO ROQUE ALONSO,Municipalidades,655.0,425.0,343.0,13041408492.0,1694742261.0,8
2026,30,11,181,MUNICIPALIDAD DE NUEVA ITALIA,Municipalidades,72.0,55.0,26.0,1482401723.0,198908113.0,8
2026,30,11,182,MUNICIPALIDAD DE ÑEMBY,Municipalidades,460.0,421.0,208.0,11016963258.0,1482482834.0,8
2026,30,11,183,MUNICIPALIDAD DE SAN ANTONIO,Municipalidades,212.0,172.0,92.0,7454030487.0,953825847.0,8
2026,30,11,184,MUNICIPALIDAD DE SAN LORENZO,Municipalidades,1387.0,933.0,633.0,33083975108.0,4241026856.0,8
2026,30,11,185,MUNICIPALIDAD DE VILLA ELISA,Municipalidades,383.0,280.0,163.0,8723021276.0,1142780111.0,8
2026,30,11,186,MUNICIPALIDAD DE VILLETA,Municipalidades,180.0,132.0,82.0,5807358363.0,571431651.0,8
2026,30,11,187,,,,,,2261785654.0,0.0,8
2026,30,11,188,MUNICIPALIDAD DE YPANE,Municipalidades,147.0,134.0,68.0,5331417839.0,288797690.0,8
2026,30,11,189,,,,,,582480160.0,0.0,8
2026,30,12,190,,,,,,2608766124.0,0.0,8
2026,30,12,191,MUNICIPALIDAD DE ALBERDI,Municipalidades,42.0,23.0,17.0,379540000.0,51880000.0,8
2026,30,12,192,MUNICIPALIDAD DE CERRITO,Municipalidades,129.0,112.0,61.0,1006114000.0,129248000.0,8
2026,30,12,193,,,,,,67885814.0,0.0,8
2026,30,12,194,,,,,,203669004.0,0.0,8
2026,30,12,195,MUNICIPALIDAD DE GUAZU CUA,Municipalidades,40.0,27.0,11.0,359892304.0,45673076.0,8
2026,30,12,196,MUNICIPALIDAD DE HUMAITA,Municipalidades,50.0,35.0,30.0,583500000.0,51550000.0,8
2026,30,12,197,MUNICIPALIDAD DE ISLA UMBU,Municipalidades,45.0,31.0,13.0,384050000.0,46900000.0,8
2026,30,12,198,,,,,,355404000.0,0.0,8
2026,30,12,199,,,,,,116936718.0,0.0,8
2026,30,12,200,MUNICIPALIDAD DE PASO DE PATRIA,Municipalidades,139.0,127.0,76.0,962040000.0,127280000.0,8
2026,30,12,201,,,,,,188699482.0,0.0,8
2026,30,12,202,MUNICIPALIDAD DE TACUARAS,Municipalidades,51.0,29.0,22.0,405500000.0,55875000.0,8
2026,30,12,203,MUNICIPALIDAD DE VILLA FRANCA,Municipalidades,44.0,26.0,18.0,823296504.0,103860105.0,8
2026,30,12,205,MUNICIPALIDAD DE VILLALBIN,Municipalidades,45.0,29.0,20.0,308930000.0,40170000.0,8
2026,30,13,206,MUNICIPALIDAD DE PEDRO J. CABALLERO,Municipalidades,477.0,324.0,144.0,16472013769.0,2047696096.0,8
2026,30,13,207,MUNICIPALIDAD DE BELLA VISTA - NORTE,Municipalidades,36.0,10.0,9.0,682908000.0,84588500.0,8
2026,30,13,208,MUNICIPALIDAD DE CAPITAN BADO,Municipalidades,77.0,33.0,27.0,1959157120.0,244332140.0,8
2026,30,13,242,MUNICIPALIDAD DE ZANJA PYTA,Municipalidades,33.0,24.0,9.0,594800000.0,73200000.0,8
2026,30,13,250,,,,,,434692824.0,0.0,8
2026,30,14,209,MUNICIPALIDAD DE SALTO DEL GUAIRA,Municipalidades,249.0,223.0,107.0,7175165915.0,846338785.0,8
2026,30,14,210,MUNICIPALIDAD DE CORPUS CHRISTI,Municipalidades,50.0,32.0,10.0,1281775000.0,125325000.0,8
2026,30,14,211,MUNICIPALIDAD DE VILLA CURUGUATY,Municipalidades,93.0,73.0,33.0,1917597868.0,221702771.0,8
2026,30,14,212,MUNICIPALIDAD DE YASY CAÑY,Municipalidades,29.0,15.0,7.0,533040000.0,63480000.0,8
2026,30,14,213,MUNICIPALIDAD DE VILLA YGATIMI,Municipalidades,48.0,26.0,12.0,810363632.0,101295454.0,8
2026,30,14,214,MUNICIPALIDAD DE ITANARA,Municipalidades,28.0,13.0,13.0,492400000.0,61550000.0,8
2026,30,14,215,MUNICIPALIDAD DE YPE JHU,Municipalidades,36.0,24.0,6.0,525200000.0,65650000.0,8
2026,30,14,216,MUNICIPALIDAD DE GENERAL FRANCISCO CABALLERO ALVAREZ,Municipalidades,51.0,26.0,18.0,1450876800.0,181219600.0,8
2026,30,14,217,MUNICIPALIDAD DE KATUETE,Municipalidades,119.0,96.0,38.0,4097247875.0,458621517.0,8
2026,30,14,218,MUNICIPALIDAD DE LA PALOMA,Municipalidades,42.0,21.0,20.0,1926345792.0,201974750.0,8
2026,30,14,219,MUNICIPALIDAD DE NUEVA ESPERANZA,Municipalidades,105.0,80.0,42.0,3715828831.0,469752794.0,8
2026,30,14,244,MUNICIPALIDAD DE YVYRAROBANA,Municipalidades,19.0,5.0,5.0,463900000.0,46600000.0,8
2026,30,14,247,MUNICIPALIDAD DE YBY PYTA,Municipalidades,39.0,27.0,10.0,671680000.0,83960000.0,8
2026,30,14,251,MUNICIPALIDAD DE MARACANA,Municipalidades,41.0,27.0,11.0,833053120.0,104131640.0,8
2026,30,14,255,MUNICIPALIDAD DE PUERTO ADELA,Municipalidades,27.0,13.0,6.0,698656209.0,85571287.0,8
2026,30,14,256,MUNICIPALIDAD DE LAUREL,Municipalidades,29.0,17.0,8.0,430458368.0,52757296.0,8
2026,30,15,220,MUNICIPALIDAD DE BENJAMIN ACEVAL,Municipalidades,110.0,13.0,40.0,3914279029.0,500957405.0,8
2026,30,15,221,MUNICIPALIDAD DE PUERTO PINASCO,Municipalidades,138.0,122.0,64.0,1905378022.0,210827558.0,8
2026,30,15,222,MUNICIPALIDAD DE VILLA HAYES,Municipalidades,302.0,191.0,118.0,9285522014.0,1141345739.0,8
2026,30,15,223,MUNICIPALIDAD DE NANAWA,Municipalidades,51.0,37.0,21.0,846276700.0,105144500.0,8
2026,30,15,224,MUNICIPALIDAD DE JOSE FALCON,Municipalidades,117.0,71.0,60.0,2284040261.0,304813857.0,8
2026,30,15,229,MUNICIPALIDAD DE TTE. 1RO. MANUEL IRALA FERNANDEZ,Municipalidades,44.0,26.0,11.0,1328055944.0,166006993.0,8
2026,30,15,232,MUNICIPALIDAD DE TENIENTE ESTEBAN MARTINEZ,Municipalidades,63.0,45.0,25.0,1120841824.0,152722228.0,8
2026,30,15,233,,,,,,1097658000.0,0.0,8
2026,30,15,258,MUNICIPALIDAD DE CAMPO ACEVAL,Municipalidades,32.0,19.0,11.0,1024194779.0,126294477.0,8
2026,30,15,262,MUNICIPALIDAD DE NUEVA ASUNCION,Municipalidades,140.0,125.0,81.0,2663746770.0,347628763.0,8
2026,30,16,228,,,,,,6346099824.0,0.0,8
2026,30,16,230,MUNICIPALIDAD DE FILADELFIA,Municipalidades,202.0,185.0,49.0,7604512776.0,964350667.0,8
2026,30,16,231,MUNICIPALIDAD DE LOMA PLATA,Municipalidades,148.0,131.0,75.0,6241958665.0,761668940.0,8
2026,30,16,261,MUNICIPALIDAD DE BOQUERON,Municipalidades,83.0,70.0,30.0,3503522390.0,447463408.0,8
2026,30,17,226,MUNICIPALIDAD DE LA VICTORIA,Municipalidades,46.0,19.0,13.0,1295422328.0,159040291.0,8
2026,30,17,227,MUNICIPALIDAD DE BAHIA NEGRA,Municipalidades,33.0,6.0,14.0,698574544.0,87390000.0,8
2026,30,17,235,MUNICIPALIDAD DE CARMELO PERALTA,Municipalidades,29.0,14.0,6.0,988550796.0,101768394.0,8
2026,40,1,1,COMPAÑIA PARAGUAYA DE COMUNICACIONES S.A.,SA del Estado,2215.0,1880.0,792.0,87524378669.0,10404303646.0,8
2026,40,2,1,EMPRESA DE SERVICIOS SANITARIOS DEL PARAGUAY S.A.,SA del Estado,2046.0,194.0,530.0,121087581681.0,15338351720.0,8
2026,40,3,1,CAÑAS PARAGUAYAS S.A.,SA del Estado,111.0,9.0,42.0,3548745881.0,477947577.0,8
