anho,mes,vinculos,pcd,pcd_contratado_femenino,pcd_contratado_masculino,pcd_permanente_femenino,pcd_permanente_masculino,oee_reportan
2015,1,96501,262,16,34,70,142,28
2015,2,93358,222,15,32,54,121,30
2015,3,93327,222,15,32,54,121,28
2015,4,93464,223,16,32,56,119,30
2015,5,253181,1278,136,276,309,557,177
2015,6,111802,428,38,91,89,210,75
2015,7,151295,660,52,132,158,318,113
2015,8,208232,1065,98,226,271,470,136
2015,9,178036,948,85,211,223,429,136
2015,10,184330,965,84,208,231,442,137
2015,11,168878,857,79,194,188,396,138
2015,12,214046,1114,110,241,287,476,145
2016,1,287131,1421,129,309,347,636,288
2016,2,287302,1326,123,299,310,594,290
2016,3,290142,1478,133,342,347,656,307
2016,4,291990,1473,134,331,347,661,319
2016,5,293948,1497,137,342,345,673,334
2016,6,293293,1490,136,346,340,668,334
2016,7,296355,1516,140,354,346,676,346
2016,8,295678,1528,148,359,346,675,350
2016,9,296551,1537,147,368,344,678,351
2016,10,296014,1576,155,373,354,694,349
2016,11,294696,1595,161,382,352,700,344
2016,12,296459,1573,146,361,354,712,339
2017,1,293172,1643,166,398,358,721,359
2017,2,291798,1644,175,422,348,699,360
2017,3,298527,1707,176,440,363,728,362
2017,4,304476,1754,183,450,376,745,367
2017,5,304759,1755,185,451,386,733,367
2017,6,304967,1786,185,466,386,749,372
2017,7,305286,1769,185,465,378,741,372
2017,8,304339,1788,171,465,398,754,371
2017,9,302847,1808,186,475,398,749,372
2017,10,302494,1786,177,448,400,761,370
2017,11,302618,1804,184,456,402,762,366
2017,12,304431,1795,175,440,411,769,366
2018,1,291735,1730,161,391,401,777,374
2018,2,294665,1737,168,398,396,775,372
2018,3,295281,1761,172,401,405,783,376
2018,4,296711,1780,175,402,412,791,377
2018,5,297148,1768,176,401,406,785,377
2018,6,298778,1778,172,389,413,804,380
2018,7,297921,1795,172,387,415,821,380
2018,8,297583,1827,163,382,430,852,380
2018,9,298658,1851,164,392,436,859,380
2018,10,295768,1849,162,388,437,862,378
2018,11,298109,1852,161,384,446,861,373
2018,12,299618,1840,162,368,454,856,369
2019,1,292583,1860,142,368,463,887,382
2019,2,294583,1867,146,373,465,883,383
2019,3,297079,1928,149,374,499,906,383
2019,4,299208,1975,146,380,529,920,381
2019,5,299216,2007,146,390,530,941,381
2019,6,299509,2026,145,388,534,959,380
2019,7,300490,2098,180,439,529,950,380
2019,8,301222,2109,182,443,530,954,381
2019,9,301634,2123,180,443,535,965,379
2019,10,302567,2137,181,444,543,969,378
2019,11,296873,2189,170,426,587,1006,372
2019,12,303400,2226,183,435,593,1015,368
2020,1,292176,2262,177,429,605,1051,380
2020,2,299194,2225,173,432,591,1029,382
2020,3,303848,2156,181,431,546,998,383
2020,4,303285,2329,173,421,644,1091,384
2020,5,304568,2351,185,438,642,1086,381
2020,6,306311,2369,188,447,643,1091,383
2020,7,308140,2188,180,432,567,1009,383
2020,8,305471,2376,191,444,650,1091,380
2020,9,306498,2391,191,451,651,1098,381
2020,10,308536,2410,193,459,658,1100,380
2020,11,309003,2409,189,459,658,1103,379
2020,12,308953,2419,191,451,694,1083,369
2021,1,303838,2458,159,416,730,1153,378
2021,2,310063,2467,171,422,727,1147,380
2021,3,313141,2506,169,425,753,1159,381
2021,4,286103,2319,169,427,657,1066,381
2021,5,315739,2507,168,424,762,1153,382
2021,6,318419,2523,185,437,752,1149,379
2021,7,318462,2510,170,419,770,1151,379
2021,8,321383,2519,172,419,774,1154,379
2021,9,321704,2508,173,429,753,1153,379
2021,10,316344,2477,170,418,747,1142,375
2021,11,308633,2534,160,400,789,1185,368
2021,12,318059,2564,180,442,772,1170,376
2022,1,300680,2465,161,386,751,1167,398
2022,2,318436,2536,176,411,779,1170,396
2022,3,320676,2427,179,405,720,1123,397
2022,4,322722,2544,162,396,792,1194,397
2022,5,325738,2580,179,416,789,1196,401
2022,6,324667,2576,176,419,787,1194,401
2022,7,328394,2612,180,432,796,1204,403
2022,8,329137,2620,182,435,797,1206,402
2022,9,322503,2592,179,437,784,1192,402
2022,10,327139,2594,176,432,793,1193,398
2022,11,329417,2569,177,424,788,1180,396
2022,12,333309,2528,176,420,777,1155,391
2023,1,310120,2451,155,398,762,1136,401
2023,2,322943,2530,171,422,774,1163,402
2023,3,325742,2514,170,406,776,1162,400
2023,4,329642,2552,171,414,798,1169,401
2023,5,328090,2538,167,403,798,1170,401
2023,6,329103,2571,156,384,819,1212,404
2023,7,328975,2611,167,408,824,1212,404
2023,8,322468,2585,166,407,823,1189,402
2023,9,328468,2629,170,401,841,1217,402
2023,10,326118,2602,169,404,830,1199,402
2023,11,303214,2540,164,387,808,1181,396
2023,12,333578,2513,167,377,795,1174,391
2024,1,301485,2145,123,289,720,1013,403
2024,2,320985,2549,172,385,795,1197,404
2024,3,326342,2439,133,316,824,1166,400
2024,4,328793,2451,137,314,828,1172,400
2024,5,330616,2473,137,321,840,1175,399
2024,6,330794,2449,137,324,833,1155,400
2024,7,330775,2551,162,372,844,1173,400
2024,8,330849,2634,201,403,856,1174,400
2024,9,331345,2550,169,353,854,1174,398
2024,10,327387,2587,162,345,863,1217,400
2024,11,326591,2621,174,375,859,1213,400
2024,12,326672,2494,141,321,856,1176,394
2025,1,318664,2535,145,349,847,1194,400
2025,2,330257,2352,146,349,787,1070,398
2025,3,334172,2558,146,353,871,1188,399
2025,4,336380,2539,144,353,871,1171,400
2025,5,339256,2590,148,354,879,1209,399
2025,6,339045,2605,146,360,887,1212,399
2025,7,341503,2597,147,359,879,1212,397
2025,8,341248,2640,148,371,896,1225,396
2025,9,341476,2638,136,356,909,1237,394
2025,10,341704,2642,137,361,904,1240,393
2025,11,342525,2612,135,350,905,1222,388
2025,12,342124,2578,130,338,905,1205,377
2026,1,328549,2536,126,355,874,1181,389
2026,2,341265,2553,132,363,878,1180,391
2026,3,342614,2545,129,355,874,1187,389
2026,4,344979,2567,131,361,883,1192,386
2026,5,346913,2559,129,358,880,1192,380
2026,6,347448,2526,121,346,870,1189,372
2026,7,306665,2536,124,349,868,1195,357
2026,8,305799,2506,120,348,864,1174,340
