anho,mes,sector,reportado,completado,contratado_completado,instituciones_reportan,instituciones_completadas
2026,4,Educación,105757,106417,2512,10,1
2026,4,Empresas públicas,9406,9406,1690,5,0
2026,4,Entes autónomos y autárquicos,9635,9635,1921,32,0
2026,4,Fuerzas públicas,60877,60877,295,2,0
2026,4,Gobiernos departamentales,2436,2436,1156,17,0
2026,4,Municipalidades,28883,29778,21606,237,13
2026,4,Otros organismos,4464,4464,443,11,0
2026,4,Poder Judicial,28502,28502,2486,7,0
2026,4,Poder Legislativo,4410,4410,1070,3,0
2026,4,SA del Estado,4461,4461,2143,3,0
2026,4,Salud,88895,88895,49865,2,0
2026,4,Servicio civil del Ejecutivo,21799,21799,7477,36,0
2026,5,Educación,106331,106991,2444,10,1
2026,5,Empresas públicas,9569,9569,1730,5,0
2026,5,Entes autónomos y autárquicos,9316,9657,1957,31,1
2026,5,Fuerzas públicas,66045,66045,299,2,0
2026,5,Gobiernos departamentales,2327,2438,1159,16,1
2026,5,Municipalidades,28889,29977,21814,233,17
2026,5,Otros organismos,4452,4452,441,11,0
2026,5,Poder Judicial,28557,28557,2454,7,0
2026,5,Poder Legislativo,4423,4423,1068,3,0
2026,5,SA del Estado,4529,4529,2210,3,0
2026,5,Salud,90805,90805,51802,2,0
2026,5,Servicio civil del Ejecutivo,21652,21652,7265,36,0
2026,6,Educación,106657,107317,2655,10,1
2026,6,Empresas públicas,9532,9532,1720,5,0
2026,6,Entes autónomos y autárquicos,9318,9659,1970,31,1
2026,6,Fuerzas públicas,65949,65949,327,2,0
2026,6,Gobiernos departamentales,2321,2432,1160,16,1
2026,6,Municipalidades,28175,29795,21632,227,23
2026,6,Otros organismos,4456,4458,405,10,1
2026,6,Poder Judicial,28720,28720,2519,7,0
2026,6,Poder Legislativo,4411,4411,1052,3,0
2026,6,SA del Estado,4332,4332,2057,3,0
2026,6,Salud,90365,90365,51442,2,0
2026,6,Servicio civil del Ejecutivo,21821,21821,7476,37,0
2026,7,Educación,107222,107882,2651,10,1
2026,7,Empresas públicas,9540,9540,1711,5,0
2026,7,Entes autónomos y autárquicos,9322,9663,2038,31,1
2026,7,Fuerzas públicas,65261,65261,319,2,0
2026,7,Gobiernos departamentales,2293,2404,1138,16,1
2026,7,Municipalidades,27495,29886,21653,214,37
2026,7,Otros organismos,4440,4442,403,10,1
2026,7,Poder Judicial,28738,28738,2461,7,0
2026,7,Poder Legislativo,4401,4401,1041,3,0
2026,7,SA del Estado,4395,4395,2071,3,0
2026,7,Salud,90394,90394,51538,2,0
2026,7,Servicio civil del Ejecutivo,21327,21327,6985,37,0
2026,8,Educación,106921,107581,2380,10,1
2026,8,Empresas públicas,9538,9538,1755,5,0
2026,8,Entes autónomos y autárquicos,8330,9615,2002,27,5
2026,8,Fuerzas públicas,65173,65173,307,2,0
2026,8,Gobiernos departamentales,2203,2407,1136,15,2
2026,8,Municipalidades,26909,30063,21828,200,51
2026,8,Otros organismos,4426,4428,339,10,1
2026,8,Poder Judicial,28781,28781,2515,7,0
2026,8,Poder Legislativo,4416,4416,1051,3,0
2026,8,SA del Estado,4372,4372,2083,3,0
2026,8,Salud,90390,90390,51583,2,0
2026,8,Servicio civil del Ejecutivo,22100,22100,7786,37,0
