anho,mes,sector,permanente,contratado,mujeres,total
2015,1,Educación,86473,341,57845,86814
2015,1,Entes autónomos y autárquicos,1913,158,706,2071
2015,1,Fuerzas públicas,42047,338,6359,42385
2015,1,Gobiernos departamentales,293,417,277,710
2015,1,Municipalidades,267,515,251,782
2015,1,Otros organismos,1962,152,913,2114
2015,1,Poder Judicial,20574,6652,14245,27226
2015,1,Poder Legislativo,2125,1174,1369,3299
2015,1,SA del Estado,1305,640,383,1945
2015,1,Salud,20750,18019,25706,38769
2015,1,Servicio civil del Ejecutivo,12691,7765,8049,20456
2015,2,Educación,85340,361,57319,85701
2015,2,Empresas públicas,1,0,1,1
2015,2,Entes autónomos y autárquicos,1917,161,709,2078
2015,2,Fuerzas públicas,43051,331,6359,43382
2015,2,Gobiernos departamentales,310,395,274,705
2015,2,Municipalidades,267,517,252,784
2015,2,Otros organismos,1968,154,917,2122
2015,2,Poder Judicial,20643,7132,14555,27775
2015,2,Poder Legislativo,2126,1201,1377,3327
2015,2,SA del Estado,1284,654,390,1938
2015,2,Salud,20740,18862,26359,39602
2015,2,Servicio civil del Ejecutivo,12716,8770,8527,21486
2015,3,Educación,85059,360,57095,85419
2015,3,Entes autónomos y autárquicos,1913,159,707,2072
2015,3,Fuerzas públicas,43921,326,6367,44247
2015,3,Gobiernos departamentales,394,433,312,827
2015,3,Municipalidades,268,529,254,797
2015,3,Otros organismos,1966,155,917,2121
2015,3,Poder Judicial,20664,7428,14722,28092
2015,3,Poder Legislativo,2127,1199,1374,3326
2015,3,SA del Estado,1285,722,410,2007
2015,3,Salud,20708,18625,26129,39333
2015,3,Servicio civil del Ejecutivo,12705,8908,8585,21613
2015,4,Educación,84918,357,56990,85275
2015,4,Entes autónomos y autárquicos,1935,159,717,2094
2015,4,Fuerzas públicas,44809,349,6416,45158
2015,4,Gobiernos departamentales,310,382,269,692
2015,4,Municipalidades,268,535,256,803
2015,4,Otros organismos,1965,156,918,2121
2015,4,Poder Judicial,20743,7746,14949,28489
2015,4,Poder Legislativo,2129,1195,1375,3324
2015,4,SA del Estado,1285,722,410,2007
2015,4,Salud,20688,18903,26279,39591
2015,4,Servicio civil del Ejecutivo,12688,8834,8545,21522
2015,5,Educación,100028,2754,66290,102782
2015,5,Empresas públicas,6858,1853,1687,8711
2015,5,Entes autónomos y autárquicos,6850,1992,3327,8842
2015,5,Fuerzas públicas,45010,356,6430,45366
2015,5,Gobiernos departamentales,1075,1215,807,2290
2015,5,Municipalidades,1034,2207,1030,3241
2015,5,Otros organismos,3552,460,1470,4012
2015,5,Poder Judicial,20802,7798,15021,28600
2015,5,Poder Legislativo,2128,1203,1378,3331
2015,5,SA del Estado,1484,771,497,2255
2015,5,Salud,33050,22749,36545,55799
2015,5,Servicio civil del Ejecutivo,12706,8786,8544,21492
2015,6,Educación,86430,539,57811,86969
2015,6,Empresas públicas,1983,216,438,2199
2015,6,Entes autónomos y autárquicos,5587,1572,2602,7159
2015,6,Fuerzas públicas,45020,355,6470,45375
2015,6,Gobiernos departamentales,647,943,570,1590
2015,6,Municipalidades,316,617,303,933
2015,6,Otros organismos,2624,307,1206,2931
2015,6,Poder Judicial,20925,7677,15009,28602
2015,6,Poder Legislativo,2130,1202,1381,3332
2015,6,SA del Estado,1299,802,442,2101
2015,6,Salud,20611,19064,26330,39675
2015,6,Servicio civil del Ejecutivo,12716,8848,8577,21564
2015,7,Educación,98114,2431,65488,100545
2015,7,Empresas públicas,3721,1013,1196,4734
2015,7,Entes autónomos y autárquicos,6470,1897,3113,8367
2015,7,Fuerzas públicas,44538,354,6517,44892
2015,7,Gobiernos departamentales,790,972,656,1762
2015,7,Municipalidades,547,1263,554,1810
2015,7,Otros organismos,3665,517,1535,4182
2015,7,Poder Judicial,21076,7052,14749,28128
2015,7,Poder Legislativo,2128,1193,1379,3321
2015,7,SA del Estado,5685,859,2107,6544
2015,7,Salud,25550,15474,27137,41024
2015,7,Servicio civil del Ejecutivo,12696,9055,8663,21751
2015,8,Educación,101513,3520,67554,105033
2015,8,Empresas públicas,7829,2274,2267,10103
2015,8,Entes autónomos y autárquicos,6794,2176,3351,8970
2015,8,Fuerzas públicas,44496,350,6509,44846
2015,8,Gobiernos departamentales,914,1091,750,2005
2015,8,Municipalidades,984,2277,1079,3261
2015,8,Otros organismos,3698,581,1582,4279
2015,8,Poder Judicial,21172,7117,14853,28289
2015,8,Poder Legislativo,2131,1191,1384,3322
2015,8,SA del Estado,5689,885,2121,6574
2015,8,Salud,25515,15383,27031,40898
2015,8,Servicio civil del Ejecutivo,12770,9074,8709,21844
2015,9,Educación,96143,1784,63353,97927
2015,9,Empresas públicas,7813,2265,2257,10078
2015,9,Entes autónomos y autárquicos,6901,2202,3405,9103
2015,9,Fuerzas públicas,44375,348,6497,44723
2015,9,Gobiernos departamentales,865,1037,708,1902
2015,9,Municipalidades,961,2318,1080,3279
2015,9,Otros organismos,3686,585,1582,4271
2015,9,Poder Judicial,21232,7127,14902,28359
2015,9,Poder Legislativo,2135,1189,1385,3324
2015,9,SA del Estado,5666,900,2117,6566
2015,9,Salud,25488,15453,27058,40941
2015,9,Servicio civil del Ejecutivo,12689,9120,8705,21809
2015,10,Educación,100255,2972,66743,103227
2015,10,Empresas públicas,7635,2163,2204,9798
2015,10,Entes autónomos y autárquicos,6812,2194,3354,9006
2015,10,Fuerzas públicas,44558,363,6503,44921
2015,10,Gobiernos departamentales,865,1074,719,1939
2015,10,Municipalidades,947,2209,1055,3156
2015,10,Otros organismos,3678,594,1585,4272
2015,10,Poder Judicial,21316,7103,14952,28419
2015,10,Poder Legislativo,2140,1167,1379,3307
2015,10,SA del Estado,5651,900,2106,6551
2015,10,Salud,25474,15507,27101,40981
2015,10,Servicio civil del Ejecutivo,12876,9248,8839,22124
2015,11,Educación,100553,3342,67129,103895
2015,11,Empresas públicas,7783,2393,2252,10176
2015,11,Entes autónomos y autárquicos,6816,2237,3380,9053
2015,11,Fuerzas públicas,44483,364,6502,44847
2015,11,Gobiernos departamentales,866,951,667,1817
2015,11,Municipalidades,933,1982,973,2915
2015,11,Otros organismos,3692,587,1590,4279
2015,11,Poder Judicial,21418,6869,14914,28287
2015,11,Poder Legislativo,2140,1170,1381,3310
2015,11,SA del Estado,5647,920,2111,6567
2015,11,Salud,25453,15660,27213,41113
2015,11,Servicio civil del Ejecutivo,13013,9107,8831,22120
2015,12,Educación,101562,3408,67589,104970
2015,12,Empresas públicas,6172,1928,1584,8100
2015,12,Entes autónomos y autárquicos,7120,2393,3590,9513
2015,12,Fuerzas públicas,44314,357,6490,44671
2015,12,Gobiernos departamentales,917,930,664,1847
2015,12,Municipalidades,956,1921,939,2877
2015,12,Otros organismos,3703,603,1594,4306
2015,12,Poder Judicial,21416,6870,14910,28286
2015,12,Poder Legislativo,2140,1169,1380,3309
2015,12,SA del Estado,5596,917,2087,6513
2015,12,Salud,25435,15945,27428,41380
2015,12,Servicio civil del Ejecutivo,13006,8957,8741,21963
2016,1,Educación,103103,2568,67864,105671
2016,1,Empresas públicas,8315,2477,2355,10792
2016,1,Entes autónomos y autárquicos,7239,2088,3525,9327
2016,1,Fuerzas públicas,42350,327,6436,42677
2016,1,Gobiernos departamentales,1212,1173,812,2385
2016,1,Municipalidades,3803,6935,3443,10738
2016,1,Otros organismos,3725,600,1604,4325
2016,1,Poder Judicial,21396,6079,14458,27475
2016,1,Poder Legislativo,2132,1123,1358,3255
2016,1,SA del Estado,5576,917,2083,6493
2016,1,Salud,37591,20527,38129,58118
2016,1,Servicio civil del Ejecutivo,13060,7660,8224,20720
2016,2,Educación,102630,2675,67674,105305
2016,2,Empresas públicas,8303,2297,2336,10600
2016,2,Entes autónomos y autárquicos,7255,2111,3543,9366
2016,2,Fuerzas públicas,43491,330,6465,43821
2016,2,Gobiernos departamentales,1216,1216,821,2432
2016,2,Municipalidades,3930,7834,3770,11764
2016,2,Otros organismos,3758,594,1617,4352
2016,2,Poder Judicial,21459,5848,14387,27307
2016,2,Poder Legislativo,2137,1105,1352,3242
2016,2,SA del Estado,5533,912,2069,6445
2016,2,Salud,37526,20571,38087,58097
2016,2,Servicio civil del Ejecutivo,13170,8153,8531,21323
2016,3,Educación,102365,2831,67606,105196
2016,3,Empresas públicas,8296,2464,2351,10760
2016,3,Entes autónomos y autárquicos,7236,2111,3546,9347
2016,3,Fuerzas públicas,44076,329,6486,44405
2016,3,Gobiernos departamentales,1216,1170,811,2386
2016,3,Municipalidades,4727,9557,4682,14284
2016,3,Otros organismos,3785,579,1618,4364
2016,3,Poder Judicial,21452,5756,14335,27208
2016,3,Poder Legislativo,2135,1090,1342,3225
2016,3,SA del Estado,5504,735,1995,6239
2016,3,Salud,37403,21353,38527,58756
2016,3,Servicio civil del Ejecutivo,13221,8580,8778,21801
2016,4,Educación,102271,2961,67603,105232
2016,4,Empresas públicas,7695,2256,2197,9951
2016,4,Entes autónomos y autárquicos,7223,2118,3544,9341
2016,4,Fuerzas públicas,44603,334,6508,44937
2016,4,Gobiernos departamentales,1217,1232,850,2449
2016,4,Municipalidades,4696,10303,4996,14999
2016,4,Otros organismos,3783,580,1620,4363
2016,4,Poder Judicial,21451,5116,14011,26567
2016,4,Poder Legislativo,2098,1104,1332,3202
2016,4,SA del Estado,5484,677,1971,6161
2016,4,Salud,37313,21304,38447,58617
2016,4,Servicio civil del Ejecutivo,13216,8719,8809,21935
2016,5,Educación,102263,3008,67590,105271
2016,5,Empresas públicas,8248,2444,2334,10692
2016,5,Entes autónomos y autárquicos,7216,2124,3546,9340
2016,5,Fuerzas públicas,44544,341,6496,44885
2016,5,Gobiernos departamentales,1214,1239,855,2453
2016,5,Municipalidades,5268,11045,5491,16313
2016,5,Otros organismos,3921,445,1624,4366
2016,5,Poder Judicial,21500,5125,14054,26625
2016,5,Poder Legislativo,2100,1114,1335,3214
2016,5,SA del Estado,5475,677,1968,6152
2016,5,Salud,37257,21025,38176,58282
2016,5,Servicio civil del Ejecutivo,13224,8824,8878,22048
2016,6,Educación,102410,3104,67767,105514
2016,6,Empresas públicas,8218,2532,2356,10750
2016,6,Entes autónomos y autárquicos,7203,2181,3574,9384
2016,6,Fuerzas públicas,45218,341,6574,45559
2016,6,Gobiernos departamentales,1210,1240,854,2450
2016,6,Municipalidades,5378,11390,5639,16768
2016,6,Otros organismos,3935,393,1612,4328
2016,6,Poder Judicial,21530,5109,14066,26639
2016,6,Poder Legislativo,2102,1116,1334,3218
2016,6,SA del Estado,5408,759,1971,6167
2016,6,Salud,37185,20993,38083,58178
2016,6,Servicio civil del Ejecutivo,13196,8922,8912,22118
2016,7,Educación,102400,3052,67727,105452
2016,7,Empresas públicas,8207,2537,2358,10744
2016,7,Entes autónomos y autárquicos,7187,2198,3588,9385
2016,7,Fuerzas públicas,44524,340,6611,44864
2016,7,Gobiernos departamentales,1210,1215,845,2425
2016,7,Municipalidades,5630,11614,5751,17244
2016,7,Otros organismos,3929,470,1636,4399
2016,7,Poder Judicial,21575,5054,14068,26629
2016,7,Poder Legislativo,2111,1120,1334,3231
2016,7,SA del Estado,5387,765,1961,6152
2016,7,Salud,37110,21058,38120,58168
2016,7,Servicio civil del Ejecutivo,13178,8883,8898,22061
2016,8,Educación,102326,3050,67690,105376
2016,8,Empresas públicas,8185,2543,2358,10728
2016,8,Entes autónomos y autárquicos,7169,2222,3589,9391
2016,8,Fuerzas públicas,44880,359,6621,45239
2016,8,Gobiernos departamentales,1208,1199,838,2407
2016,8,Municipalidades,5369,12353,5945,17722
2016,8,Otros organismos,3944,458,1639,4402
2016,8,Poder Judicial,21591,4865,13970,26456
2016,8,Poder Legislativo,2118,1133,1344,3251
2016,8,SA del Estado,5366,765,1955,6131
2016,8,Salud,37045,20868,37926,57913
2016,8,Servicio civil del Ejecutivo,13152,9210,8981,22362
2016,9,Educación,102261,3153,67786,105414
2016,9,Empresas públicas,8166,2532,2352,10698
2016,9,Entes autónomos y autárquicos,7147,2217,3576,9364
2016,9,Fuerzas públicas,44894,351,6618,45245
2016,9,Gobiernos departamentales,1208,1270,881,2478
2016,9,Municipalidades,5649,11926,5881,17575
2016,9,Otros organismos,3941,459,1640,4400
2016,9,Poder Judicial,21593,4805,13948,26398
2016,9,Poder Legislativo,2117,1152,1352,3269
2016,9,SA del Estado,5368,767,1955,6135
2016,9,Salud,36951,20799,37820,57750
2016,9,Servicio civil del Ejecutivo,13106,9203,8955,22309
2016,10,Educación,101765,3028,67441,104793
2016,10,Empresas públicas,7948,2435,2318,10383
2016,10,Entes autónomos y autárquicos,7150,2219,3577,9369
2016,10,Fuerzas públicas,44913,356,6612,45269
2016,10,Gobiernos departamentales,1203,1291,885,2494
2016,10,Municipalidades,5661,11742,5804,17403
2016,10,Otros organismos,3935,512,1673,4447
2016,10,Poder Judicial,21701,4787,14012,26488
2016,10,Poder Legislativo,2123,1157,1358,3280
2016,10,SA del Estado,5357,764,1948,6121
2016,10,Salud,36865,20814,37780,57679
2016,10,Servicio civil del Ejecutivo,13087,9291,9009,22378
2016,11,Educación,101408,3600,67718,105008
2016,11,Empresas públicas,8218,2463,2354,10681
2016,11,Entes autónomos y autárquicos,7157,2213,3573,9370
2016,11,Fuerzas públicas,44741,359,6612,45100
2016,11,Gobiernos departamentales,1201,1331,901,2532
2016,11,Municipalidades,5554,11605,5744,17159
2016,11,Otros organismos,3931,515,1676,4446
2016,11,Poder Judicial,21756,4910,14114,26666
2016,11,Poder Legislativo,2134,1164,1365,3298
2016,11,SA del Estado,5345,766,1943,6111
2016,11,Salud,36726,20880,37755,57606
2016,11,Servicio civil del Ejecutivo,13090,9218,8969,22308
2016,12,Educación,101696,3584,67755,105280
2016,12,Empresas públicas,8419,2251,2352,10670
2016,12,Entes autónomos y autárquicos,7167,2320,3632,9487
2016,12,Fuerzas públicas,44616,351,6599,44967
2016,12,Gobiernos departamentales,1202,1350,904,2552
2016,12,Municipalidades,5388,10968,5378,16356
2016,12,Otros organismos,3910,504,1674,4414
2016,12,Poder Judicial,21791,4614,13959,26405
2016,12,Poder Legislativo,2131,1158,1363,3289
2016,12,SA del Estado,5314,763,1933,6077
2016,12,Salud,37949,20140,38140,58089
2016,12,Servicio civil del Ejecutivo,13044,9085,8885,22129
2017,1,Educación,102037,2524,67338,104561
2017,1,Empresas públicas,8431,2038,2313,10469
2017,1,Entes autónomos y autárquicos,7170,1904,3496,9074
2017,1,Fuerzas públicas,42838,360,6570,43198
2017,1,Gobiernos departamentales,1201,1252,842,2453
2017,1,Municipalidades,6054,12382,6085,18436
2017,1,Otros organismos,3906,495,1655,4401
2017,1,Poder Judicial,21799,5844,14658,27643
2017,1,Poder Legislativo,2130,1134,1356,3264
2017,1,SA del Estado,5296,769,1926,6065
2017,1,Salud,37877,19447,37597,57324
2017,1,Servicio civil del Ejecutivo,12972,8286,8477,21258
2017,2,Educación,101710,2567,67092,104277
2017,2,Empresas públicas,8413,2091,2331,10504
2017,2,Entes autónomos y autárquicos,7174,2195,3588,9369
2017,2,Fuerzas públicas,44220,364,6576,44584
2017,2,Gobiernos departamentales,1200,1240,842,2440
2017,2,Municipalidades,6050,13515,6554,19565
2017,2,Otros organismos,3927,518,1680,4445
2017,2,Poder Judicial,21856,5925,14753,27781
2017,2,Poder Legislativo,2140,1155,1360,3295
2017,2,SA del Estado,5287,767,1917,6054
2017,2,Salud,37805,20118,38098,57923
2017,2,Servicio civil del Ejecutivo,13043,9109,8875,22152
2017,3,Educación,102612,3087,67636,105699
2017,3,Empresas públicas,8248,2110,2313,10358
2017,3,Entes autónomos y autárquicos,7209,2196,3592,9405
2017,3,Fuerzas públicas,44692,377,6599,45069
2017,3,Gobiernos departamentales,1189,1248,849,2437
2017,3,Municipalidades,7122,16363,8320,23485
2017,3,Otros organismos,3922,537,1689,4459
2017,3,Poder Judicial,21844,5852,14711,27696
2017,3,Poder Legislativo,2136,1156,1358,3292
2017,3,SA del Estado,5259,767,1910,6026
2017,3,Salud,37770,20520,38355,58290
2017,3,Servicio civil del Ejecutivo,13029,9397,9032,22426
2017,4,Educación,102712,3148,67745,105860
2017,4,Empresas públicas,8360,2103,2322,10463
2017,4,Entes autónomos y autárquicos,7184,2203,3590,9387
2017,4,Fuerzas públicas,44942,372,6591,45314
2017,4,Gobiernos departamentales,1190,1242,846,2432
2017,4,Municipalidades,7196,16663,8494,23859
2017,4,Otros organismos,3912,540,1688,4452
2017,4,Poder Judicial,21837,5754,14673,27591
2017,4,Poder Legislativo,2139,1176,1364,3315
2017,4,SA del Estado,5959,27,1899,5986
2017,4,Salud,37676,20719,38371,58395
2017,4,Servicio civil del Ejecutivo,13018,9503,9082,22521
2017,5,Educación,102662,3208,67738,105870
2017,5,Empresas públicas,8349,2102,2321,10451
2017,5,Entes autónomos y autárquicos,7199,2229,3614,9428
2017,5,Fuerzas públicas,44738,369,6565,45107
2017,5,Gobiernos departamentales,1191,1278,883,2469
2017,5,Municipalidades,7182,16789,8499,23971
2017,5,Otros organismos,3904,585,1707,4489
2017,5,Poder Judicial,21840,5241,14406,27081
2017,5,Poder Legislativo,2146,1176,1370,3322
2017,5,SA del Estado,5953,25,1890,5978
2017,5,Salud,37601,20676,38256,58277
2017,5,Servicio civil del Ejecutivo,13007,9622,9164,22629
2017,6,Educación,102597,3198,67717,105795
2017,6,Empresas públicas,8145,2090,2297,10235
2017,6,Entes autónomos y autárquicos,7189,2222,3617,9411
2017,6,Fuerzas públicas,45432,366,6677,45798
2017,6,Gobiernos departamentales,1188,1249,866,2437
2017,6,Municipalidades,7473,16427,8429,23900
2017,6,Otros organismos,3904,539,1699,4443
2017,6,Poder Judicial,21872,5184,14417,27056
2017,6,Poder Legislativo,2151,1189,1374,3340
2017,6,SA del Estado,5913,25,1879,5938
2017,6,Salud,37541,20858,38360,58399
2017,6,Servicio civil del Ejecutivo,12991,9722,9216,22713
2017,7,Educación,102702,3448,67890,106150
2017,7,Empresas públicas,8114,2204,2315,10318
2017,7,Entes autónomos y autárquicos,7185,2212,3610,9397
2017,7,Fuerzas públicas,44862,363,6715,45225
2017,7,Gobiernos departamentales,1191,1299,889,2490
2017,7,Municipalidades,7494,17021,8679,24515
2017,7,Otros organismos,3902,595,1721,4497
2017,7,Poder Judicial,21864,4962,14270,26826
2017,7,Poder Legislativo,2159,1193,1378,3352
2017,7,SA del Estado,5934,17,1873,5951
2017,7,Salud,37475,20786,38248,58261
2017,7,Servicio civil del Ejecutivo,12978,9675,9194,22653
2017,8,Educación,102765,3255,67860,106020
2017,8,Empresas públicas,8095,2195,2311,10290
2017,8,Entes autónomos y autárquicos,7194,2192,3610,9386
2017,8,Fuerzas públicas,45040,365,6704,45405
2017,8,Gobiernos departamentales,1189,1293,887,2482
2017,8,Municipalidades,7127,16903,8504,24030
2017,8,Otros organismos,3895,604,1724,4499
2017,8,Poder Judicial,21832,4801,14166,26633
2017,8,Poder Legislativo,2165,1221,1389,3386
2017,8,SA del Estado,5913,17,1869,5930
2017,8,Salud,37403,20886,38280,58289
2017,8,Servicio civil del Ejecutivo,12972,9733,9223,22705
2017,9,Educación,102769,3324,67926,106093
2017,9,Empresas públicas,8068,2194,2305,10262
2017,9,Entes autónomos y autárquicos,7215,2193,3625,9408
2017,9,Fuerzas públicas,45135,366,6689,45501
2017,9,Gobiernos departamentales,1187,1288,889,2475
2017,9,Municipalidades,7146,17036,8539,24182
2017,9,Otros organismos,3889,605,1723,4494
2017,9,Poder Judicial,21860,4851,14234,26711
2017,9,Poder Legislativo,2164,1178,1375,3342
2017,9,SA del Estado,5921,18,1866,5939
2017,9,Salud,37310,20742,38107,58052
2017,9,Servicio civil del Ejecutivo,13112,9625,9247,22737
2017,10,Educación,102797,3278,67875,106075
2017,10,Empresas públicas,8233,2161,2315,10394
2017,10,Entes autónomos y autárquicos,7212,2207,3634,9419
2017,10,Fuerzas públicas,45202,361,6709,45563
2017,10,Gobiernos departamentales,1118,1293,867,2411
2017,10,Municipalidades,7074,17409,8738,24483
2017,10,Otros organismos,3880,589,1709,4469
2017,10,Poder Judicial,21882,4886,14286,26768
2017,10,Poder Legislativo,2164,1256,1407,3420
2017,10,SA del Estado,5898,18,1858,5916
2017,10,Salud,37254,18504,36922,55758
2017,10,Servicio civil del Ejecutivo,13441,9154,9251,22595
2017,11,Educación,102478,3231,67778,105709
2017,11,Empresas públicas,8207,2181,2315,10388
2017,11,Entes autónomos y autárquicos,7195,2227,3639,9422
2017,11,Fuerzas públicas,45020,358,6704,45378
2017,11,Gobiernos departamentales,1034,1071,761,2105
2017,11,Municipalidades,7084,17173,8543,24257
2017,11,Otros organismos,3881,595,1715,4476
2017,11,Poder Judicial,21968,5055,14442,27023
2017,11,Poder Legislativo,2162,1257,1406,3419
2017,11,SA del Estado,5900,20,1853,5920
2017,11,Salud,37183,18616,36939,55799
2017,11,Servicio civil del Ejecutivo,13996,8770,9282,22766
2017,12,Educación,102217,3653,67854,105870
2017,12,Empresas públicas,8200,2250,2331,10450
2017,12,Entes autónomos y autárquicos,7185,2340,3684,9525
2017,12,Fuerzas públicas,44964,356,6697,45320
2017,12,Gobiernos departamentales,965,807,596,1772
2017,12,Municipalidades,7081,16648,8338,23729
2017,12,Otros organismos,3863,617,1725,4480
2017,12,Poder Judicial,21971,4853,14339,26824
2017,12,Poder Legislativo,2159,1258,1407,3417
2017,12,SA del Estado,5902,23,1848,5925
2017,12,Salud,37139,19156,37330,56295
2017,12,Servicio civil del Ejecutivo,13981,8834,9302,22815
2018,1,Educación,102668,2601,67553,105269
2018,1,Empresas públicas,8153,2094,2293,10247
2018,1,Entes autónomos y autárquicos,7208,1692,3400,8900
2018,1,Fuerzas públicas,43269,341,6677,43610
2018,1,Gobiernos departamentales,1213,1300,890,2513
2018,1,Municipalidades,7197,16143,8114,23340
2018,1,Otros organismos,3876,531,1693,4407
2018,1,Poder Judicial,22921,4152,14464,27073
2018,1,Poder Legislativo,2454,845,1366,3299
2018,1,SA del Estado,5888,27,1848,5915
2018,1,Salud,37831,18169,37112,56000
2018,1,Servicio civil del Ejecutivo,13946,7437,8609,21383
2018,2,Educación,102566,2732,67573,105298
2018,2,Empresas públicas,8135,2113,2294,10248
2018,2,Entes autónomos y autárquicos,6883,2048,3503,8931
2018,2,Fuerzas públicas,44798,340,6695,45138
2018,2,Gobiernos departamentales,1196,1233,867,2429
2018,2,Municipalidades,7216,16398,8236,23614
2018,2,Otros organismos,3881,594,1725,4475
2018,2,Poder Judicial,22928,4202,14523,27130
2018,2,Poder Legislativo,2486,974,1431,3460
2018,2,SA del Estado,5867,26,1835,5893
2018,2,Salud,37687,18998,37637,56685
2018,2,Servicio civil del Ejecutivo,14142,8426,9170,22568
2018,3,Educación,102228,2994,67458,105222
2018,3,Empresas públicas,8181,2008,2295,10189
2018,3,Entes autónomos y autárquicos,7284,2169,3658,9453
2018,3,Fuerzas públicas,45415,325,6751,45740
2018,3,Gobiernos departamentales,1198,1293,877,2491
2018,3,Municipalidades,7240,16994,8459,24234
2018,3,Otros organismos,3883,621,1735,4504
2018,3,Poder Judicial,22957,4190,14518,27147
2018,3,Poder Legislativo,2496,995,1445,3491
2018,3,SA del Estado,5817,25,1813,5842
2018,3,Salud,37619,19293,37799,56912
2018,3,Servicio civil del Ejecutivo,14177,8890,9459,23067
2018,4,Educación,102170,3099,67535,105269
2018,4,Empresas públicas,8170,2065,2303,10235
2018,4,Entes autónomos y autárquicos,7278,2167,3653,9445
2018,4,Fuerzas públicas,45773,335,6749,46108
2018,4,Gobiernos departamentales,1196,1226,852,2422
2018,4,Municipalidades,7285,17377,8775,24662
2018,4,Otros organismos,3879,603,1730,4482
2018,4,Poder Judicial,23165,4041,14536,27206
2018,4,Poder Legislativo,2505,999,1460,3504
2018,4,SA del Estado,5789,25,1801,5814
2018,4,Salud,37501,19784,38037,57285
2018,4,Servicio civil del Ejecutivo,14180,8966,9521,23146
2018,5,Educación,102247,3149,67623,105396
2018,5,Empresas públicas,8152,2197,2323,10349
2018,5,Entes autónomos y autárquicos,7270,2158,3651,9428
2018,5,Fuerzas públicas,45827,359,6740,46186
2018,5,Gobiernos departamentales,1196,1290,904,2486
2018,5,Municipalidades,7273,17342,8804,24615
2018,5,Otros organismos,3870,605,1730,4475
2018,5,Poder Judicial,23160,4023,14535,27183
2018,5,Poder Legislativo,2508,1016,1470,3524
2018,5,SA del Estado,5762,25,1789,5787
2018,5,Salud,37410,20032,38120,57442
2018,5,Servicio civil del Ejecutivo,14176,9057,9586,23233
2018,6,Educación,102326,3194,67758,105520
2018,6,Empresas públicas,8216,2102,2320,10318
2018,6,Entes autónomos y autárquicos,7259,2135,3631,9394
2018,6,Fuerzas públicas,45956,361,6746,46317
2018,6,Gobiernos departamentales,1200,1242,890,2442
2018,6,Municipalidades,7285,17562,8890,24847
2018,6,Otros organismos,3870,606,1730,4476
2018,6,Poder Judicial,23203,4054,14571,27257
2018,6,Poder Legislativo,2658,865,1473,3523
2018,6,SA del Estado,5754,33,1785,5787
2018,6,Salud,37318,20599,38444,57917
2018,6,Servicio civil del Ejecutivo,14151,9147,9635,23298
2018,7,Educación,102617,3179,67982,105796
2018,7,Empresas públicas,8191,2108,2319,10299
2018,7,Entes autónomos y autárquicos,7256,1949,3568,9205
2018,7,Fuerzas públicas,45197,369,6738,45566
2018,7,Gobiernos departamentales,1195,1110,795,2305
2018,7,Municipalidades,7272,17693,8958,24965
2018,7,Otros organismos,3907,583,1732,4490
2018,7,Poder Judicial,23222,3954,14539,27176
2018,7,Poder Legislativo,2658,680,1417,3338
2018,7,SA del Estado,5729,32,1777,5761
2018,7,Salud,37241,19921,37903,57162
2018,7,Servicio civil del Ejecutivo,14134,9132,9645,23266
2018,8,Educación,102572,3142,67942,105714
2018,8,Empresas públicas,8544,1404,2261,9948
2018,8,Entes autónomos y autárquicos,7260,2026,3612,9286
2018,8,Fuerzas públicas,46156,376,6864,46532
2018,8,Gobiernos departamentales,1195,950,753,2145
2018,8,Municipalidades,7256,17630,8940,24886
2018,8,Otros organismos,3947,539,1736,4486
2018,8,Poder Judicial,23244,3984,14589,27228
2018,8,Poder Legislativo,2663,939,1511,3602
2018,8,SA del Estado,5707,37,1768,5744
2018,8,Salud,37117,20155,37998,57272
2018,8,Servicio civil del Ejecutivo,14076,9009,9563,23085
2018,9,Educación,102361,3114,67791,105475
2018,9,Empresas públicas,8594,1703,2328,10297
2018,9,Entes autónomos y autárquicos,7263,1815,3498,9078
2018,9,Fuerzas públicas,46253,376,6850,46629
2018,9,Gobiernos departamentales,1178,1007,760,2185
2018,9,Municipalidades,7258,17679,8960,24937
2018,9,Otros organismos,3968,561,1758,4529
2018,9,Poder Judicial,23238,3948,14564,27186
2018,9,Poder Legislativo,2652,951,1512,3603
2018,9,SA del Estado,5689,42,1763,5731
2018,9,Salud,40223,18283,38761,58506
2018,9,Servicio civil del Ejecutivo,14034,8907,9504,22941
2018,10,Educación,101916,3209,67657,105125
2018,10,Empresas públicas,8713,1565,2326,10278
2018,10,Entes autónomos y autárquicos,7272,1928,3546,9200
2018,10,Fuerzas públicas,46428,372,6845,46800
2018,10,Gobiernos departamentales,1241,1101,820,2342
2018,10,Municipalidades,7260,17686,8989,24946
2018,10,Otros organismos,3967,573,1771,4540
2018,10,Poder Judicial,23275,3742,14470,27017
2018,10,Poder Legislativo,2624,955,1501,3579
2018,10,SA del Estado,5692,54,1762,5746
2018,10,Salud,39985,18287,38609,58272
2018,10,Servicio civil del Ejecutivo,14011,8798,9421,22809
2018,11,Educación,101939,3196,67672,105135
2018,11,Empresas públicas,8705,1638,2359,10343
2018,11,Entes autónomos y autárquicos,7227,1895,3497,9122
2018,11,Fuerzas públicas,46223,374,6826,46597
2018,11,Gobiernos departamentales,1235,1135,833,2370
2018,11,Municipalidades,7195,17507,8899,24702
2018,11,Otros organismos,3985,568,1783,4553
2018,11,Poder Judicial,23300,3703,14461,27003
2018,11,Poder Legislativo,2627,955,1504,3582
2018,11,SA del Estado,5668,66,1758,5734
2018,11,Salud,39928,18238,38511,58166
2018,11,Servicio civil del Ejecutivo,13985,8539,9256,22524
2018,12,Educación,101734,3692,67833,105426
2018,12,Empresas públicas,8668,1677,2374,10345
2018,12,Entes autónomos y autárquicos,7229,2072,3564,9301
2018,12,Fuerzas públicas,46088,364,6813,46452
2018,12,Gobiernos departamentales,1141,1084,786,2225
2018,12,Municipalidades,7165,16739,8519,23904
2018,12,Otros organismos,3964,610,1790,4574
2018,12,Poder Judicial,23271,3624,14431,26895
2018,12,Poder Legislativo,2626,954,1502,3580
2018,12,SA del Estado,5667,89,1756,5756
2018,12,Salud,39888,19097,39165,58985
2018,12,Servicio civil del Ejecutivo,13979,8345,9186,22324
2019,1,Educación,102179,2125,67234,104304
2019,1,Empresas públicas,8726,1489,2358,10215
2019,1,Entes autónomos y autárquicos,7259,1326,3210,8585
2019,1,Fuerzas públicas,44097,354,6737,44451
2019,1,Gobiernos departamentales,1253,1139,846,2392
2019,1,Municipalidades,7285,16480,8307,23765
2019,1,Otros organismos,3989,483,1749,4472
2019,1,Poder Judicial,23268,3554,14439,26822
2019,1,Poder Legislativo,2669,957,1533,3626
2019,1,SA del Estado,5664,83,1754,5747
2019,1,Salud,39771,18558,38595,58329
2019,1,Servicio civil del Ejecutivo,14858,6208,8522,21066
2019,2,Educación,102000,2073,67076,104073
2019,2,Empresas públicas,8686,1494,2350,10180
2019,2,Entes autónomos y autárquicos,6959,1432,3202,8391
2019,2,Fuerzas públicas,46273,354,6764,46627
2019,2,Gobiernos departamentales,1196,1089,805,2285
2019,2,Municipalidades,7323,17366,8701,24689
2019,2,Otros organismos,4000,585,1811,4585
2019,2,Poder Judicial,23341,3860,14644,27201
2019,2,Poder Legislativo,2697,1014,1560,3711
2019,2,SA del Estado,5670,95,1754,5765
2019,2,Salud,40462,18865,39306,59327
2019,2,Servicio civil del Ejecutivo,15506,7113,9363,22619
2019,3,Educación,100778,2294,66366,103072
2019,3,Empresas públicas,8686,1573,2382,10259
2019,3,Entes autónomos y autárquicos,7488,1445,3421,8933
2019,3,Fuerzas públicas,46828,380,6768,47208
2019,3,Gobiernos departamentales,1247,1163,847,2410
2019,3,Municipalidades,7329,18146,9178,25475
2019,3,Otros organismos,3997,584,1808,4581
2019,3,Poder Judicial,23345,4073,14775,27418
2019,3,Poder Legislativo,2691,1004,1548,3695
2019,3,SA del Estado,5675,117,1766,5792
2019,3,Salud,40345,19205,39426,59550
2019,3,Servicio civil del Ejecutivo,15497,7261,9424,22758
2019,4,Educación,100140,2461,66042,102601
2019,4,Empresas públicas,8678,1516,2356,10194
2019,4,Entes autónomos y autárquicos,7482,1468,3425,8950
2019,4,Fuerzas públicas,47500,379,6997,47879
2019,4,Gobiernos departamentales,1240,1136,832,2376
2019,4,Municipalidades,7286,18385,9246,25671
2019,4,Otros organismos,3996,592,1812,4588
2019,4,Poder Judicial,23352,4291,14849,27643
2019,4,Poder Legislativo,2694,988,1544,3682
2019,4,SA del Estado,5643,119,1756,5762
2019,4,Salud,40298,18733,39006,59031
2019,4,Servicio civil del Ejecutivo,15496,8011,9840,23507
2019,5,Educación,101130,2466,66769,103596
2019,5,Empresas públicas,8661,1614,2381,10275
2019,5,Entes autónomos y autárquicos,7483,1589,3475,9072
2019,5,Fuerzas públicas,47430,369,6974,47799
2019,5,Gobiernos departamentales,1212,1049,811,2261
2019,5,Municipalidades,7268,18128,9159,25396
2019,5,Otros organismos,3992,607,1813,4599
2019,5,Poder Judicial,23351,3824,14592,27175
2019,5,Poder Legislativo,2690,1012,1559,3702
2019,5,SA del Estado,5640,160,1761,5800
2019,5,Salud,40224,19394,39474,59618
2019,5,Servicio civil del Ejecutivo,15482,8355,10024,23837
2019,6,Educación,101568,2915,67421,104483
2019,6,Empresas públicas,8632,1646,2394,10278
2019,6,Entes autónomos y autárquicos,7461,1593,3473,9054
2019,6,Fuerzas públicas,47437,367,7064,47804
2019,6,Gobiernos departamentales,1260,1127,842,2387
2019,6,Municipalidades,7315,17977,9116,25292
2019,6,Otros organismos,3982,589,1805,4571
2019,6,Poder Judicial,23324,3743,14520,27067
2019,6,Poder Legislativo,2696,1003,1551,3699
2019,6,SA del Estado,5607,183,1754,5790
2019,6,Salud,40153,19729,39637,59882
2019,6,Servicio civil del Ejecutivo,15460,8681,10134,24141
2019,7,Educación,101002,2562,66701,103564
2019,7,Empresas públicas,8621,1878,2450,10499
2019,7,Entes autónomos y autárquicos,7442,1612,3473,9054
2019,7,Fuerzas públicas,46713,368,7055,47081
2019,7,Gobiernos departamentales,1260,1104,831,2364
2019,7,Municipalidades,7326,18292,9240,25618
2019,7,Otros organismos,3998,612,1824,4610
2019,7,Poder Judicial,23302,3500,14389,26802
2019,7,Poder Legislativo,2681,935,1512,3616
2019,7,SA del Estado,5628,188,1758,5816
2019,7,Salud,40133,20129,39932,60262
2019,7,Servicio civil del Ejecutivo,15440,8761,10160,24201
2019,8,Educación,101766,2600,67302,104366
2019,8,Empresas públicas,8602,1885,2449,10487
2019,8,Entes autónomos y autárquicos,7445,1600,3465,9045
2019,8,Fuerzas públicas,46955,366,7040,47321
2019,8,Gobiernos departamentales,1261,1127,852,2388
2019,8,Municipalidades,7333,18226,9218,25559
2019,8,Otros organismos,3994,637,1836,4631
2019,8,Poder Judicial,23393,3536,14444,26929
2019,8,Poder Legislativo,2681,969,1522,3650
2019,8,SA del Estado,5625,197,1757,5822
2019,8,Salud,40111,20810,40396,60921
2019,8,Servicio civil del Ejecutivo,15427,8759,10168,24186
2019,9,Educación,101698,2444,67242,104142
2019,9,Empresas públicas,8584,1879,2448,10463
2019,9,Entes autónomos y autárquicos,7429,1537,3427,8966
2019,9,Fuerzas públicas,47091,365,7037,47456
2019,9,Gobiernos departamentales,1263,1060,838,2323
2019,9,Municipalidades,7274,18320,9263,25594
2019,9,Otros organismos,3987,633,1832,4620
2019,9,Poder Judicial,23402,3580,14478,26982
2019,9,Poder Legislativo,2684,968,1524,3652
2019,9,SA del Estado,5850,217,1780,6067
2019,9,Salud,40061,20857,40371,60918
2019,9,Servicio civil del Ejecutivo,15384,8711,10102,24095
2019,10,Educación,102133,2615,67648,104748
2019,10,Empresas públicas,8553,1871,2439,10424
2019,10,Entes autónomos y autárquicos,7425,1549,3438,8974
2019,10,Fuerzas públicas,47149,370,7033,47519
2019,10,Gobiernos departamentales,1267,1051,838,2318
2019,10,Municipalidades,7162,18161,9127,25323
2019,10,Otros organismos,3987,613,1831,4600
2019,10,Poder Judicial,23343,3392,14379,26735
2019,10,Poder Legislativo,2683,982,1528,3665
2019,10,SA del Estado,5874,221,1779,6095
2019,10,Salud,40011,20925,40401,60936
2019,10,Servicio civil del Ejecutivo,15363,8745,10133,24108
2019,11,Educación,102354,2580,67799,104934
2019,11,Empresas públicas,8499,1869,2429,10368
2019,11,Entes autónomos y autárquicos,7334,1534,3372,8868
2019,11,Fuerzas públicas,46908,399,7039,47307
2019,11,Gobiernos departamentales,1266,1049,840,2315
2019,11,Municipalidades,7087,17848,9003,24935
2019,11,Otros organismos,3998,610,1836,4608
2019,11,Poder Judicial,23374,3318,14368,26692
2019,11,Poder Legislativo,2681,983,1527,3664
2019,11,SA del Estado,5887,225,1779,6112
2019,11,Salud,39989,20959,40406,60948
2019,11,Servicio civil del Ejecutivo,15343,8778,10151,24121
2019,12,Educación,101574,2921,67578,104495
2019,12,Empresas públicas,8483,1859,2423,10342
2019,12,Entes autónomos y autárquicos,7365,1586,3400,8951
2019,12,Fuerzas públicas,46679,376,7035,47055
2019,12,Gobiernos departamentales,1087,1037,770,2124
2019,12,Municipalidades,6708,17000,8516,23708
2019,12,Otros organismos,3973,614,1850,4587
2019,12,Poder Judicial,23346,3326,14352,26672
2019,12,Poder Legislativo,2677,982,1527,3659
2019,12,SA del Estado,5873,229,1779,6102
2019,12,Salud,39995,21987,41231,61982
2019,12,Servicio civil del Ejecutivo,15323,8598,10035,23921
2020,1,Educación,100962,1878,66535,102840
2020,1,Empresas públicas,8518,1602,2372,10120
2020,1,Entes autónomos y autárquicos,7471,959,3192,8430
2020,1,Fuerzas públicas,44859,336,7015,45195
2020,1,Gobiernos departamentales,1216,944,755,2160
2020,1,Municipalidades,7274,17151,8583,24425
2020,1,Otros organismos,3931,535,1797,4466
2020,1,Poder Judicial,23333,4513,15091,27846
2020,1,Poder Legislativo,2695,914,1511,3609
2020,1,SA del Estado,5867,160,1762,6027
2020,1,Salud,39915,23634,42003,63549
2020,1,Servicio civil del Ejecutivo,15702,6811,9384,22513
2020,2,Educación,100128,1856,65960,101984
2020,2,Empresas públicas,8507,1707,2399,10214
2020,2,Entes autónomos y autárquicos,7439,1005,3188,8444
2020,2,Fuerzas públicas,46843,336,7058,47179
2020,2,Gobiernos departamentales,1265,995,797,2260
2020,2,Municipalidades,7328,17959,9029,25287
2020,2,Otros organismos,3929,568,1817,4497
2020,2,Poder Judicial,23402,4521,15143,27923
2020,2,Poder Legislativo,2703,945,1529,3648
2020,2,SA del Estado,5904,227,1795,6131
2020,2,Salud,39841,24142,42224,63983
2020,2,Servicio civil del Ejecutivo,15735,8268,10104,24003
2020,3,Educación,100366,1967,66221,102333
2020,3,Empresas públicas,8520,1735,2424,10255
2020,3,Entes autónomos y autárquicos,7454,1176,3273,8630
2020,3,Fuerzas públicas,48335,342,7579,48677
2020,3,Gobiernos departamentales,1271,1080,828,2351
2020,3,Municipalidades,7348,17679,9018,25027
2020,3,Otros organismos,3923,567,1815,4490
2020,3,Poder Judicial,23366,4417,15038,27783
2020,3,Poder Legislativo,2702,957,1529,3659
2020,3,SA del Estado,5900,235,1792,6135
2020,3,Salud,39787,26067,43571,65854
2020,3,Servicio civil del Ejecutivo,15715,8832,10371,24547
2020,4,Educación,100317,1988,66222,102305
2020,4,Empresas públicas,8511,1743,2428,10254
2020,4,Entes autónomos y autárquicos,7451,1239,3303,8690
2020,4,Fuerzas públicas,48404,339,7579,48743
2020,4,Gobiernos departamentales,1273,1106,840,2379
2020,4,Municipalidades,7310,16913,8708,24223
2020,4,Otros organismos,3929,567,1823,4496
2020,4,Poder Judicial,23361,4050,14856,27411
2020,4,Poder Legislativo,2707,975,1538,3682
2020,4,SA del Estado,5624,244,1777,5868
2020,4,Salud,39761,27811,44663,67572
2020,4,Servicio civil del Ejecutivo,15714,8807,10386,24521
2020,5,Educación,101059,1916,66737,102975
2020,5,Empresas públicas,8456,1729,2414,10185
2020,5,Entes autónomos y autárquicos,7366,1241,3250,8607
2020,5,Fuerzas públicas,48362,339,7578,48701
2020,5,Gobiernos departamentales,1275,1114,846,2389
2020,5,Municipalidades,7294,16772,8674,24066
2020,5,Otros organismos,3926,565,1820,4491
2020,5,Poder Judicial,23367,3901,14765,27268
2020,5,Poder Legislativo,2707,973,1535,3680
2020,5,SA del Estado,5841,240,1777,6081
2020,5,Salud,39732,28422,44983,68154
2020,5,Servicio civil del Ejecutivo,15709,8851,10393,24560
2020,6,Educación,101185,2086,66910,103271
2020,6,Empresas públicas,8463,1853,2447,10316
2020,6,Entes autónomos y autárquicos,7413,1276,3297,8689
2020,6,Fuerzas públicas,49262,371,7570,49633
2020,6,Gobiernos departamentales,1278,1031,827,2309
2020,6,Municipalidades,7356,16791,8702,24147
2020,6,Otros organismos,3919,561,1818,4480
2020,6,Poder Judicial,23350,3811,14698,27161
2020,6,Poder Legislativo,2708,970,1534,3678
2020,6,SA del Estado,5798,243,1764,6041
2020,6,Salud,39683,28870,45255,68553
2020,6,Servicio civil del Ejecutivo,15695,8885,10403,24580
2020,7,Educación,101386,2173,67106,103559
2020,7,Empresas públicas,8324,1849,2429,10173
2020,7,Entes autónomos y autárquicos,7438,1256,3309,8694
2020,7,Fuerzas públicas,48393,379,7564,48772
2020,7,Gobiernos departamentales,1278,1026,825,2304
2020,7,Municipalidades,7320,16432,8479,23752
2020,7,Otros organismos,3915,564,1817,4479
2020,7,Poder Judicial,23344,3728,14635,27072
2020,7,Poder Legislativo,2707,971,1531,3678
2020,7,SA del Estado,5766,274,1763,6040
2020,7,Salud,39605,29544,45679,69149
2020,7,Servicio civil del Ejecutivo,15698,8841,10404,24539
2020,8,Educación,101427,2216,67179,103643
2020,8,Empresas públicas,8403,1846,2437,10249
2020,8,Entes autónomos y autárquicos,7431,1301,3316,8732
2020,8,Fuerzas públicas,48573,419,7584,48992
2020,8,Gobiernos departamentales,1276,1021,820,2297
2020,8,Municipalidades,7286,16687,8568,23973
2020,8,Otros organismos,3913,576,1819,4489
2020,8,Poder Judicial,23328,3705,14619,27033
2020,8,Poder Legislativo,2714,970,1537,3684
2020,8,SA del Estado,5742,276,1749,6018
2020,8,Salud,39548,30017,45947,69565
2020,8,Servicio civil del Ejecutivo,15679,9028,10465,24707
2020,9,Educación,101193,2356,67136,103549
2020,9,Empresas públicas,8455,2000,2460,10455
2020,9,Entes autónomos y autárquicos,7428,1320,3323,8748
2020,9,Fuerzas públicas,48615,419,7574,49034
2020,9,Gobiernos departamentales,1277,1072,829,2349
2020,9,Municipalidades,7309,16712,8610,24021
2020,9,Otros organismos,3888,584,1820,4472
2020,9,Poder Judicial,23321,3601,14567,26922
2020,9,Poder Legislativo,2716,971,1536,3687
2020,9,SA del Estado,5739,276,1748,6015
2020,9,Salud,39480,30822,46417,70302
2020,9,Servicio civil del Ejecutivo,15662,9031,10458,24693
2020,10,Educación,100755,2300,66890,103055
2020,10,Empresas públicas,8439,2095,2466,10534
2020,10,Entes autónomos y autárquicos,7419,1327,3328,8746
2020,10,Fuerzas públicas,48745,419,7563,49164
2020,10,Gobiernos departamentales,1275,1073,827,2348
2020,10,Municipalidades,7303,16753,8658,24056
2020,10,Otros organismos,3876,596,1822,4472
2020,10,Poder Judicial,23269,3472,14478,26741
2020,10,Poder Legislativo,2714,968,1535,3682
2020,10,SA del Estado,5753,278,1753,6031
2020,10,Salud,39445,32324,47524,71769
2020,10,Servicio civil del Ejecutivo,15652,9072,10488,24724
2020,11,Educación,101325,2398,67266,103723
2020,11,Empresas públicas,8425,2096,2464,10521
2020,11,Entes autónomos y autárquicos,7406,1341,3323,8747
2020,11,Fuerzas públicas,48611,476,7567,49087
2020,11,Gobiernos departamentales,1273,1068,824,2341
2020,11,Municipalidades,7283,16534,8502,23817
2020,11,Otros organismos,3869,594,1822,4463
2020,11,Poder Judicial,23240,3423,14446,26663
2020,11,Poder Legislativo,2712,978,1538,3690
2020,11,SA del Estado,5741,283,1749,6024
2020,11,Salud,39417,32428,47599,71845
2020,11,Servicio civil del Ejecutivo,15635,9110,10491,24745
2020,12,Educación,100676,2590,67051,103266
2020,12,Empresas públicas,8404,1955,2449,10359
2020,12,Entes autónomos y autárquicos,7285,1358,3263,8643
2020,12,Fuerzas públicas,48499,472,7562,48971
2020,12,Gobiernos departamentales,1138,993,756,2131
2020,12,Municipalidades,6875,15834,8070,22709
2020,12,Otros organismos,3689,594,1780,4283
2020,12,Poder Judicial,23239,3391,14444,26630
2020,12,Poder Legislativo,2711,976,1538,3687
2020,12,SA del Estado,5728,281,1740,6009
2020,12,Salud,39394,33095,48089,72489
2020,12,Servicio civil del Ejecutivo,15627,8837,10422,24464
2021,1,Educación,98329,1869,64885,100198
2021,1,Empresas públicas,8385,1974,2435,10359
2021,1,Entes autónomos y autárquicos,7352,1077,3200,8429
2021,1,Fuerzas públicas,46980,399,7456,47379
2021,1,Gobiernos departamentales,1257,975,792,2232
2021,1,Municipalidades,7333,16691,8553,24024
2021,1,Otros organismos,3790,610,1825,4400
2021,1,Poder Judicial,23208,2398,13962,25606
2021,1,Poder Legislativo,2708,952,1530,3660
2021,1,SA del Estado,5706,254,1733,5960
2021,1,Salud,39702,34350,49105,74052
2021,1,Servicio civil del Ejecutivo,15596,7731,9785,23327
2021,2,Educación,99925,1725,66019,101650
2021,2,Empresas públicas,8371,2000,2444,10371
2021,2,Entes autónomos y autárquicos,7441,1530,3469,8971
2021,2,Fuerzas públicas,48535,398,7502,48933
2021,2,Gobiernos departamentales,1253,984,799,2237
2021,2,Municipalidades,7396,17226,8858,24622
2021,2,Otros organismos,3785,609,1821,4394
2021,2,Poder Judicial,23269,3873,14789,27142
2021,2,Poder Legislativo,2725,954,1535,3679
2021,2,SA del Estado,5714,305,1745,6019
2021,2,Salud,39639,35115,49645,74754
2021,2,Servicio civil del Ejecutivo,15560,8067,9958,23627
2021,3,Educación,100067,2213,66398,102280
2021,3,Empresas públicas,8349,1980,2430,10329
2021,3,Entes autónomos y autárquicos,7432,1629,3509,9061
2021,3,Fuerzas públicas,49281,386,7593,49667
2021,3,Gobiernos departamentales,1258,1079,838,2337
2021,3,Municipalidades,7455,17971,9315,25426
2021,3,Otros organismos,3779,609,1821,4388
2021,3,Poder Judicial,23257,3814,14752,27071
2021,3,Poder Legislativo,2747,931,1534,3678
2021,3,SA del Estado,5515,320,1748,5835
2021,3,Salud,39611,36196,50391,75807
2021,3,Servicio civil del Ejecutivo,15594,8507,10237,24101
2021,4,Educación,100735,2259,66912,102994
2021,4,Empresas públicas,8285,1985,2412,10270
2021,4,Entes autónomos y autárquicos,7420,1628,3504,9048
2021,4,Fuerzas públicas,49500,329,7573,49829
2021,4,Gobiernos departamentales,1261,1086,841,2347
2021,4,Municipalidades,7473,18344,9485,25817
2021,4,Otros organismos,3837,587,1853,4424
2021,4,Poder Judicial,23271,3933,14819,27204
2021,4,Poder Legislativo,2752,959,1548,3711
2021,4,SA del Estado,5701,319,1747,6020
2021,4,Salud,39510,37182,51007,76692
2021,4,Servicio civil del Ejecutivo,15599,8523,10256,24122
2021,5,Educación,100592,2164,66785,102756
2021,5,Empresas públicas,8277,2053,2431,10330
2021,5,Entes autónomos y autárquicos,7397,1634,3508,9031
2021,5,Fuerzas públicas,51822,423,7958,52245
2021,5,Gobiernos departamentales,1256,1089,842,2345
2021,5,Municipalidades,7481,18502,9585,25983
2021,5,Otros organismos,3817,588,1854,4405
2021,5,Poder Judicial,23304,3925,14819,27229
2021,5,Poder Legislativo,2746,978,1557,3724
2021,5,SA del Estado,5678,326,1733,6004
2021,5,Salud,39435,38527,51844,77962
2021,5,Servicio civil del Ejecutivo,15553,8644,10299,24197
2021,6,Educación,100697,2269,66916,102966
2021,6,Empresas públicas,8227,2056,2422,10283
2021,6,Entes autónomos y autárquicos,7359,1657,3508,9016
2021,6,Fuerzas públicas,51692,425,7956,52117
2021,6,Gobiernos departamentales,1257,1085,836,2342
2021,6,Municipalidades,7473,18153,9483,25626
2021,6,Otros organismos,3794,592,1852,4386
2021,6,Poder Judicial,23336,3879,14813,27215
2021,6,Poder Legislativo,2743,980,1553,3723
2021,6,SA del Estado,5686,323,1738,6009
2021,6,Salud,39267,39566,52421,78833
2021,6,Servicio civil del Ejecutivo,15555,8669,10322,24224
2021,7,Educación,100761,2459,67063,103220
2021,7,Empresas públicas,8192,2052,2412,10244
2021,7,Entes autónomos y autárquicos,7323,1655,3493,8978
2021,7,Fuerzas públicas,51045,434,7966,51479
2021,7,Gobiernos departamentales,1257,1086,837,2343
2021,7,Municipalidades,7391,18397,9657,25788
2021,7,Otros organismos,3796,587,1853,4383
2021,7,Poder Judicial,23333,3874,14793,27207
2021,7,Poder Legislativo,2741,983,1559,3724
2021,7,SA del Estado,5677,339,1735,6016
2021,7,Salud,39158,41521,53882,80679
2021,7,Servicio civil del Ejecutivo,15498,8552,10255,24050
2021,8,Educación,100985,2294,67149,103279
2021,8,Empresas públicas,8154,2072,2410,10226
2021,8,Entes autónomos y autárquicos,7312,1641,3482,8953
2021,8,Fuerzas públicas,51175,431,7953,51606
2021,8,Gobiernos departamentales,1256,1059,817,2315
2021,8,Municipalidades,7345,18667,9768,26012
2021,8,Otros organismos,3809,581,1860,4390
2021,8,Poder Judicial,23353,3833,14767,27186
2021,8,Poder Legislativo,2737,983,1560,3720
2021,8,SA del Estado,5384,348,1720,5732
2021,8,Salud,38997,41816,53964,80813
2021,8,Servicio civil del Ejecutivo,15461,8689,10307,24150
2021,9,Educación,100436,2343,66954,102779
2021,9,Empresas públicas,8132,2072,2408,10204
2021,9,Entes autónomos y autárquicos,7300,1710,3521,9010
2021,9,Fuerzas públicas,51378,420,7937,51798
2021,9,Gobiernos departamentales,1267,1052,814,2319
2021,9,Municipalidades,7404,19169,10051,26573
2021,9,Otros organismos,3903,570,1901,4473
2021,9,Poder Judicial,23339,3829,14781,27168
2021,9,Poder Legislativo,2735,1011,1575,3746
2021,9,SA del Estado,5634,344,1720,5978
2021,9,Salud,38955,42058,54091,81013
2021,9,Servicio civil del Ejecutivo,15444,8702,10317,24146
2021,10,Educación,100413,2237,66906,102650
2021,10,Empresas públicas,8107,2076,2408,10183
2021,10,Entes autónomos y autárquicos,7289,1747,3533,9036
2021,10,Fuerzas públicas,51348,420,7916,51768
2021,10,Gobiernos departamentales,1260,1058,814,2318
2021,10,Municipalidades,7182,17418,9246,24600
2021,10,Otros organismos,3899,574,1904,4473
2021,10,Poder Judicial,23333,3840,14789,27173
2021,10,Poder Legislativo,2733,1016,1578,3749
2021,10,SA del Estado,5614,349,1716,5963
2021,10,Salud,38922,42325,54314,81247
2021,10,Servicio civil del Ejecutivo,15427,8719,10314,24146
2021,11,Educación,100469,2220,66934,102689
2021,11,Empresas públicas,8091,2094,2408,10185
2021,11,Entes autónomos y autárquicos,7278,1739,3528,9017
2021,11,Fuerzas públicas,51163,420,7891,51583
2021,11,Gobiernos departamentales,1035,953,710,1988
2021,11,Municipalidades,7259,17218,9162,24477
2021,11,Otros organismos,3884,596,1924,4480
2021,11,Poder Judicial,23347,3760,14753,27107
2021,11,Poder Legislativo,2726,1016,1580,3742
2021,11,SA del Estado,5632,349,1711,5981
2021,11,Salud,38868,43043,54807,81911
2021,11,Servicio civil del Ejecutivo,15391,8682,10296,24073
2021,12,Educación,100687,2614,67268,103301
2021,12,Empresas públicas,8094,2069,2400,10163
2021,12,Entes autónomos y autárquicos,7274,1727,3521,9001
2021,12,Fuerzas públicas,51094,420,7879,51514
2021,12,Gobiernos departamentales,1038,974,720,2012
2021,12,Municipalidades,7359,16962,9069,24321
2021,12,Otros organismos,3870,657,1950,4527
2021,12,Poder Judicial,23331,3651,14696,26982
2021,12,Poder Legislativo,2723,1014,1577,3737
2021,12,SA del Estado,2150,333,610,2483
2021,12,Salud,38816,43378,55081,82194
2021,12,Servicio civil del Ejecutivo,15369,8262,10060,23631
2022,1,Educación,98130,1537,64923,99667
2022,1,Empresas públicas,8079,1901,2374,9980
2022,1,Entes autónomos y autárquicos,7216,1257,3272,8473
2022,1,Fuerzas públicas,49384,310,7760,49694
2022,1,Gobiernos departamentales,1261,1039,828,2300
2022,1,Municipalidades,7472,17086,9171,24558
2022,1,Otros organismos,3840,659,1944,4499
2022,1,Poder Judicial,23318,4337,15102,27655
2022,1,Poder Legislativo,2729,957,1566,3686
2022,1,SA del Estado,5605,237,1682,5842
2022,1,Salud,38937,42953,54816,81890
2022,1,Servicio civil del Ejecutivo,15327,7168,9446,22495
2022,2,Educación,98360,1819,65266,100179
2022,2,Empresas públicas,8398,1572,2378,9970
2022,2,Entes autónomos y autárquicos,7162,1605,3420,8767
2022,2,Fuerzas públicas,49545,309,7759,49854
2022,2,Gobiernos departamentales,1266,1083,847,2349
2022,2,Municipalidades,7604,18815,9990,26419
2022,2,Otros organismos,3857,703,1975,4560
2022,2,Poder Judicial,23313,4084,14988,27397
2022,2,Poder Legislativo,2775,955,1586,3730
2022,2,SA del Estado,5744,334,1779,6078
2022,2,Salud,38842,42799,54655,81641
2022,2,Servicio civil del Ejecutivo,15338,8035,9856,23373
2022,3,Educación,99304,2049,66066,101353
2022,3,Empresas públicas,8422,1649,2398,10071
2022,3,Entes autónomos y autárquicos,7160,1630,3425,8790
2022,3,Fuerzas públicas,50992,327,7825,51319
2022,3,Gobiernos departamentales,1262,1085,846,2347
2022,3,Municipalidades,7649,19625,10461,27274
2022,3,Otros organismos,3848,704,1974,4552
2022,3,Poder Judicial,23377,4154,15046,27531
2022,3,Poder Legislativo,2794,939,1588,3733
2022,3,SA del Estado,5736,362,1781,6098
2022,3,Salud,38770,44036,55514,82806
2022,3,Servicio civil del Ejecutivo,15304,8500,10152,23804
2022,4,Educación,99845,1994,66457,101839
2022,4,Empresas públicas,8399,1663,2396,10062
2022,4,Entes autónomos y autárquicos,7226,1815,3525,9041
2022,4,Fuerzas públicas,52573,366,8040,52939
2022,4,Gobiernos departamentales,1263,1084,849,2347
2022,4,Municipalidades,7654,20173,10768,27827
2022,4,Otros organismos,3852,708,1978,4560
2022,4,Poder Judicial,23390,4278,15091,27668
2022,4,Poder Legislativo,2803,1002,1618,3805
2022,4,SA del Estado,5731,372,1790,6103
2022,4,Salud,38693,44297,55594,82990
2022,4,Servicio civil del Ejecutivo,15273,8523,10144,23796
2022,5,Educación,100453,2118,66948,102571
2022,5,Empresas públicas,8378,1682,2394,10060
2022,5,Entes autónomos y autárquicos,7225,1966,3588,9191
2022,5,Fuerzas públicas,52586,366,8039,52952
2022,5,Gobiernos departamentales,1256,1075,848,2331
2022,5,Municipalidades,7738,20021,10649,27759
2022,5,Otros organismos,3888,665,1976,4553
2022,5,Poder Judicial,23385,4267,15091,27652
2022,5,Poder Legislativo,2810,999,1616,3809
2022,5,SA del Estado,5448,388,1782,5836
2022,5,Salud,38650,44497,55629,83147
2022,5,Servicio civil del Ejecutivo,15257,8596,10182,23853
2022,6,Educación,100698,2289,67227,102987
2022,6,Empresas públicas,8369,1684,2393,10053
2022,6,Entes autónomos y autárquicos,6782,2155,3507,8937
2022,6,Fuerzas públicas,52328,365,8022,52693
2022,6,Gobiernos departamentales,1260,1052,836,2312
2022,6,Municipalidades,7708,20733,11098,28441
2022,6,Otros organismos,3922,664,1999,4586
2022,6,Poder Judicial,23365,4277,15086,27642
2022,6,Poder Legislativo,2814,1020,1624,3834
2022,6,SA del Estado,5695,395,1787,6090
2022,6,Salud,41191,42783,56190,83974
2022,6,Servicio civil del Ejecutivo,15230,8749,10244,23979
2022,7,Educación,100784,2392,67364,103176
2022,7,Empresas públicas,8482,1567,2392,10049
2022,7,Entes autónomos y autárquicos,6891,2254,3585,9145
2022,7,Fuerzas públicas,51743,370,8011,52113
2022,7,Gobiernos departamentales,1261,1054,833,2315
2022,7,Municipalidades,7749,20773,11136,28522
2022,7,Otros organismos,3924,651,1993,4575
2022,7,Poder Judicial,23376,4046,14996,27422
2022,7,Poder Legislativo,2818,1018,1628,3836
2022,7,SA del Estado,5724,420,1817,6144
2022,7,Salud,41854,42291,56298,84145
2022,7,Servicio civil del Ejecutivo,15176,8738,10208,23914
2022,8,Educación,101082,2429,67623,103511
2022,8,Empresas públicas,8584,1524,2395,10108
2022,8,Entes autónomos y autárquicos,6868,2063,3514,8931
2022,8,Fuerzas públicas,51960,366,8035,52326
2022,8,Gobiernos departamentales,1255,1028,828,2283
2022,8,Municipalidades,7714,20984,11271,28698
2022,8,Otros organismos,3908,628,1974,4536
2022,8,Poder Judicial,23370,4043,14978,27413
2022,8,Poder Legislativo,2818,1027,1630,3845
2022,8,SA del Estado,5771,431,1862,6202
2022,8,Salud,41748,42717,56526,84465
2022,8,Servicio civil del Ejecutivo,15142,8885,10275,24027
2022,9,Educación,100235,2327,67200,102562
2022,9,Empresas públicas,8585,1551,2403,10136
2022,9,Entes autónomos y autárquicos,6849,2194,3610,9043
2022,9,Fuerzas públicas,52189,362,8028,52551
2022,9,Gobiernos departamentales,1264,1044,844,2308
2022,9,Municipalidades,7763,21179,11396,28942
2022,9,Otros organismos,3852,643,1965,4495
2022,9,Poder Judicial,23377,4251,15124,27628
2022,9,Poder Legislativo,2818,1013,1622,3831
2022,9,SA del Estado,5797,438,1875,6235
2022,9,Salud,41672,42787,56540,84459
2022,9,Servicio civil del Ejecutivo,15106,8896,10277,24002
2022,10,Educación,100140,2293,67129,102433
2022,10,Empresas públicas,8567,1561,2398,10128
2022,10,Entes autónomos y autárquicos,6826,2034,3563,8860
2022,10,Fuerzas públicas,52256,362,8016,52618
2022,10,Gobiernos departamentales,1128,929,748,2057
2022,10,Municipalidades,7712,21238,11430,28950
2022,10,Otros organismos,3841,641,1963,4482
2022,10,Poder Judicial,23379,4096,15053,27475
2022,10,Poder Legislativo,2819,1030,1629,3849
2022,10,SA del Estado,5544,455,1878,5999
2022,10,Salud,41577,42818,56490,84395
2022,10,Servicio civil del Ejecutivo,15080,8897,10291,23977
2022,11,Educación,100204,2436,67224,102640
2022,11,Empresas públicas,8483,1568,2395,10051
2022,11,Entes autónomos y autárquicos,6809,3527,4397,10336
2022,11,Fuerzas públicas,52163,366,8021,52529
2022,11,Gobiernos departamentales,1128,930,751,2058
2022,11,Municipalidades,7654,20545,11061,28199
2022,11,Otros organismos,3864,609,1958,4473
2022,11,Poder Judicial,23516,3973,15059,27489
2022,11,Poder Legislativo,2820,1049,1637,3869
2022,11,SA del Estado,5791,465,1890,6256
2022,11,Salud,41527,42808,56484,84335
2022,11,Servicio civil del Ejecutivo,14992,8909,10249,23901
2022,12,Educación,99680,2428,66926,102108
2022,12,Empresas públicas,8578,1580,2404,10158
2022,12,Entes autónomos y autárquicos,6724,2692,3766,9416
2022,12,Fuerzas públicas,51997,362,8011,52359
2022,12,Gobiernos departamentales,1053,964,748,2017
2022,12,Municipalidades,7598,19903,10721,27501
2022,12,Otros organismos,3845,663,1979,4508
2022,12,Poder Judicial,23486,3807,14970,27293
2022,12,Poder Legislativo,2822,1047,1639,3869
2022,12,SA del Estado,5772,476,1891,6248
2022,12,Salud,41515,43208,56800,84723
2022,12,Servicio civil del Ejecutivo,14995,8663,10100,23658
2023,1,Educación,96219,1704,64085,97923
2023,1,Empresas públicas,8564,1522,2412,10086
2023,1,Entes autónomos y autárquicos,6830,1016,3060,7846
2023,1,Fuerzas públicas,50032,295,7927,50327
2023,1,Gobiernos departamentales,1251,950,799,2201
2023,1,Municipalidades,7825,18500,9949,26325
2023,1,Otros organismos,3878,553,1942,4431
2023,1,Poder Judicial,23464,4052,15136,27516
2023,1,Poder Legislativo,2821,1049,1645,3870
2023,1,SA del Estado,5727,10,1731,5737
2023,1,Salud,41335,43865,57136,85200
2023,1,Servicio civil del Ejecutivo,14997,7112,9293,22109
2023,2,Educación,98141,1912,65631,100053
2023,2,Empresas públicas,8611,1490,2426,10101
2023,2,Entes autónomos y autárquicos,6819,1729,3391,8548
2023,2,Fuerzas públicas,51467,308,8128,51775
2023,2,Gobiernos departamentales,1251,1042,864,2293
2023,2,Municipalidades,7858,19950,10795,27808
2023,2,Otros organismos,3876,642,1987,4518
2023,2,Poder Judicial,23594,4144,15256,27738
2023,2,Poder Legislativo,2832,1126,1685,3958
2023,2,SA del Estado,5575,374,1801,5949
2023,2,Salud,41232,43967,57107,85199
2023,2,Servicio civil del Ejecutivo,14969,8286,9941,23255
2023,3,Educación,99124,1996,66418,101120
2023,3,Empresas públicas,8568,1502,2422,10070
2023,3,Entes autónomos y autárquicos,7009,2254,3746,9263
2023,3,Fuerzas públicas,52852,402,8210,53254
2023,3,Gobiernos departamentales,1260,1057,864,2317
2023,3,Municipalidades,7834,20563,11143,28397
2023,3,Otros organismos,3864,632,1974,4496
2023,3,Poder Judicial,23520,4040,15170,27560
2023,3,Poder Legislativo,2835,1146,1701,3981
2023,3,SA del Estado,5531,444,1803,5975
2023,3,Salud,41161,44814,57752,85975
2023,3,Servicio civil del Ejecutivo,15047,8423,10068,23470
2023,4,Educación,99704,2098,66909,101802
2023,4,Empresas públicas,8416,1523,2414,9939
2023,4,Entes autónomos y autárquicos,7092,2500,3951,9592
2023,4,Fuerzas públicas,53074,418,8205,53492
2023,4,Gobiernos departamentales,1263,1056,859,2319
2023,4,Municipalidades,7835,20560,11219,28395
2023,4,Otros organismos,4006,486,1978,4492
2023,4,Poder Judicial,23622,4070,15245,27692
2023,4,Poder Legislativo,2831,1150,1701,3981
2023,4,SA del Estado,5242,476,1802,5718
2023,4,Salud,41103,44410,57325,85513
2023,4,Servicio civil del Ejecutivo,15040,8473,10081,23513
2023,5,Educación,100191,2336,67369,102527
2023,5,Empresas públicas,8524,1509,2421,10033
2023,5,Entes autónomos y autárquicos,7128,2272,3835,9400
2023,5,Fuerzas públicas,53036,419,8203,53455
2023,5,Gobiernos departamentales,1263,1059,865,2322
2023,5,Municipalidades,7841,20645,11260,28486
2023,5,Otros organismos,4000,486,1978,4486
2023,5,Poder Judicial,23619,4084,15243,27703
2023,5,Poder Legislativo,2826,1132,1699,3958
2023,5,SA del Estado,5222,495,1802,5717
2023,5,Salud,41064,44311,57220,85375
2023,5,Servicio civil del Ejecutivo,15039,8472,10099,23511
2023,6,Educación,100453,2279,67563,102732
2023,6,Empresas públicas,8516,1540,2423,10056
2023,6,Entes autónomos y autárquicos,7127,2405,3951,9532
2023,6,Fuerzas públicas,52775,422,8198,53197
2023,6,Gobiernos departamentales,1261,1047,865,2308
2023,6,Municipalidades,7841,20459,11193,28300
2023,6,Otros organismos,4069,465,2000,4534
2023,6,Poder Judicial,23649,2759,14592,26408
2023,6,Poder Legislativo,2846,1084,1690,3930
2023,6,SA del Estado,5204,184,1677,5388
2023,6,Salud,40991,44502,57302,85493
2023,6,Servicio civil del Ejecutivo,15001,8484,10081,23485
2023,7,Educación,100636,2330,67701,102966
2023,7,Empresas públicas,8488,1601,2440,10089
2023,7,Entes autónomos y autárquicos,7122,2244,3856,9366
2023,7,Fuerzas públicas,52144,419,8194,52563
2023,7,Gobiernos departamentales,1267,1048,870,2315
2023,7,Municipalidades,7809,20520,11235,28329
2023,7,Otros organismos,4060,463,1994,4523
2023,7,Poder Judicial,23645,2711,14576,26356
2023,7,Poder Legislativo,2853,891,1642,3744
2023,7,SA del Estado,5184,395,1746,5579
2023,7,Salud,40978,44819,57515,85797
2023,7,Servicio civil del Ejecutivo,14964,8470,10070,23434
2023,8,Educación,100628,2244,67664,102872
2023,8,Empresas públicas,8447,1602,2432,10049
2023,8,Entes autónomos y autárquicos,7081,2133,3792,9214
2023,8,Fuerzas públicas,52300,418,8182,52718
2023,8,Gobiernos departamentales,1208,951,816,2159
2023,8,Municipalidades,7789,20539,11207,28328
2023,8,Otros organismos,4026,432,1967,4458
2023,8,Poder Judicial,23674,3311,14896,26985
2023,8,Poder Legislativo,2850,859,1631,3709
2023,8,SA del Estado,3131,6,1135,3137
2023,8,Salud,40902,44680,57339,85582
2023,8,Servicio civil del Ejecutivo,14892,8433,10033,23325
2023,9,Educación,101852,2365,68373,104217
2023,9,Empresas públicas,8428,1443,2412,9871
2023,9,Entes autónomos y autárquicos,7083,2124,3772,9207
2023,9,Fuerzas públicas,52471,413,8162,52884
2023,9,Gobiernos departamentales,1215,981,851,2196
2023,9,Municipalidades,7780,20260,11103,28040
2023,9,Otros organismos,3999,434,1967,4433
2023,9,Poder Judicial,23668,3449,14962,27117
2023,9,Poder Legislativo,2931,960,1698,3891
2023,9,SA del Estado,5089,55,1602,5144
2023,9,Salud,41225,44333,57334,85558
2023,9,Servicio civil del Ejecutivo,14841,8365,9980,23206
2023,10,Educación,100774,2493,67918,103267
2023,10,Empresas públicas,8429,1469,2429,9898
2023,10,Entes autónomos y autárquicos,7070,2114,3775,9184
2023,10,Fuerzas públicas,52505,416,8142,52921
2023,10,Gobiernos departamentales,1239,981,859,2220
2023,10,Municipalidades,7763,20375,11149,28138
2023,10,Otros organismos,3992,432,1966,4424
2023,10,Poder Judicial,23773,3524,15077,27297
2023,10,Poder Legislativo,2959,975,1709,3934
2023,10,SA del Estado,4995,146,1602,5141
2023,10,Salud,41201,44064,57142,85265
2023,10,Servicio civil del Ejecutivo,15028,7423,9622,22451
2023,11,Educación,100783,2562,67972,103345
2023,11,Empresas públicas,8441,1644,2482,10085
2023,11,Entes autónomos y autárquicos,7064,2280,3869,9344
2023,11,Fuerzas públicas,52390,424,8131,52814
2023,11,Gobiernos departamentales,1229,995,859,2224
2023,11,Municipalidades,7327,19204,10353,26531
2023,11,Otros organismos,3980,431,1957,4411
2023,11,Poder Judicial,23845,3543,15145,27388
2023,11,Poder Legislativo,2971,970,1717,3941
2023,11,SA del Estado,4930,181,1608,5111
2023,11,Salud,41122,44044,57081,85166
2023,11,Servicio civil del Ejecutivo,14915,7469,9611,22384
2023,12,Educación,100307,2747,67799,103054
2023,12,Empresas públicas,8407,1552,2458,9959
2023,12,Entes autónomos y autárquicos,7041,2307,3857,9348
2023,12,Fuerzas públicas,52258,400,8112,52658
2023,12,Gobiernos departamentales,1242,1027,881,2269
2023,12,Municipalidades,7572,18989,10409,26561
2023,12,Otros organismos,3958,434,1953,4392
2023,12,Poder Judicial,23870,3409,15110,27279
2023,12,Poder Legislativo,2968,970,1716,3938
2023,12,SA del Estado,4922,264,1622,5186
2023,12,Salud,41108,44009,57103,85117
2023,12,Servicio civil del Ejecutivo,14890,6935,9292,21825
2024,1,Educación,98153,1894,65455,100047
2024,1,Empresas públicas,8360,1644,2470,10004
2024,1,Entes autónomos y autárquicos,7906,1716,3978,9622
2024,1,Fuerzas públicas,50260,276,7985,50536
2024,1,Gobiernos departamentales,1259,918,836,2177
2024,1,Municipalidades,7788,18087,9790,25875
2024,1,Otros organismos,4027,445,1994,4472
2024,1,Poder Judicial,24138,1856,14496,25994
2024,1,Poder Legislativo,2958,928,1704,3886
2024,1,SA del Estado,4639,87,1481,4726
2024,1,Salud,41329,43010,56540,84339
2024,1,Servicio civil del Ejecutivo,14014,5043,8006,19057
2024,2,Educación,99245,2072,66327,101317
2024,2,Empresas públicas,8326,1654,2468,9980
2024,2,Entes autónomos y autárquicos,7960,1898,4120,9858
2024,2,Fuerzas públicas,50514,299,7984,50813
2024,2,Gobiernos departamentales,1259,924,843,2183
2024,2,Municipalidades,7793,19078,10329,26871
2024,2,Otros organismos,4021,452,1996,4473
2024,2,Poder Judicial,24494,2689,15092,27183
2024,2,Poder Legislativo,2976,957,1721,3933
2024,2,SA del Estado,4616,227,1518,4843
2024,2,Salud,41294,43165,56607,84459
2024,2,Servicio civil del Ejecutivo,14268,6115,8619,20383
2024,3,Educación,100865,2189,67512,103054
2024,3,Empresas públicas,8299,1650,2467,9949
2024,3,Entes autónomos y autárquicos,7958,1848,4083,9806
2024,3,Fuerzas públicas,51632,300,8018,51932
2024,3,Gobiernos departamentales,1256,932,843,2188
2024,3,Municipalidades,7742,19666,10706,27408
2024,3,Otros organismos,3973,446,1973,4419
2024,3,Poder Judicial,24521,2685,15121,27206
2024,3,Poder Legislativo,2978,969,1731,3947
2024,3,SA del Estado,4621,230,1509,4851
2024,3,Salud,41182,43259,56629,84441
2024,3,Servicio civil del Ejecutivo,14272,6723,8894,20995
2024,4,Educación,101990,2269,68389,104259
2024,4,Empresas públicas,8274,1639,2459,9913
2024,4,Entes autónomos y autárquicos,7880,1829,4050,9709
2024,4,Fuerzas públicas,52092,312,8030,52404
2024,4,Gobiernos departamentales,1258,971,855,2229
2024,4,Municipalidades,7818,20125,10945,27943
2024,4,Otros organismos,3872,433,1936,4305
2024,4,Poder Judicial,24632,2758,15227,27390
2024,4,Poder Legislativo,2980,968,1734,3948
2024,4,SA del Estado,4609,266,1505,4875
2024,4,Salud,41160,43132,56564,84292
2024,4,Servicio civil del Ejecutivo,14270,6259,8604,20529
2024,5,Educación,102391,2425,68796,104816
2024,5,Empresas públicas,8307,1573,2448,9880
2024,5,Entes autónomos y autárquicos,7877,1885,4093,9762
2024,5,Fuerzas públicas,52361,313,8071,52674
2024,5,Gobiernos departamentales,1259,976,857,2235
2024,5,Municipalidades,7818,20372,11067,28190
2024,5,Otros organismos,3860,440,1937,4300
2024,5,Poder Judicial,24718,2773,15289,27491
2024,5,Poder Legislativo,2994,985,1743,3979
2024,5,SA del Estado,4588,294,1499,4882
2024,5,Salud,41077,44716,57630,85793
2024,5,Servicio civil del Ejecutivo,14255,6772,8889,21027
2024,6,Educación,102576,2363,68962,104939
2024,6,Empresas públicas,8273,1568,2445,9841
2024,6,Entes autónomos y autárquicos,7855,1988,4135,9843
2024,6,Fuerzas públicas,52379,320,8079,52699
2024,6,Gobiernos departamentales,1256,974,858,2230
2024,6,Municipalidades,7810,20373,11049,28183
2024,6,Otros organismos,3943,439,1974,4382
2024,6,Poder Judicial,24817,2789,15369,27606
2024,6,Poder Legislativo,2959,976,1721,3935
2024,6,SA del Estado,4564,80,1427,4644
2024,6,Salud,41000,44373,57293,85373
2024,6,Servicio civil del Ejecutivo,14246,7331,9190,21577
2024,7,Educación,102864,2420,69194,105284
2024,7,Empresas públicas,8252,1686,2467,9938
2024,7,Entes autónomos y autárquicos,7838,1976,4136,9814
2024,7,Fuerzas públicas,52804,343,8237,53147
2024,7,Gobiernos departamentales,1266,967,858,2233
2024,7,Municipalidades,7777,20388,11053,28165
2024,7,Otros organismos,3924,457,1979,4381
2024,7,Poder Judicial,24799,2154,14996,26953
2024,7,Poder Legislativo,3009,959,1734,3968
2024,7,SA del Estado,4554,297,1497,4851
2024,7,Salud,40925,44203,57144,85128
2024,7,Servicio civil del Ejecutivo,14219,7197,9155,21416
2024,8,Educación,103465,2405,69654,105870
2024,8,Empresas públicas,8247,1690,2467,9937
2024,8,Entes autónomos y autárquicos,7635,1864,3925,9499
2024,8,Fuerzas públicas,52659,345,8261,53004
2024,8,Gobiernos departamentales,1278,989,870,2267
2024,8,Municipalidades,7751,20409,11083,28160
2024,8,Otros organismos,3935,433,1974,4368
2024,8,Poder Judicial,24944,2515,15291,27459
2024,8,Poder Legislativo,3056,963,1752,4019
2024,8,SA del Estado,4540,305,1497,4845
2024,8,Salud,40850,44502,57329,85352
2024,8,Servicio civil del Ejecutivo,14198,7413,9303,21611
2024,9,Educación,103273,2337,69499,105610
2024,9,Empresas públicas,8216,1702,2465,9918
2024,9,Entes autónomos y autárquicos,7796,1918,4070,9714
2024,9,Fuerzas públicas,52772,338,8256,53110
2024,9,Gobiernos departamentales,1275,1001,868,2276
2024,9,Municipalidades,7673,20215,11027,27888
2024,9,Otros organismos,3924,460,1988,4384
2024,9,Poder Judicial,24975,2583,15348,27558
2024,9,Poder Legislativo,3064,994,1776,4058
2024,9,SA del Estado,4524,336,1504,4860
2024,9,Salud,40811,44437,57269,85248
2024,9,Servicio civil del Ejecutivo,14190,6350,8788,20540
2024,10,Educación,103041,2487,69589,105528
2024,10,Empresas públicas,8077,1686,2437,9763
2024,10,Entes autónomos y autárquicos,7794,1890,4059,9684
2024,10,Fuerzas públicas,52960,331,8252,53291
2024,10,Gobiernos departamentales,1277,990,861,2267
2024,10,Municipalidades,7805,20442,11117,28247
2024,10,Otros organismos,3923,448,1982,4371
2024,10,Poder Judicial,25079,2753,15493,27832
2024,10,Poder Legislativo,3053,1039,1782,4092
2024,10,SA del Estado,4485,339,1476,4824
2024,10,Salud,40725,44553,57325,85278
2024,10,Servicio civil del Ejecutivo,14712,7173,9445,21885
2024,11,Educación,103223,2479,69707,105702
2024,11,Empresas públicas,8063,1699,2442,9762
2024,11,Entes autónomos y autárquicos,7800,1930,4089,9730
2024,11,Fuerzas públicas,52881,341,8238,53222
2024,11,Gobiernos departamentales,1273,1025,881,2298
2024,11,Municipalidades,7763,20262,10953,28025
2024,11,Otros organismos,3951,456,2007,4407
2024,11,Poder Judicial,25202,2805,15627,28007
2024,11,Poder Legislativo,3073,1128,1833,4201
2024,11,SA del Estado,4472,342,1475,4814
2024,11,Salud,40673,44820,57477,85493
2024,11,Servicio civil del Ejecutivo,14699,7375,9561,22074
2024,12,Educación,103139,2904,69883,106043
2024,12,Empresas públicas,6905,1343,2027,8248
2024,12,Entes autónomos y autárquicos,7611,1985,4142,9596
2024,12,Fuerzas públicas,52753,327,8226,53080
2024,12,Gobiernos departamentales,1273,1043,889,2316
2024,12,Municipalidades,7726,19764,10729,27490
2024,12,Otros organismos,3986,423,2019,4409
2024,12,Poder Judicial,25170,2848,15627,28018
2024,12,Poder Legislativo,3070,1121,1829,4191
2024,12,SA del Estado,4464,81,1402,4545
2024,12,Salud,40654,45305,57854,85959
2024,12,Servicio civil del Ejecutivo,14761,7530,9667,22291
2025,1,Educación,96366,2006,64469,98372
2025,1,Empresas públicas,8009,1550,2404,9559
2025,1,Entes autónomos y autárquicos,7874,1396,3919,9270
2025,1,Fuerzas públicas,53993,275,8526,54268
2025,1,Gobiernos departamentales,1275,1042,889,2317
2025,1,Municipalidades,7858,18685,10161,26543
2025,1,Otros organismos,4060,366,2010,4426
2025,1,Poder Judicial,25056,2200,15278,27256
2025,1,Poder Legislativo,3032,1087,1799,4119
2025,1,SA del Estado,4435,191,1417,4626
2025,1,Salud,40463,45417,57864,85880
2025,1,Servicio civil del Ejecutivo,14669,5306,8532,19975
2025,2,Educación,99458,2207,66842,101665
2025,2,Empresas públicas,7963,1545,2395,9508
2025,2,Entes autónomos y autárquicos,7879,1709,4040,9588
2025,2,Fuerzas públicas,54061,292,8524,54353
2025,2,Gobiernos departamentales,1294,1065,913,2359
2025,2,Municipalidades,7844,19515,10663,27359
2025,2,Otros organismos,4071,427,2057,4498
2025,2,Poder Judicial,25140,2860,15665,28000
2025,2,Poder Legislativo,3092,1096,1825,4188
2025,2,SA del Estado,4413,343,1450,4756
2025,2,Salud,40378,45434,57831,85812
2025,2,Servicio civil del Ejecutivo,14715,6316,8952,21031
2025,3,Educación,101642,2340,68476,103982
2025,3,Empresas públicas,7973,1553,2402,9526
2025,3,Entes autónomos y autárquicos,7878,1767,4080,9645
2025,3,Fuerzas públicas,55518,308,8638,55826
2025,3,Gobiernos departamentales,1292,1093,921,2385
2025,3,Municipalidades,7913,20098,10979,28011
2025,3,Otros organismos,4065,423,2057,4488
2025,3,Poder Judicial,25219,2889,15730,28108
2025,3,Poder Legislativo,3090,1065,1821,4155
2025,3,SA del Estado,4412,290,1449,4702
2025,3,Salud,40298,45468,57842,85766
2025,3,Servicio civil del Ejecutivo,14708,7113,9409,21821
2025,4,Educación,102809,2532,69452,105341
2025,4,Empresas públicas,7950,1683,2421,9633
2025,4,Entes autónomos y autárquicos,7865,1871,4143,9736
2025,4,Fuerzas públicas,55851,427,8659,56278
2025,4,Gobiernos departamentales,1289,1110,925,2399
2025,4,Municipalidades,7946,20503,11272,28449
2025,4,Otros organismos,4056,427,2057,4483
2025,4,Poder Judicial,25121,2870,15703,27991
2025,4,Poder Legislativo,3112,1078,1841,4190
2025,4,SA del Estado,4407,321,1452,4728
2025,4,Salud,40202,45672,57916,85874
2025,4,Servicio civil del Ejecutivo,14687,6415,8985,21102
2025,5,Educación,103421,2530,69901,105951
2025,5,Empresas públicas,7884,1701,2423,9585
2025,5,Entes autónomos y autárquicos,7855,1885,4158,9740
2025,5,Fuerzas públicas,60829,396,9500,61225
2025,5,Gobiernos departamentales,1284,1109,927,2393
2025,5,Municipalidades,7931,20596,11346,28527
2025,5,Otros organismos,4049,427,2055,4476
2025,5,Poder Judicial,25336,2950,15842,28286
2025,5,Poder Legislativo,3134,1083,1851,4217
2025,5,SA del Estado,4394,296,1451,4690
2025,5,Salud,40125,46982,58721,87107
2025,5,Servicio civil del Ejecutivo,14642,7376,9507,22018
2025,6,Educación,104019,2630,70477,106649
2025,6,Empresas públicas,7865,1718,2428,9583
2025,6,Entes autónomos y autárquicos,7813,1882,4128,9695
2025,6,Fuerzas públicas,60790,513,9532,61303
2025,6,Gobiernos departamentales,1287,1110,928,2397
2025,6,Municipalidades,7917,20486,11293,28403
2025,6,Otros organismos,4024,427,2048,4451
2025,6,Poder Judicial,25669,2676,15873,28345
2025,6,Poder Legislativo,3143,1118,1859,4261
2025,6,SA del Estado,4391,37,1352,4428
2025,6,Salud,40001,47458,58946,87459
2025,6,Servicio civil del Ejecutivo,14633,7410,9494,22043
2025,7,Educación,104572,2632,70882,107204
2025,7,Empresas públicas,7842,1823,2436,9665
2025,7,Entes autónomos y autárquicos,7810,1889,4131,9699
2025,7,Fuerzas públicas,60275,550,9524,60825
2025,7,Gobiernos departamentales,1290,1133,947,2423
2025,7,Municipalidades,7864,20562,11364,28426
2025,7,Otros organismos,4036,419,2058,4455
2025,7,Poder Judicial,25650,2641,15841,28291
2025,7,Poder Legislativo,3220,1001,1842,4221
2025,7,SA del Estado,4382,255,1424,4637
2025,7,Salud,39878,47343,58786,87221
2025,7,Servicio civil del Ejecutivo,14593,7758,9703,22351
2025,8,Educación,104858,2572,71093,107430
2025,8,Empresas públicas,7803,1822,2437,9625
2025,8,Entes autónomos y autárquicos,7788,1975,4186,9763
2025,8,Fuerzas públicas,60061,556,9519,60617
2025,8,Gobiernos departamentales,1229,1115,915,2344
2025,8,Municipalidades,7855,20528,11344,28383
2025,8,Otros organismos,4073,431,2079,4504
2025,8,Poder Judicial,25767,2669,15947,28436
2025,8,Poder Legislativo,3326,1015,1904,4341
2025,8,SA del Estado,4333,253,1415,4586
2025,8,Salud,39789,47740,59021,87529
2025,8,Servicio civil del Ejecutivo,14572,7756,9690,22328
2025,9,Educación,105066,2514,71245,107580
2025,9,Empresas públicas,7827,1800,2439,9627
2025,9,Entes autónomos y autárquicos,7787,1915,4149,9702
2025,9,Fuerzas públicas,60397,552,9533,60949
2025,9,Gobiernos departamentales,1228,1109,911,2337
2025,9,Municipalidades,7828,20628,11379,28456
2025,9,Otros organismos,4068,440,2083,4508
2025,9,Poder Judicial,25811,2689,15992,28500
2025,9,Poder Legislativo,3328,1041,1915,4369
2025,9,SA del Estado,4330,254,1413,4584
2025,9,Salud,39682,49078,59949,88760
2025,9,Servicio civil del Ejecutivo,14553,7506,9555,22059
2025,10,Educación,105184,2627,71420,107811
2025,10,Empresas públicas,7792,1792,2434,9584
2025,10,Entes autónomos y autárquicos,7790,1966,4189,9756
2025,10,Fuerzas públicas,60429,556,9523,60985
2025,10,Gobiernos departamentales,1227,1116,909,2343
2025,10,Municipalidades,7792,20697,11416,28489
2025,10,Otros organismos,4062,429,2079,4491
2025,10,Poder Judicial,25864,2766,16055,28630
2025,10,Poder Legislativo,3340,1118,1944,4458
2025,10,SA del Estado,4318,249,1413,4567
2025,10,Salud,39605,49439,60161,89044
2025,10,Servicio civil del Ejecutivo,14533,7767,9709,22300
2025,11,Educación,105630,2798,71905,108428
2025,11,Empresas públicas,7773,1790,2430,9563
2025,11,Entes autónomos y autárquicos,7810,1987,4234,9797
2025,11,Fuerzas públicas,60445,536,9524,60981
2025,11,Gobiernos departamentales,1223,1115,909,2338
2025,11,Municipalidades,7686,20139,11103,27825
2025,11,Otros organismos,4063,433,2089,4496
2025,11,Poder Judicial,25924,2802,16097,28726
2025,11,Poder Legislativo,3341,1147,1955,4488
2025,11,SA del Estado,4313,248,1409,4561
2025,11,Salud,39557,49699,60290,89256
2025,11,Servicio civil del Ejecutivo,14480,8171,9868,22651
2025,12,Educación,105614,3101,72044,108715
2025,12,Empresas públicas,7749,1797,2427,9546
2025,12,Entes autónomos y autárquicos,7439,1873,4045,9312
2025,12,Fuerzas públicas,60311,518,9505,60829
2025,12,Gobiernos departamentales,1226,1147,925,2373
2025,12,Municipalidades,7073,19552,10550,26625
2025,12,Otros organismos,4063,449,2107,4512
2025,12,Poder Judicial,25879,2766,16054,28645
2025,12,Poder Legislativo,3339,1142,1954,4481
2025,12,SA del Estado,4263,245,1395,4508
2025,12,Salud,39057,49701,59884,88758
2025,12,Servicio civil del Ejecutivo,14458,8365,9957,22823
2026,1,Educación,95872,1903,64714,97775
2026,1,Empresas públicas,7754,1687,2410,9441
2026,1,Entes autónomos y autárquicos,7671,1659,3992,9330
2026,1,Fuerzas públicas,59130,186,9578,59316
2026,1,Gobiernos departamentales,1279,1113,923,2392
2026,1,Municipalidades,7847,19519,10817,27366
2026,1,Otros organismos,4040,438,2101,4478
2026,1,Poder Judicial,25880,1718,15551,27598
2026,1,Poder Legislativo,3336,1043,1915,4379
2026,1,SA del Estado,2338,1952,1334,4290
2026,1,Salud,39322,52944,62633,92266
2026,1,Servicio civil del Ejecutivo,13948,5849,8581,19797
2026,2,Educación,98363,2260,66747,100623
2026,2,Empresas públicas,7763,1652,2404,9415
2026,2,Entes autónomos y autárquicos,7616,1766,4017,9382
2026,2,Fuerzas públicas,59188,310,9680,59498
2026,2,Gobiernos departamentales,1280,1116,938,2396
2026,2,Municipalidades,7963,20278,11228,28241
2026,2,Otros organismos,4042,449,2110,4491
2026,2,Poder Judicial,26021,2596,16073,28617
2026,2,Poder Legislativo,3331,1077,1928,4408
2026,2,SA del Estado,2339,2056,1369,4395
2026,2,Salud,39200,49833,60210,89033
2026,2,Servicio civil del Ejecutivo,14385,6845,9106,21230
2026,3,Educación,101595,2403,68913,103998
2026,3,Empresas públicas,7740,1658,2404,9398
2026,3,Entes autónomos y autárquicos,7696,1875,4135,9571
2026,3,Fuerzas públicas,60470,308,9722,60778
2026,3,Gobiernos departamentales,1285,1125,945,2410
2026,3,Municipalidades,7942,20616,11421,28558
2026,3,Otros organismos,4028,444,2105,4472
2026,3,Poder Judicial,26060,2579,16084,28639
2026,3,Poder Legislativo,3347,1076,1937,4423
2026,3,SA del Estado,2329,2102,1386,4431
2026,3,Salud,38955,50946,60895,89901
2026,3,Servicio civil del Ejecutivo,14365,7821,9672,22186
2026,4,Educación,103264,2493,70179,105757
2026,4,Empresas públicas,7716,1690,2404,9406
2026,4,Entes autónomos y autárquicos,7714,1921,4167,9635
2026,4,Fuerzas públicas,60582,295,9717,60877
2026,4,Gobiernos departamentales,1280,1156,954,2436
2026,4,Municipalidades,7928,20955,11687,28883
2026,4,Otros organismos,4021,443,2106,4464
2026,4,Poder Judicial,26016,2486,16030,28502
2026,4,Poder Legislativo,3340,1070,1930,4410
2026,4,SA del Estado,2318,2143,1375,4461
2026,4,Salud,39030,49865,60229,88895
2026,4,Servicio civil del Ejecutivo,14322,7477,9486,21799
2026,5,Educación,103906,2425,70612,106331
2026,5,Empresas públicas,7839,1730,2435,9569
2026,5,Entes autónomos y autárquicos,7424,1892,4114,9316
2026,5,Fuerzas públicas,65746,299,10761,66045
2026,5,Gobiernos departamentales,1180,1147,917,2327
2026,5,Municipalidades,7852,21037,11761,28889
2026,5,Otros organismos,4011,441,2099,4452
2026,5,Poder Judicial,26103,2454,16055,28557
2026,5,Poder Legislativo,3355,1068,1929,4423
2026,5,SA del Estado,2319,2210,1393,4529
2026,5,Salud,39003,51802,61583,90805
2026,5,Servicio civil del Ejecutivo,14387,7265,9379,21652
2026,6,Educación,104021,2636,70880,106657
2026,6,Empresas públicas,7812,1720,2428,9532
2026,6,Entes autónomos y autárquicos,7413,1905,4137,9318
2026,6,Fuerzas públicas,65622,327,10754,65949
2026,6,Gobiernos departamentales,1173,1148,915,2321
2026,6,Municipalidades,7601,20574,11472,28175
2026,6,Otros organismos,4051,405,2107,4456
2026,6,Poder Judicial,26201,2519,16143,28720
2026,6,Poder Legislativo,3359,1052,1930,4411
2026,6,SA del Estado,2275,2057,1351,4332
2026,6,Salud,38923,51442,61269,90365
2026,6,Servicio civil del Ejecutivo,14345,7476,9473,21821
2026,7,Educación,104590,2632,71246,107222
2026,7,Empresas públicas,7829,1711,2442,9540
2026,7,Entes autónomos y autárquicos,7349,1973,4130,9322
2026,7,Fuerzas públicas,64942,319,10740,65261
2026,7,Gobiernos departamentales,1167,1126,907,2293
2026,7,Municipalidades,7413,20082,11277,27495
2026,7,Otros organismos,4037,403,2099,4440
2026,7,Poder Judicial,26277,2461,16169,28738
2026,7,Poder Legislativo,3360,1041,1928,4401
2026,7,SA del Estado,2324,2071,1367,4395
2026,7,Salud,38856,51538,61283,90394
2026,7,Servicio civil del Ejecutivo,14342,6985,9206,21327
2026,8,Educación,104560,2361,71253,106921
2026,8,Empresas públicas,7783,1755,2433,9538
2026,8,Entes autónomos y autárquicos,6512,1818,3732,8330
2026,8,Fuerzas públicas,64866,307,10731,65173
2026,8,Gobiernos departamentales,1110,1093,873,2203
2026,8,Municipalidades,7154,19755,11160,26909
2026,8,Otros organismos,4087,339,2092,4426
2026,8,Poder Judicial,26266,2515,16227,28781
2026,8,Poder Legislativo,3365,1051,1934,4416
2026,8,SA del Estado,2289,2083,1364,4372
2026,8,Salud,38807,51583,61277,90390
2026,8,Servicio civil del Ejecutivo,14314,7786,9688,22100
