anho,pib_millones_gs,fuente
2015,188477327.0,"Banco Mundial, WDI NY.GDP.MKTP.CN (PIB a precios corrientes, guaraníes), sobre cuentas nacionales del BCP; consulta 2026-10-02"
2016,204647273.1,"Banco Mundial, WDI NY.GDP.MKTP.CN (PIB a precios corrientes, guaraníes), sobre cuentas nacionales del BCP; consulta 2026-10-02"
2017,219122277.2,"Banco Mundial, WDI NY.GDP.MKTP.CN (PIB a precios corrientes, guaraníes), sobre cuentas nacionales del BCP; consulta 2026-10-02"
2018,230576477.5,"Banco Mundial, WDI NY.GDP.MKTP.CN (PIB a precios corrientes, guaraníes), sobre cuentas nacionales del BCP; consulta 2026-10-02"
2019,236681497.1,"Banco Mundial, WDI NY.GDP.MKTP.CN (PIB a precios corrientes, guaraníes), sobre cuentas nacionales del BCP; consulta 2026-10-02"
2020,239914728.8,"Banco Mundial, WDI NY.GDP.MKTP.CN (PIB a precios corrientes, guaraníes), sobre cuentas nacionales del BCP; consulta 2026-10-02"
2021,270542155.9,"Banco Mundial, WDI NY.GDP.MKTP.CN (PIB a precios corrientes, guaraníes), sobre cuentas nacionales del BCP; consulta 2026-10-02"
2022,292166751.1,"Banco Mundial, WDI NY.GDP.MKTP.CN (PIB a precios corrientes, guaraníes), sobre cuentas nacionales del BCP; consulta 2026-10-02"
2023,314445334.1,"Banco Mundial, WDI NY.GDP.MKTP.CN (PIB a precios corrientes, guaraníes), sobre cuentas nacionales del BCP; consulta 2026-10-02"
2024,338236551.2,"Banco Mundial, WDI NY.GDP.MKTP.CN (PIB a precios corrientes, guaraníes), sobre cuentas nacionales del BCP; consulta 2026-10-02"
2025,371826242.2,"Banco Mundial, WDI NY.GDP.MKTP.CN (PIB a precios corrientes, guaraníes), sobre cuentas nacionales del BCP; consulta 2026-10-02"
