redes,titulo,ruta,estado,flyers
2026-10-01,Bienvenidos a Pulso del Estado,posts/2026-10-01-bienvenida,en el sitio,
2026-10-02,Radiografía del empleo público: seis hallazgos a agosto de 2026,posts/2026-10-02-radiografia-empleo-publico,en el sitio,social.png carrusel_1.png carrusel_2.png carrusel_3.png carrusel_4.png carrusel_5.png carrusel_6.png carrusel_7.png
2026-10-09,¿Cuántas personas cobran del Estado?,posts/2026-10-09-cuantas-personas-cobran-del-estado,en el sitio,social.png flyer_1.png flyer_2.png
2026-10-16,¿Cuánto paga el Estado en salarios?,posts/2026-10-16-masa-salarial-real,en el sitio,social.png ig_1.png ig_2.png ig_3.png
2026-10-23,SITUCAP N.º 1 · Agosto de 2026,situcap/ediciones/2026-08,en el sitio,social.png ig_1.png ig_2.png ig_3.png
2026-10-30,¿Más gente o mejores sueldos?,posts/2026-10-30-mas-gente-o-mejores-sueldos,en el sitio,social.png ig_1.png ig_2.png ig_3.png
2026-11-06,La cuota del 5%: personas con discapacidad en el Estado,posts/2026-11-06-discapacidad-cuota-5,en el sitio,social.png ig_1.png ig_2.png ig_3.png
2026-11-13,¿Ganan menos las mujeres en el Estado?,posts/2026-11-13-brecha-salarial-genero,en el sitio,social.png ig_1.png ig_2.png ig_3.png
2026-11-19,SITUCAP N.º 2 · Septiembre de 2026,situcap/ediciones/2026-09,programada,social.png ig_1.png ig_2.png ig_3.png
2026-11-20,"El Estado por sectores: educación, salud, seguridad y el resto",posts/2026-11-20-estado-por-sectores,en el sitio,social.png ig_1.png ig_2.png ig_3.png
2026-11-27,"Vínculos, personas y cargos: tres maneras de contar al Estado",posts/2026-11-27-vinculos-personas-cargos,en el sitio,social.png ig_1.png ig_2.png ig_3.png
2026-12-04,¿Le ganaron los sueldos públicos a la inflación?,posts/2026-12-04-sueldos-vs-inflacion,en el sitio,social.png ig_1.png ig_2.png ig_3.png
2026-12-11,¿De qué está hecho un sueldo público?,posts/2026-12-11-de-que-esta-hecho-un-sueldo,en el sitio,social.png ig_1.png ig_2.png ig_3.png
2026-12-17,SITUCAP N.º 3 · Octubre de 2026,situcap/ediciones/2026-10,programada,social.png ig_1.png ig_2.png ig_3.png
2026-12-18,Municipalidades por dentro: 7 de cada 10 son contratados,posts/2026-12-18-municipalidades-por-dentro,en el sitio,social.png ig_1.png ig_2.png ig_3.png
2027-01-04,El bache de enero,posts/2027-01-04-el-bache-de-enero,en el sitio,social.png ig_1.png
2027-01-07,El empleo público en 10 gráficos,posts/2027-01-07-empleo-publico-en-10-graficos,en el sitio,social.png ig_1.png ig_2.png ig_3.png
2027-01-11,El mes récord,posts/2027-01-11-el-mes-record,en el sitio,social.png ig_1.png
2027-01-14,Las 20 instituciones más grandes del Estado,posts/2027-01-14-las-20-instituciones-mas-grandes,en el sitio,social.png ig_1.png ig_2.png
2027-01-18,¿Cuánto cuesta el aguinaldo?,posts/2027-01-18-cuanto-cuesta-el-aguinaldo,en el sitio,social.png ig_1.png
2027-01-21,SITUCAP N.º 4 · Noviembre de 2026,situcap/ediciones/2026-11,programada,social.png ig_1.png ig_2.png ig_3.png
2027-01-25,El sector que más creció en el último año,posts/2027-01-25-el-sector-que-mas-crecio,en el sitio,social.png ig_1.png
2027-01-28,Quién creció y quién se achicó desde 2017,posts/2027-01-28-quien-crecio-y-quien-se-achico,en el sitio,social.png ig_1.png ig_2.png
2027-02-01,El calendario del empleo público,posts/2027-02-01-el-calendario-del-empleo-publico,en el sitio,social.png ig_1.png
2027-02-04,Explicador: cómo se organiza el Estado en el presupuesto,posts/2027-02-04-como-se-organiza-el-estado,en el sitio,social.png ig_1.png ig_2.png
2027-02-08,Cuántos vínculos tiene el Ministerio de Educación,posts/2027-02-08-cuantos-vinculos-tiene-el-mec,en el sitio,social.png ig_1.png
2027-02-11,Educación al empezar las clases,posts/2027-02-11-educacion-al-empezar-las-clases,en el sitio,social.png ig_1.png ig_2.png
2027-02-15,Mujeres en el Estado: cuántas son,posts/2027-02-15-mujeres-en-el-estado,en el sitio,social.png ig_1.png
2027-02-18,SITUCAP N.º 5 · Diciembre de 2026,situcap/ediciones/2026-12,programada,social.png ig_1.png ig_2.png ig_3.png
2027-02-22,Cuántas instituciones reportan sus datos,posts/2027-02-22-cuantas-instituciones-reportan,en el sitio,social.png ig_1.png
2027-02-25,Dónde trabajan las mujeres del Estado,posts/2027-02-25-donde-trabajan-las-mujeres,en el sitio,social.png ig_1.png ig_2.png
2027-03-01,La brecha salarial de género en un número,posts/2027-03-01-la-brecha-en-un-numero,en el sitio,social.png ig_1.png
2027-03-04,¿Hay un techo de cristal en el Estado?,posts/2027-03-04-el-techo-de-cristal,en el sitio,social.png ig_1.png ig_2.png
2027-03-08,Las mujeres con discapacidad en el empleo público,posts/2027-03-08-mujeres-con-discapacidad,en el sitio,social.png ig_1.png
2027-03-11,Universidades nacionales por dentro,posts/2027-03-11-universidades-nacionales,en el sitio,social.png ig_1.png ig_2.png
2027-03-15,Gastos de representación: cuánto y dónde,posts/2027-03-15-gastos-de-representacion,en el sitio,social.png ig_1.png
2027-03-18,SITUCAP N.º 6 · Enero de 2027,situcap/ediciones/2027-01,programada,social.png ig_1.png ig_2.png ig_3.png
2027-03-22,"La remuneración media pública, en términos reales",posts/2027-03-22-remuneracion-media-real,en el sitio,social.png ig_1.png
2027-03-25,La justicia por dentro,posts/2027-03-25-la-justicia-por-dentro,en el sitio,social.png ig_1.png ig_2.png
2027-03-29,"La Corte Suprema, casi sin contratados",posts/2027-03-29-la-corte-sin-contratos,en el sitio,social.png ig_1.png
2027-04-01,"Salud: dos sistemas, dos plantas",posts/2027-04-01-salud-dos-sistemas,en el sitio,social.png ig_1.png ig_2.png
2027-04-05,Dónde está la remuneración media más alta,posts/2027-04-05-la-remuneracion-media-mas-alta,en el sitio,social.png ig_1.png
2027-04-08,Explicador: qué es la masa salarial y cómo se mide,posts/2027-04-08-que-es-la-masa-salarial,en el sitio,social.png ig_1.png ig_2.png
2027-04-12,"El Ministerio de Justicia, uno de los que más creció",posts/2027-04-12-ministerio-de-justicia,en el sitio,social.png ig_1.png
2027-04-15,SITUCAP N.º 7 · Febrero de 2027,situcap/ediciones/2027-02,programada,social.png ig_1.png ig_2.png ig_3.png
2027-04-19,La masa salarial del último trimestre,posts/2027-04-19-masa-salarial-del-trimestre,en el sitio,social.png ig_1.png
2027-04-22,Paraguay y Argentina: dos caminos desde 2023,posts/2027-04-22-paraguay-y-argentina,en el sitio,social.png ig_1.png ig_2.png
2027-04-26,Un día de salarios del Estado,posts/2027-04-26-un-dia-de-salarios,en el sitio,social.png ig_1.png
2027-04-29,¿Cuánto gana un docente?,posts/2027-04-29-cuanto-gana-un-docente,en el sitio,social.png ig_1.png ig_2.png
2027-05-03,Cuántos cargos públicos tienen un sueldo básico por debajo del mínimo,posts/2027-05-03-cargos-con-sueldo-minimo,en el sitio,social.png ig_1.png
2027-05-06,Público y privado: los salarios por rama desde 2001,posts/2027-05-06-publico-y-privado,en el sitio,social.png ig_1.png ig_2.png
2027-05-10,Las promociones policiales de mayo,posts/2027-05-10-promociones-policiales,en el sitio,social.png ig_1.png
2027-05-13,Fuerzas públicas: policías y militares,posts/2027-05-13-fuerzas-publicas,en el sitio,social.png ig_1.png ig_2.png
2027-05-17,"De cada 100 guaraníes en salarios, ¿a dónde va cada uno?",posts/2027-05-17-de-cada-100-guaranies,en el sitio,social.png ig_1.png
2027-05-19,¿Qué sectores perdieron poder de compra? El sueldo básico frente a la inflación,posts/2027-05-19-sueldo-basico-vs-inflacion-por-sector,en el sitio,social.png ig_1.png
2027-05-20,SITUCAP N.º 8 · Marzo de 2027,situcap/ediciones/2027-03,programada,social.png ig_1.png ig_2.png ig_3.png
2027-05-24,Personas con discapacidad en el Estado: cuántas son,posts/2027-05-24-personas-con-discapacidad-total,en el sitio,social.png ig_1.png
2027-05-27,Los indicadores de nómina que Paraguay podría publicar,posts/2027-05-27-indicadores-de-nomina,en el sitio,social.png ig_1.png ig_2.png
2027-05-31,Las instituciones que más personal perdieron en el último año,posts/2027-05-31-las-que-mas-se-achicaron,en el sitio,social.png ig_1.png
2027-06-03,Contratados: quiénes son y dónde están,posts/2027-06-03-contratados,en el sitio,social.png ig_1.png ig_2.png
2027-06-07,Cuánto personal tiene el Congreso,posts/2027-06-07-el-congreso,en el sitio,social.png ig_1.png
2027-06-10,Explicador: las categorías salariales,posts/2027-06-10-explicador-categorias,en el sitio,social.png ig_1.png ig_2.png
2027-06-14,Cuánto cuesta el servicio exterior,posts/2027-06-14-servicio-exterior,en el sitio,social.png ig_1.png
2027-06-17,SITUCAP N.º 9 · Abril de 2027,situcap/ediciones/2027-04,programada,social.png ig_1.png ig_2.png ig_3.png
2027-06-21,Dietas: cuánto cuestan concejales y legisladores,posts/2027-06-21-dietas,en el sitio,social.png ig_1.png
2027-06-24,"Una persona, varios cargos",posts/2027-06-24-una-persona-varios-cargos,en el sitio,social.png ig_1.png ig_2.png
2027-06-28,Lo que va del año: vínculos y masa salarial,posts/2027-06-28-lo-que-va-del-ano,en el sitio,social.png ig_1.png
2027-07-01,El salario mínimo desde 1980,posts/2027-07-01-el-salario-minimo,en el sitio,social.png ig_1.png ig_2.png
2027-07-05,El salario mínimo vigente y la remuneración pública,posts/2027-07-05-el-nuevo-salario-minimo,en el sitio,social.png ig_1.png
2027-07-08,¿Cuánto cuesta un punto de reajuste salarial?,posts/2027-07-08-cuanto-cuesta-un-punto,en el sitio,social.png ig_1.png ig_2.png
2027-07-12,Las mujeres en la Policía Nacional,posts/2027-07-12-mujeres-en-la-policia,en el sitio,social.png ig_1.png
2027-07-15,SITUCAP N.º 10 · Mayo de 2027,situcap/ediciones/2027-05,programada,social.png ig_1.png ig_2.png ig_3.png
2027-07-19,Pagos extraordinarios: dónde se pagan,posts/2027-07-19-remuneraciones-temporales,en el sitio,social.png ig_1.png
2027-07-22,¿Dónde se concentra la masa salarial?,posts/2027-07-22-donde-se-concentra-la-masa,en el sitio,social.png ig_1.png ig_2.png
2027-07-26,El sueldo básico medio de un cargo público,posts/2027-07-26-sueldo-basico-medio,en el sitio,social.png ig_1.png
2027-07-29,El Estado en el territorio,posts/2027-07-29-el-estado-en-el-territorio,en el sitio,social.png ig_1.png ig_2.png
2027-08-02,El Estado en un año: cuántos vínculos sumó,posts/2027-08-02-el-estado-en-un-ano,en el sitio,social.png ig_1.png
2027-08-05,Gobernaciones por dentro,posts/2027-08-05-gobernaciones-por-dentro,en el sitio,social.png ig_1.png ig_2.png
2027-08-09,Las municipalidades que más crecieron,posts/2027-08-09-municipalidades-que-mas-crecieron,en el sitio,social.png ig_1.png
2027-08-12,Explicador: cómo se decide la masa salarial,posts/2027-08-12-como-se-decide-la-masa-salarial,en el sitio,social.png ig_1.png ig_2.png
2027-08-16,"La DNIT, la nueva recaudadora",posts/2027-08-16-la-dnit,en el sitio,social.png ig_1.png
2027-08-19,SITUCAP N.º 11 · Junio de 2027,situcap/ediciones/2027-06,programada,social.png ig_1.png ig_2.png ig_3.png
2027-08-23,Los ministerios con menos personal que en 2017,posts/2027-08-23-ministerios-con-menos-personal,en el sitio,social.png ig_1.png
2027-08-26,Presupuestado y pagado,posts/2027-08-26-presupuestado-y-pagado,en el sitio,social.png ig_1.png ig_2.png
2027-08-30,Qué mirar del Presupuesto 2028 en personal,posts/2027-08-30-que-mirar-del-presupuesto-2028,programada,social.png ig_1.png
2027-09-02,Presupuesto 2028: qué pide en personal,posts/2027-09-02-presupuesto-2028,programada,social.png ig_1.png
2027-09-06,Vínculos públicos por cada 100 habitantes,posts/2027-09-06-vinculos-por-habitante,en el sitio,social.png ig_1.png
2027-09-09,Bonificaciones: la parte del sueldo que no es sueldo,posts/2027-09-09-bonificaciones,en el sitio,social.png ig_1.png ig_2.png
2027-09-13,Jornales: quién los paga,posts/2027-09-13-jornales,en el sitio,social.png ig_1.png
2027-09-16,SITUCAP N.º 12 · Julio de 2027,situcap/ediciones/2027-07,programada,social.png ig_1.png ig_2.png ig_3.png
2027-09-20,El sueldo básico de la Policía Nacional,posts/2027-09-20-sueldo-basico-policial,en el sitio,social.png ig_1.png
2027-09-23,La masa salarial en 2028: tres escenarios,posts/2027-09-23-masa-salarial-2028-escenarios,programada,social.png ig_1.png ig_2.png
2027-09-27,La masa salarial como porcentaje del PIB,posts/2027-09-27-masa-salarial-y-pib,en el sitio,social.png ig_1.png
2027-09-30,¿Cuánto más gana quien más gana?,posts/2027-09-30-cuanto-mas-gana-quien-mas-gana,en el sitio,social.png ig_1.png ig_2.png
2027-10-04,Los contratos en el año preelectoral,posts/2027-10-04-contratos-ano-preelectoral,programada,social.png ig_1.png
2027-10-07,Ciclo electoral I: ¿se contrata más antes de votar?,posts/2027-10-07-ciclo-electoral-antes-de-votar,en el sitio,social.png ig_1.png ig_2.png
2027-10-11,La Justicia Electoral y sus contratos,posts/2027-10-11-justicia-electoral,en el sitio,social.png ig_1.png
2027-10-14,Ciclo electoral II: el cambio de gobierno,posts/2027-10-14-ciclo-electoral-cambio-de-gobierno,en el sitio,social.png ig_1.png ig_2.png
2027-10-18,Honorarios profesionales: quién los paga,posts/2027-10-18-honorarios-profesionales,en el sitio,social.png ig_1.png
2027-10-21,SITUCAP N.º 13 · Agosto de 2027,situcap/ediciones/2027-08,programada,social.png ig_1.png ig_2.png ig_3.png
2027-10-25,¿Cuesta más un contrato o un cargo de planta?,posts/2027-10-25-contrato-o-planta,en el sitio,social.png ig_1.png
2027-10-28,"Municipalidades, un año después de votar",posts/2027-10-28-municipalidades-despues-de-votar,programada,social.png ig_1.png ig_2.png
2027-11-01,Las instituciones que más crecieron en el último año,posts/2027-11-01-las-que-mas-crecieron-en-un-ano,en el sitio,social.png ig_1.png
2027-11-04,Explicador: cómo leer las cifras de empleo público en campaña,posts/2027-11-04-cifras-en-campana,en el sitio,social.png ig_1.png ig_2.png
2027-11-08,La UNA en números,posts/2027-11-08-la-una,en el sitio,social.png ig_1.png
2027-11-11,La expansión policial: cuánto creció y cuánto cuesta,posts/2027-11-11-la-expansion-policial,en el sitio,social.png ig_1.png ig_2.png
2027-11-15,"Mujeres con contrato, sector por sector",posts/2027-11-15-mujeres-y-contratos,en el sitio,social.png ig_1.png
2027-11-18,SITUCAP N.º 14 · Septiembre de 2027,situcap/ediciones/2027-09,programada,social.png ig_1.png ig_2.png ig_3.png
2027-11-22,"Los contratos de la pandemia, años después",posts/2027-11-22-contratos-de-la-pandemia,en el sitio,social.png ig_1.png
2027-11-25,"Entes autónomos, empresas y sociedades del Estado por dentro",posts/2027-11-25-entes-y-empresas,en el sitio,social.png ig_1.png ig_2.png
2027-11-29,Antes de las internas: qué pasó con el empleo en 2017 y 2022,posts/2027-11-29-antes-de-las-internas,programada,social.png ig_1.png
2027-12-02,Discapacidad: ¿avanzó la cuota del 5%?,posts/2027-12-02-discapacidad-balance,en el sitio,social.png ig_1.png ig_2.png
2027-12-06,Aguinaldo: cuánto costará este año,posts/2027-12-06-aguinaldo-2027,en el sitio,social.png ig_1.png
2027-12-09,El aguinaldo: cuánto cuesta y cómo se reparte,posts/2027-12-09-el-aguinaldo-como-se-reparte,en el sitio,social.png ig_1.png ig_2.png
2027-12-13,Desde 2017: el Estado entonces y ahora,posts/2027-12-13-diez-anos-de-datos,en el sitio,social.png ig_1.png
2027-12-16,SITUCAP N.º 15 · Octubre de 2027,situcap/ediciones/2027-10,programada,social.png ig_1.png ig_2.png ig_3.png
2027-12-20,El año en masa salarial,posts/2027-12-20-el-ano-en-masa-salarial,en el sitio,social.png ig_1.png
2027-12-23,Anuario 2027: el empleo público en 12 gráficos,posts/2027-12-23-anuario-2027,programada,social.png ig_1.png ig_2.png ig_3.png
2027-12-27,El dato del año: de dónde vino el crecimiento,posts/2027-12-27-el-dato-del-ano,programada,social.png ig_1.png
2027-12-30,Seis preguntas para 2028,posts/2027-12-30-preguntas-para-2028,programada,social.png ig_1.png ig_2.png
2028-01-03,El bache de enero de 2028,posts/2028-01-03-el-bache-de-enero-de-2028,en el sitio (adelanto del plan),social.png ig_1.png
2028-01-06,Balance 2027: el empleo público en 10 gráficos,posts/2028-01-06-balance-2027-el-empleo-publico-en-10-graficos,en el sitio (adelanto del plan),social.png ig_1.png ig_2.png ig_3.png
2028-01-10,Cuántos contratos vencen con el año,posts/2028-01-10-cuantos-contratos-vencen-con-el-ano,en el sitio (adelanto del plan),social.png ig_1.png
2028-01-13,El Índice de Sueldos del Sector Público: cómo leerlo,posts/2028-01-13-el-indice-de-sueldos-del-sector-publico-como-leerlo,en el sitio (adelanto del plan),social.png ig_1.png ig_2.png
2028-01-17,Cómo corregimos los datos: el registro de correcciones,posts/2028-01-17-como-corregimos-los-datos-el-registro-de-correcciones,en el sitio (adelanto del plan),social.png ig_1.png
2028-01-20,SITUCAP N.º 16 · Noviembre de 2027,situcap/ediciones/2027-11,programada,social.png ig_1.png ig_2.png ig_3.png
2028-01-24,Cuánto costó el aguinaldo de 2027,posts/2028-01-24-cuanto-costo-el-aguinaldo-de-2027,en el sitio (adelanto del plan),social.png ig_1.png
2028-01-27,Concepción: la gobernación y las municipalidades por dentro,posts/2028-01-27-concepcion-la-gobernacion-y-las-municipalidades-por-dentro,en el sitio (adelanto del plan),social.png ig_1.png
2028-01-31,La institución de la semana: Instituto de Previsión Social,posts/2028-01-31-la-institucion-de-la-semana-instituto-de-prevision-social,en el sitio (adelanto del plan),social.png ig_1.png
2028-02-03,Monitor electoral I: los contratos antes de votar en 2028,posts/2028-02-03-monitor-electoral-i-los-contratos-antes-de-votar-en,en el sitio (adelanto del plan),social.png ig_1.png
2028-02-07,El Estado a tres meses de votar,posts/2028-02-07-el-estado-a-tres-meses-de-votar,en el sitio (adelanto del plan),social.png ig_1.png
2028-02-10,Educación al empezar las clases de 2028,posts/2028-02-10-educacion-al-empezar-las-clases-de-2028,en el sitio (adelanto del plan),social.png ig_1.png ig_2.png
2028-02-14,Mujeres en el Estado: cuántas son en 2028,posts/2028-02-14-mujeres-en-el-estado-cuantas-son-en-2028,en el sitio (adelanto del plan),social.png ig_1.png
2028-02-17,SITUCAP N.º 17 · Diciembre de 2027,situcap/ediciones/2027-12,programada,social.png ig_1.png ig_2.png ig_3.png
2028-02-21,Cuántas instituciones reportan sus datos (2028),posts/2028-02-21-cuantas-instituciones-reportan-sus-datos-2028,en el sitio (adelanto del plan),social.png ig_1.png
2028-02-24,San Pedro: la gobernación y las municipalidades por dentro,posts/2028-02-24-san-pedro-la-gobernacion-y-las-municipalidades-por-dentro,en el sitio (adelanto del plan),social.png ig_1.png
2028-02-28,La institución de la semana: Ministerio de Defensa Nacional,posts/2028-02-28-la-institucion-de-la-semana-ministerio-de-defensa-nacional,en el sitio (adelanto del plan),social.png ig_1.png
2028-03-02,La deriva salarial: cuánto se paga además del sueldo básico,posts/2028-03-02-la-deriva-salarial-cuanto-se-paga-ademas-del-sueldo,en el sitio (adelanto del plan),social.png ig_1.png
2028-03-06,La brecha salarial de género en un número (2028),posts/2028-03-06-la-brecha-salarial-de-genero-en-un-numero-2028,en el sitio (adelanto del plan),social.png ig_1.png
2028-03-09,ISSP del cuarto trimestre de 2027: los sueldos de los mismos cargos,posts/2028-03-09-issp-del-cuarto-trimestre-de-2027-los-sueldos-de,en el sitio (adelanto del plan),social.png ig_1.png
2028-03-13,8M 2028: las mujeres con discapacidad en el empleo público,posts/2028-03-13-8m-2028-las-mujeres-con-discapacidad-en-el-empleo,en el sitio (adelanto del plan),social.png ig_1.png
2028-03-16,SITUCAP N.º 18 · Enero de 2028,situcap/ediciones/2028-01,programada,social.png ig_1.png ig_2.png ig_3.png
2028-03-20,La institución de la semana: Ministerio Público,posts/2028-03-20-la-institucion-de-la-semana-ministerio-publico,en el sitio (adelanto del plan),social.png ig_1.png
2028-03-23,¿Hay un techo de cristal en el Estado? Medición 2028,posts/2028-03-23-hay-un-techo-de-cristal-en-el-estado-medicion,en el sitio (adelanto del plan),social.png ig_1.png ig_2.png
2028-03-27,"Objeto 142: contratación de personal de salud, quién lo paga y cuánto",posts/2028-03-27-objeto-142-contratacion-de-personal-de-salud-quien-lo,en el sitio (adelanto del plan),social.png ig_1.png
2028-03-30,Servicio civil del Ejecutivo: el último año en cifras,posts/2028-03-30-servicio-civil-del-ejecutivo-el-ultimo-ano-en-cifras,en el sitio (adelanto del plan),social.png ig_1.png
2028-04-03,"El Estado que recibe el próximo gobierno, en cinco cifras",posts/2028-04-03-el-estado-que-recibe-el-proximo-gobierno-en-cinco,en el sitio (adelanto del plan),social.png ig_1.png
2028-04-06,Informe de traspaso: el Estado de 2023 a 2028,posts/2028-04-06-informe-de-traspaso-el-estado-de-2023-a-2028,en el sitio (adelanto del plan),social.png ig_1.png ig_2.png
2028-04-10,La masa salarial del último trimestre (2028),posts/2028-04-10-la-masa-salarial-del-ultimo-trimestre-2028,en el sitio (adelanto del plan),social.png ig_1.png
2028-04-13,Masa salarial 2027: ¿más gente o mejores sueldos?,posts/2028-04-13-masa-salarial-2027-mas-gente-o-mejores-sueldos,en el sitio (adelanto del plan),
2028-04-17,La institución de la semana: ANDE,posts/2028-04-17-la-institucion-de-la-semana-ande,en el sitio (adelanto del plan),social.png ig_1.png
2028-04-20,SITUCAP N.º 19 · Febrero de 2028,situcap/ediciones/2028-02,programada,social.png ig_1.png ig_2.png ig_3.png
2028-04-24,La institución de la semana: Ministerio de Obras Públicas y Comunicaciones,posts/2028-04-24-la-institucion-de-la-semana-ministerio-de-obras-publicas,en el sitio (adelanto del plan),social.png ig_1.png
2028-04-27,¿Cuánto gana un docente? Edición 2028,posts/2028-04-27-cuanto-gana-un-docente-edicion-2028,en el sitio (adelanto del plan),social.png ig_1.png ig_2.png
2028-05-01,1 de mayo de 2028: cargos públicos con sueldo básico bajo el mínimo,posts/2028-05-01-1-de-mayo-de-2028-cargos-publicos-con-sueldo,en el sitio (adelanto del plan),social.png ig_1.png
2028-05-04,Monitor electoral II: los contratos después de votar,posts/2028-05-04-monitor-electoral-ii-los-contratos-despues-de-votar,en el sitio (adelanto del plan),social.png ig_1.png
2028-05-08,Las promociones policiales de 2028,posts/2028-05-08-las-promociones-policiales-de-2028,en el sitio (adelanto del plan),social.png ig_1.png
2028-05-11,Público y privado: los salarios por rama (2028),posts/2028-05-11-publico-y-privado-los-salarios-por-rama-2028,en el sitio (adelanto del plan),social.png ig_1.png ig_2.png
2028-05-15,La institución de la semana: Ministerio de la Defensa Pública,posts/2028-05-15-la-institucion-de-la-semana-ministerio-de-la-defensa,en el sitio (adelanto del plan),social.png ig_1.png
2028-05-18,SITUCAP N.º 20 · Marzo de 2028,situcap/ediciones/2028-03,programada,social.png ig_1.png ig_2.png ig_3.png
2028-05-22,"Objeto 133: bonificaciones, quién lo paga y cuánto",posts/2028-05-22-objeto-133-bonificaciones-quien-lo-paga-y-cuanto,en el sitio (adelanto del plan),social.png ig_1.png
2028-05-25,Cordillera: la gobernación y las municipalidades por dentro,posts/2028-05-25-cordillera-la-gobernacion-y-las-municipalidades-por-dentro,en el sitio (adelanto del plan),social.png ig_1.png
2028-05-29,La institución de la semana: Compañía Paraguaya de Comunicaciones S.A.,posts/2028-05-29-la-institucion-de-la-semana-compania-paraguaya-de-comunicaciones,en el sitio (adelanto del plan),social.png ig_1.png
2028-06-01,Compresión salarial: cuánto más gana la categoría más alta,posts/2028-06-01-compresion-salarial-cuanto-mas-gana-la-categoria-mas-alta,en el sitio (adelanto del plan),social.png ig_1.png
2028-06-05,Lo que va de 2028: vínculos y masa salarial,posts/2028-06-05-lo-que-va-de-2028-vinculos-y-masa-salarial,en el sitio (adelanto del plan),social.png ig_1.png
2028-06-08,ISSP del primer trimestre de 2028: los sueldos de los mismos cargos,posts/2028-06-08-issp-del-primer-trimestre-de-2028-los-sueldos-de,en el sitio (adelanto del plan),social.png ig_1.png
2028-06-12,La institución de la semana: Ministerio de Agricultura y Ganadería,posts/2028-06-12-la-institucion-de-la-semana-ministerio-de-agricultura-y,en el sitio (adelanto del plan),social.png ig_1.png
2028-06-15,SITUCAP N.º 21 · Abril de 2028,situcap/ediciones/2028-04,programada,social.png ig_1.png ig_2.png ig_3.png
2028-06-19,La institución de la semana: Empresa de Servicios Sanitarios del Paraguay S.A.,posts/2028-06-19-la-institucion-de-la-semana-empresa-de-servicios-sanitarios,en el sitio (adelanto del plan),social.png ig_1.png
2028-06-22,Contratados 2028: quiénes son y dónde están,posts/2028-06-22-contratados-2028-quienes-son-y-donde-estan,en el sitio (adelanto del plan),social.png ig_1.png ig_2.png
2028-06-26,"Objeto 136: bonificación por exposición al peligro, quién lo paga y cuánto",posts/2028-06-26-objeto-136-bonificacion-por-exposicion-al-peligro-quien-lo,en el sitio (adelanto del plan),social.png ig_1.png
2028-06-29,Guairá: la gobernación y las municipalidades por dentro,posts/2028-06-29-guaira-la-gobernacion-y-las-municipalidades-por-dentro,en el sitio (adelanto del plan),social.png ig_1.png
2028-07-03,El salario mínimo de 2028 y la remuneración pública,posts/2028-07-03-el-salario-minimo-de-2028-y-la-remuneracion-publica,en el sitio (adelanto del plan),social.png ig_1.png
2028-07-06,"Cinco años de gobierno, sector por sector",posts/2028-07-06-cinco-anos-de-gobierno-sector-por-sector,en el sitio (adelanto del plan),social.png ig_1.png
2028-07-10,El sueldo básico medio de un cargo público (2028),posts/2028-07-10-el-sueldo-basico-medio-de-un-cargo-publico-2028,en el sitio (adelanto del plan),social.png ig_1.png
2028-07-13,Poder Judicial: el último año en cifras,posts/2028-07-13-poder-judicial-el-ultimo-ano-en-cifras,en el sitio (adelanto del plan),social.png ig_1.png
2028-07-17,"La institución de la semana: Ministerio del Trabajo, Empleo y Seguridad Social",posts/2028-07-17-la-institucion-de-la-semana-ministerio-del-trabajo-empleo,en el sitio (adelanto del plan),social.png ig_1.png
2028-07-20,SITUCAP N.º 22 · Mayo de 2028,situcap/ediciones/2028-05,programada,social.png ig_1.png ig_2.png ig_3.png
2028-07-24,La institución de la semana: Dirección Nacional de Aeronáutica Civil,posts/2028-07-24-la-institucion-de-la-semana-direccion-nacional-de-aeronautica,en el sitio (adelanto del plan),social.png ig_1.png
2028-07-27,Caaguazú: la gobernación y las municipalidades por dentro,posts/2028-07-27-caaguazu-la-gobernacion-y-las-municipalidades-por-dentro,en el sitio (adelanto del plan),social.png ig_1.png
2028-07-31,La institución de la semana: Universidad Nacional del Este,posts/2028-07-31-la-institucion-de-la-semana-universidad-nacional-del-este,en el sitio (adelanto del plan),social.png ig_1.png
2028-08-03,Cambio de gobierno en tiempo real: los contratos de agosto,posts/2028-08-03-cambio-de-gobierno-en-tiempo-real-los-contratos-de,en el sitio (adelanto del plan),social.png ig_1.png
2028-08-07,El Estado el día del traspaso,posts/2028-08-07-el-estado-el-dia-del-traspaso,en el sitio (adelanto del plan),social.png ig_1.png
2028-08-10,Caazapá: la gobernación y las municipalidades por dentro,posts/2028-08-10-caazapa-la-gobernacion-y-las-municipalidades-por-dentro,en el sitio (adelanto del plan),social.png ig_1.png
2028-08-14,El Estado en un año: cuántos vínculos sumó (2028),posts/2028-08-14-el-estado-en-un-ano-cuantos-vinculos-sumo-2028,en el sitio (adelanto del plan),social.png ig_1.png
2028-08-17,SITUCAP N.º 23 · Junio de 2028,situcap/ediciones/2028-06,programada,social.png ig_1.png ig_2.png ig_3.png
2028-08-21,Qué mirar del Presupuesto 2029 en personal,posts/2028-08-21-que-mirar-del-presupuesto-2029-en-personal,en el sitio (adelanto del plan),social.png ig_1.png
2028-08-24,Entes autónomos y autárquicos: el último año en cifras,posts/2028-08-24-entes-autonomos-y-autarquicos-el-ultimo-ano-en-cifras,en el sitio (adelanto del plan),social.png ig_1.png
2028-08-28,"Objeto 144: jornales, quién lo paga y cuánto",posts/2028-08-28-objeto-144-jornales-quien-lo-paga-y-cuanto,en el sitio (adelanto del plan),social.png ig_1.png
2028-08-31,Itapúa: la gobernación y las municipalidades por dentro,posts/2028-08-31-itapua-la-gobernacion-y-las-municipalidades-por-dentro,en el sitio (adelanto del plan),social.png ig_1.png
2028-09-04,La masa salarial como porcentaje del PIB (2028),posts/2028-09-04-la-masa-salarial-como-porcentaje-del-pib-2028,en el sitio (adelanto del plan),social.png ig_1.png
2028-09-07,Presupuesto 2029: qué pide en personal,posts/2028-09-07-presupuesto-2029-que-pide-en-personal,en el sitio (adelanto del plan),social.png ig_1.png
2028-09-11,Vínculos públicos por cada 100 habitantes (2028),posts/2028-09-11-vinculos-publicos-por-cada-100-habitantes-2028,en el sitio (adelanto del plan),social.png ig_1.png
2028-09-14,ISSP del segundo trimestre de 2028: los sueldos de los mismos cargos,posts/2028-09-14-issp-del-segundo-trimestre-de-2028-los-sueldos-de,en el sitio (adelanto del plan),social.png ig_1.png
2028-09-18,La institución de la semana: Banco Nacional de Fomento (BNF),posts/2028-09-18-la-institucion-de-la-semana-banco-nacional-de-fomento,en el sitio (adelanto del plan),social.png ig_1.png
2028-09-21,SITUCAP N.º 24 · Julio de 2028,situcap/ediciones/2028-07,programada,social.png ig_1.png ig_2.png ig_3.png
2028-09-25,La institución de la semana: Universidad Nacional de Villarrica del Espíritu Santo,posts/2028-09-25-la-institucion-de-la-semana-universidad-nacional-de-villarrica,en el sitio (adelanto del plan),social.png ig_1.png
2028-09-28,La masa salarial en 2029: tres escenarios,posts/2028-09-28-la-masa-salarial-en-2029-tres-escenarios,en el sitio (adelanto del plan),social.png ig_1.png ig_2.png
2028-10-02,Los primeros contratos del nuevo gobierno,posts/2028-10-02-los-primeros-contratos-del-nuevo-gobierno,en el sitio (adelanto del plan),social.png ig_1.png
2028-10-05,Bonificaciones 2028: la parte del sueldo que no es sueldo,posts/2028-10-05-bonificaciones-2028-la-parte-del-sueldo-que-no-es,en el sitio (adelanto del plan),social.png ig_1.png ig_2.png
2028-10-09,¿Cuesta más un contrato o un cargo de planta? (2028),posts/2028-10-09-cuesta-mas-un-contrato-o-un-cargo-de-planta,en el sitio (adelanto del plan),social.png ig_1.png
2028-10-12,Rotación: las instituciones con más recambio de personas,posts/2028-10-12-rotacion-las-instituciones-con-mas-recambio-de-personas,en el sitio (adelanto del plan),social.png ig_1.png
2028-10-16,La institución de la semana: Ministerio de Economía y Finanzas,posts/2028-10-16-la-institucion-de-la-semana-ministerio-de-economia-y,en el sitio (adelanto del plan),social.png ig_1.png
2028-10-19,SITUCAP N.º 25 · Agosto de 2028,situcap/ediciones/2028-08,programada,social.png ig_1.png ig_2.png ig_3.png
2028-10-23,"Objeto 131: subsidio familiar, quién lo paga y cuánto",posts/2028-10-23-objeto-131-subsidio-familiar-quien-lo-paga-y-cuanto,en el sitio (adelanto del plan),social.png ig_1.png
2028-10-26,Presupuestado y pagado en 2028,posts/2028-10-26-presupuestado-y-pagado-en-2028,en el sitio (adelanto del plan),social.png ig_1.png ig_2.png
2028-10-30,La institución de la semana: Servicio Nacional de Calidad y Salud Animal,posts/2028-10-30-la-institucion-de-la-semana-servicio-nacional-de-calidad,en el sitio (adelanto del plan),social.png ig_1.png
2028-11-02,Los primeros 100 días: el empleo público,posts/2028-11-02-los-primeros-100-dias-el-empleo-publico,en el sitio (adelanto del plan),social.png ig_1.png
2028-11-06,¿Cuánto costaría un punto de reajuste en 2029?,posts/2028-11-06-cuanto-costaria-un-punto-de-reajuste-en-2029,en el sitio (adelanto del plan),social.png ig_1.png ig_2.png
2028-11-09,Presupuesto 2029: qué cambió el Congreso en personal,posts/2028-11-09-presupuesto-2029-que-cambio-el-congreso-en-personal,programada,social.png
2028-11-13,Las instituciones que más crecieron en el último año (2028),posts/2028-11-13-las-instituciones-que-mas-crecieron-en-el-ultimo-ano,en el sitio (adelanto del plan),social.png ig_1.png
2028-11-16,SITUCAP N.º 26 · Septiembre de 2028,situcap/ediciones/2028-09,programada,social.png ig_1.png ig_2.png ig_3.png
2028-11-20,La institución de la semana: Ministerio de Desarrollo Social,posts/2028-11-20-la-institucion-de-la-semana-ministerio-de-desarrollo-social,en el sitio (adelanto del plan),social.png ig_1.png
2028-11-23,Cómo usar el simulador de reajustes,posts/2028-11-23-como-usar-el-simulador-de-reajustes,en el sitio (adelanto del plan),social.png ig_1.png
2028-11-27,La institución de la semana: Universidad Nacional de Itapúa,posts/2028-11-27-la-institucion-de-la-semana-universidad-nacional-de-itapua,en el sitio (adelanto del plan),social.png ig_1.png
2028-11-30,Misiones: la gobernación y las municipalidades por dentro,posts/2028-11-30-misiones-la-gobernacion-y-las-municipalidades-por-dentro,en el sitio (adelanto del plan),social.png ig_1.png
2028-12-04,Aguinaldo 2028: cuánto costará,posts/2028-12-04-aguinaldo-2028-cuanto-costara,en el sitio (adelanto del plan),social.png ig_1.png
2028-12-07,Discapacidad 2028: ¿avanzó la cuota del 5%?,posts/2028-12-07-discapacidad-2028-avanzo-la-cuota-del-5,en el sitio (adelanto del plan),social.png ig_1.png ig_2.png
2028-12-11,2028 en masa salarial,posts/2028-12-11-2028-en-masa-salarial,en el sitio (adelanto del plan),social.png ig_1.png
2028-12-14,ISSP del tercer trimestre de 2028: los sueldos de los mismos cargos,posts/2028-12-14-issp-del-tercer-trimestre-de-2028-los-sueldos-de,en el sitio (adelanto del plan),social.png ig_1.png
2028-12-18,El dato de 2028: de dónde vino el crecimiento,posts/2028-12-18-el-dato-de-2028-de-donde-vino-el-crecimiento,en el sitio (adelanto del plan),social.png ig_1.png
2028-12-21,SITUCAP N.º 27 · Octubre de 2028,situcap/ediciones/2028-10,programada,social.png ig_1.png ig_2.png ig_3.png
2028-12-25,"Objeto 145: honorarios profesionales, quién lo paga y cuánto",posts/2028-12-25-objeto-145-honorarios-profesionales-quien-lo-paga-y-cuanto,en el sitio (adelanto del plan),social.png ig_1.png
2028-12-28,Anuario 2028: el empleo público en 12 gráficos,posts/2028-12-28-anuario-2028-el-empleo-publico-en-12-graficos,en el sitio (adelanto del plan),social.png ig_1.png ig_2.png ig_3.png
2029-01-01,El bache de enero de 2029,posts/2029-01-01-el-bache-de-enero-de-2029,en el sitio (adelanto del plan),social.png ig_1.png
2029-01-04,Balance 2028: el empleo público en 10 gráficos,posts/2029-01-04-balance-2028-el-empleo-publico-en-10-graficos,en el sitio (adelanto del plan),social.png ig_1.png ig_2.png ig_3.png
2029-01-08,Las instituciones que más cambiaron con el nuevo gobierno,posts/2029-01-08-las-instituciones-que-mas-cambiaron-con-el-nuevo-gobierno,en el sitio (adelanto del plan),social.png ig_1.png
2029-01-11,Las fichas por institución: cómo usarlas,posts/2029-01-11-las-fichas-por-institucion-como-usarlas,en el sitio (adelanto del plan),social.png ig_1.png
2029-01-15,Cuánto costó el aguinaldo de 2028,posts/2029-01-15-cuanto-costo-el-aguinaldo-de-2028,en el sitio (adelanto del plan),social.png ig_1.png
2029-01-18,SITUCAP N.º 28 · Noviembre de 2028,situcap/ediciones/2028-11,programada,social.png ig_1.png ig_2.png ig_3.png
2029-01-22,La institución de la semana: Administración Nacional de Navegación y Puertos,posts/2029-01-22-la-institucion-de-la-semana-administracion-nacional-de-navegacion,en el sitio (adelanto del plan),social.png ig_1.png
2029-01-25,Gobiernos departamentales: el último año en cifras,posts/2029-01-25-gobiernos-departamentales-el-ultimo-ano-en-cifras,en el sitio (adelanto del plan),social.png ig_1.png
2029-01-29,La institución de la semana: Universidad Nacional de Caaguazú,posts/2029-01-29-la-institucion-de-la-semana-universidad-nacional-de-caaguazu,en el sitio (adelanto del plan),social.png ig_1.png
2029-02-01,Educación al empezar las clases de 2029,posts/2029-02-01-educacion-al-empezar-las-clases-de-2029,en el sitio (adelanto del plan),social.png ig_1.png ig_2.png
2029-02-05,Seis meses de gobierno: el empleo público,posts/2029-02-05-seis-meses-de-gobierno-el-empleo-publico,en el sitio (adelanto del plan),social.png ig_1.png
2029-02-08,Paraguarí: la gobernación y las municipalidades por dentro,posts/2029-02-08-paraguari-la-gobernacion-y-las-municipalidades-por-dentro,en el sitio (adelanto del plan),social.png ig_1.png
2029-02-12,Mujeres en el Estado: cuántas son en 2029,posts/2029-02-12-mujeres-en-el-estado-cuantas-son-en-2029,en el sitio (adelanto del plan),social.png ig_1.png
2029-02-15,SITUCAP N.º 29 · Diciembre de 2028,situcap/ediciones/2028-12,programada,social.png ig_1.png ig_2.png ig_3.png
2029-02-19,Cuántas instituciones reportan sus datos (2029),posts/2029-02-19-cuantas-instituciones-reportan-sus-datos-2029,en el sitio (adelanto del plan),social.png ig_1.png
2029-02-22,Alto Paraná: la gobernación y las municipalidades por dentro,posts/2029-02-22-alto-parana-la-gobernacion-y-las-municipalidades-por-dentro,en el sitio (adelanto del plan),social.png ig_1.png
2029-02-26,La institución de la semana: Ministerio de Relaciones Exteriores,posts/2029-02-26-la-institucion-de-la-semana-ministerio-de-relaciones-exteriores,en el sitio (adelanto del plan),social.png ig_1.png
2029-03-01,Techo de cristal: ¿se movió en diez años?,posts/2029-03-01-techo-de-cristal-se-movio-en-diez-anos,en el sitio (adelanto del plan),social.png ig_1.png
2029-03-05,La brecha salarial de género en un número (2029),posts/2029-03-05-la-brecha-salarial-de-genero-en-un-numero-2029,en el sitio (adelanto del plan),social.png ig_1.png
2029-03-08,ISSP del cuarto trimestre de 2028: los sueldos de los mismos cargos,posts/2029-03-08-issp-del-cuarto-trimestre-de-2028-los-sueldos-de,en el sitio (adelanto del plan),social.png ig_1.png
2029-03-12,8M 2029: las mujeres con discapacidad en el empleo público,posts/2029-03-12-8m-2029-las-mujeres-con-discapacidad-en-el-empleo,en el sitio (adelanto del plan),social.png ig_1.png
2029-03-15,SITUCAP N.º 30 · Enero de 2029,situcap/ediciones/2029-01,programada,social.png ig_1.png ig_2.png ig_3.png
2029-03-19,"Objeto 123: remuneración extraordinaria, quién lo paga y cuánto",posts/2029-03-19-objeto-123-remuneracion-extraordinaria-quien-lo-paga-y-cuanto,en el sitio (adelanto del plan),social.png ig_1.png
2029-03-22,Empresas públicas: el último año en cifras,posts/2029-03-22-empresas-publicas-el-ultimo-ano-en-cifras,en el sitio (adelanto del plan),social.png ig_1.png
2029-03-26,La institución de la semana: Contraloría General de la República,posts/2029-03-26-la-institucion-de-la-semana-contraloria-general-de-la,en el sitio (adelanto del plan),social.png ig_1.png
2029-03-29,Central: la gobernación y las municipalidades por dentro,posts/2029-03-29-central-la-gobernacion-y-las-municipalidades-por-dentro,en el sitio (adelanto del plan),social.png ig_1.png
2029-04-02,El índice de sueldos de los docentes,posts/2029-04-02-el-indice-de-sueldos-de-los-docentes,en el sitio (adelanto del plan),social.png ig_1.png
2029-04-05,Masa salarial 2028: ¿más gente o mejores sueldos?,posts/2029-04-05-masa-salarial-2028-mas-gente-o-mejores-sueldos,en el sitio (adelanto del plan),
2029-04-09,La masa salarial del último trimestre (2029),posts/2029-04-09-la-masa-salarial-del-ultimo-trimestre-2029,en el sitio (adelanto del plan),social.png ig_1.png
2029-04-12,¿Cuánto gana un docente? Edición 2029,posts/2029-04-12-cuanto-gana-un-docente-edicion-2029,en el sitio (adelanto del plan),social.png ig_1.png ig_2.png
2029-04-16,La institución de la semana: Industria Nacional del Cemento,posts/2029-04-16-la-institucion-de-la-semana-industria-nacional-del-cemento,en el sitio (adelanto del plan),social.png ig_1.png
2029-04-19,SITUCAP N.º 31 · Febrero de 2029,situcap/ediciones/2029-02,programada,social.png ig_1.png ig_2.png ig_3.png
2029-04-23,La institución de la semana: Universidad Nacional de Pilar,posts/2029-04-23-la-institucion-de-la-semana-universidad-nacional-de-pilar,en el sitio (adelanto del plan),social.png ig_1.png
2029-04-26,Ñeembucú: la gobernación y las municipalidades por dentro,posts/2029-04-26-neembucu-la-gobernacion-y-las-municipalidades-por-dentro,en el sitio (adelanto del plan),social.png ig_1.png
2029-04-30,"Objeto 125: remuneración adicional, quién lo paga y cuánto",posts/2029-04-30-objeto-125-remuneracion-adicional-quien-lo-paga-y-cuanto,en el sitio (adelanto del plan),social.png ig_1.png
2029-05-03,El explorador de datos: tres preguntas en un minuto,posts/2029-05-03-el-explorador-de-datos-tres-preguntas-en-un-minuto,en el sitio (adelanto del plan),social.png ig_1.png
2029-05-07,1 de mayo de 2029: cargos públicos con sueldo básico bajo el mínimo,posts/2029-05-07-1-de-mayo-de-2029-cargos-publicos-con-sueldo,en el sitio (adelanto del plan),social.png ig_1.png
2029-05-10,Salud: diez años de contratos,posts/2029-05-10-salud-diez-anos-de-contratos,en el sitio (adelanto del plan),social.png ig_1.png
2029-05-14,Las promociones policiales de 2029,posts/2029-05-14-las-promociones-policiales-de-2029,en el sitio (adelanto del plan),social.png ig_1.png
2029-05-17,SITUCAP N.º 32 · Marzo de 2029,situcap/ediciones/2029-03,programada,social.png ig_1.png ig_2.png ig_3.png
2029-05-21,La institución de la semana: Dirección Nacional de Correos del Paraguay,posts/2029-05-21-la-institucion-de-la-semana-direccion-nacional-de-correos,en el sitio (adelanto del plan),social.png ig_1.png
2029-05-24,Público y privado: los salarios por rama (2029),posts/2029-05-24-publico-y-privado-los-salarios-por-rama-2029,en el sitio (adelanto del plan),social.png ig_1.png ig_2.png
2029-05-28,La institución de la semana: Banco Central del Paraguay,posts/2029-05-28-la-institucion-de-la-semana-banco-central-del-paraguay,en el sitio (adelanto del plan),social.png ig_1.png
2029-05-31,Poder Legislativo: el último año en cifras,posts/2029-05-31-poder-legislativo-el-ultimo-ano-en-cifras,en el sitio (adelanto del plan),social.png ig_1.png
2029-06-04,Lo que va de 2029: vínculos y masa salarial,posts/2029-06-04-lo-que-va-de-2029-vinculos-y-masa-salarial,en el sitio (adelanto del plan),social.png ig_1.png
2029-06-07,La ley de la función pública a cuatro años (I): lo que muestran los datos,posts/2029-06-07-la-ley-de-la-funcion-publica-a-cuatro-anos,en el sitio (adelanto del plan),social.png ig_1.png
2029-06-11,La institución de la semana: Ministerio de la Niñez y la Adolescencia,posts/2029-06-11-la-institucion-de-la-semana-ministerio-de-la-ninez,en el sitio (adelanto del plan),social.png ig_1.png
2029-06-14,ISSP del primer trimestre de 2029: los sueldos de los mismos cargos,posts/2029-06-14-issp-del-primer-trimestre-de-2029-los-sueldos-de,en el sitio (adelanto del plan),social.png ig_1.png
2029-06-18,"Objeto 137: gratificaciones por servicios especiales, quién lo paga y cuánto",posts/2029-06-18-objeto-137-gratificaciones-por-servicios-especiales-quien-lo-paga,en el sitio (adelanto del plan),social.png ig_1.png
2029-06-21,SITUCAP N.º 33 · Abril de 2029,situcap/ediciones/2029-04,programada,social.png ig_1.png ig_2.png ig_3.png
2029-06-25,La institución de la semana: Petróleos Paraguayos,posts/2029-06-25-la-institucion-de-la-semana-petroleos-paraguayos,en el sitio (adelanto del plan),social.png ig_1.png
2029-06-28,Contratados 2029: quiénes son y dónde están,posts/2029-06-28-contratados-2029-quienes-son-y-donde-estan,en el sitio (adelanto del plan),social.png ig_1.png ig_2.png
2029-07-02,El salario mínimo de 2029 y la remuneración pública,posts/2029-07-02-el-salario-minimo-de-2029-y-la-remuneracion-publica,en el sitio (adelanto del plan),social.png ig_1.png
2029-07-05,"La ley de la función pública a cuatro años (II): contratos, planta y escalas",posts/2029-07-05-la-ley-de-la-funcion-publica-a-cuatro-anos,en el sitio (adelanto del plan),social.png ig_1.png
2029-07-09,El sueldo básico medio de un cargo público (2029),posts/2029-07-09-el-sueldo-basico-medio-de-un-cargo-publico-2029,en el sitio (adelanto del plan),social.png ig_1.png
2029-07-12,Amambay: la gobernación y las municipalidades por dentro,posts/2029-07-12-amambay-la-gobernacion-y-las-municipalidades-por-dentro,en el sitio (adelanto del plan),social.png ig_1.png
2029-07-16,La institución de la semana: Universidad Nacional de Concepción,posts/2029-07-16-la-institucion-de-la-semana-universidad-nacional-de-concepcion,en el sitio (adelanto del plan),social.png ig_1.png
2029-07-19,SITUCAP N.º 34 · Mayo de 2029,situcap/ediciones/2029-05,programada,social.png ig_1.png ig_2.png ig_3.png
2029-07-23,La institución de la semana: Ministerio de Urbanismo Vivienda y Hábitat,posts/2029-07-23-la-institucion-de-la-semana-ministerio-de-urbanismo-vivienda,en el sitio (adelanto del plan),social.png ig_1.png
2029-07-26,Canindeyú: la gobernación y las municipalidades por dentro,posts/2029-07-26-canindeyu-la-gobernacion-y-las-municipalidades-por-dentro,en el sitio (adelanto del plan),social.png ig_1.png
2029-07-30,"Objeto 122: gastos de residencia, quién lo paga y cuánto",posts/2029-07-30-objeto-122-gastos-de-residencia-quien-lo-paga-y,en el sitio (adelanto del plan),social.png ig_1.png
2029-08-02,Un año de gobierno frente a los dos anteriores,posts/2029-08-02-un-ano-de-gobierno-frente-a-los-dos-anteriores,en el sitio (adelanto del plan),social.png ig_1.png
2029-08-06,El Estado en un año: cuántos vínculos sumó (2029),posts/2029-08-06-el-estado-en-un-ano-cuantos-vinculos-sumo-2029,en el sitio (adelanto del plan),social.png ig_1.png
2029-08-09,SA del Estado: el último año en cifras,posts/2029-08-09-sa-del-estado-el-ultimo-ano-en-cifras,en el sitio (adelanto del plan),social.png ig_1.png
2029-08-13,Qué mirar del Presupuesto 2030 en personal,posts/2029-08-13-que-mirar-del-presupuesto-2030-en-personal,en el sitio (adelanto del plan),social.png ig_1.png
2029-08-16,SITUCAP N.º 35 · Junio de 2029,situcap/ediciones/2029-06,programada,social.png ig_1.png ig_2.png ig_3.png
2029-08-20,La institución de la semana: Instituto Nacional de Estadísticas,posts/2029-08-20-la-institucion-de-la-semana-instituto-nacional-de-estadisticas,en el sitio (adelanto del plan),social.png ig_1.png
2029-08-23,Presidente Hayes: la gobernación y las municipalidades por dentro,posts/2029-08-23-presidente-hayes-la-gobernacion-y-las-municipalidades-por-dentro,en el sitio (adelanto del plan),social.png ig_1.png
2029-08-27,La institución de la semana: Instituto Paraguayo de Tecnología Agraria,posts/2029-08-27-la-institucion-de-la-semana-instituto-paraguayo-de-tecnologia,en el sitio (adelanto del plan),social.png ig_1.png
2029-08-30,Boquerón: la gobernación y las municipalidades por dentro,posts/2029-08-30-boqueron-la-gobernacion-y-las-municipalidades-por-dentro,en el sitio (adelanto del plan),social.png ig_1.png
2029-09-03,La masa salarial como porcentaje del PIB (2029),posts/2029-09-03-la-masa-salarial-como-porcentaje-del-pib-2029,en el sitio (adelanto del plan),social.png ig_1.png
2029-09-06,Presupuesto 2030: qué pide en personal,posts/2029-09-06-presupuesto-2030-que-pide-en-personal,en el sitio (adelanto del plan),social.png ig_1.png
2029-09-10,Vínculos públicos por cada 100 habitantes (2029),posts/2029-09-10-vinculos-publicos-por-cada-100-habitantes-2029,en el sitio (adelanto del plan),social.png ig_1.png
2029-09-13,ISSP del segundo trimestre de 2029: los sueldos de los mismos cargos,posts/2029-09-13-issp-del-segundo-trimestre-de-2029-los-sueldos-de,en el sitio (adelanto del plan),social.png ig_1.png
2029-09-17,La institución de la semana: Servicio Nacional de Calidad Vegetal y de Semilla,posts/2029-09-17-la-institucion-de-la-semana-servicio-nacional-de-calidad,en el sitio (adelanto del plan),social.png ig_1.png
2029-09-20,SITUCAP N.º 36 · Julio de 2029,situcap/ediciones/2029-07,programada,social.png ig_1.png ig_2.png ig_3.png
2029-09-24,La institución de la semana: Dirección Nacional de Migraciones,posts/2029-09-24-la-institucion-de-la-semana-direccion-nacional-de-migraciones,en el sitio (adelanto del plan),social.png ig_1.png
2029-09-27,La masa salarial en 2030: tres escenarios,posts/2029-09-27-la-masa-salarial-en-2030-tres-escenarios,en el sitio (adelanto del plan),social.png ig_1.png ig_2.png
2029-10-01,¿Cuesta más un contrato o un cargo de planta? (2029),posts/2029-10-01-cuesta-mas-un-contrato-o-un-cargo-de-planta,en el sitio (adelanto del plan),social.png ig_1.png
2029-10-04,Bonificaciones 2029: la parte del sueldo que no es sueldo,posts/2029-10-04-bonificaciones-2029-la-parte-del-sueldo-que-no-es,en el sitio (adelanto del plan),social.png ig_1.png ig_2.png
2029-10-08,Las instituciones que más crecieron en el último año (2029),posts/2029-10-08-las-instituciones-que-mas-crecieron-en-el-ultimo-ano,en el sitio (adelanto del plan),social.png ig_1.png
2029-10-11,Gobernaciones y municipalidades a mitad de mandato,posts/2029-10-11-gobernaciones-y-municipalidades-a-mitad-de-mandato,en el sitio (adelanto del plan),social.png ig_1.png
2029-10-15,La institución de la semana: Instituto Nacional de Desarrollo Rural y de la Tierra,posts/2029-10-15-la-institucion-de-la-semana-instituto-nacional-de-desarrollo,en el sitio (adelanto del plan),social.png ig_1.png
2029-10-18,SITUCAP N.º 37 · Agosto de 2029,situcap/ediciones/2029-08,programada,social.png ig_1.png ig_2.png ig_3.png
2029-10-22,La institución de la semana: SENADIS,posts/2029-10-22-la-institucion-de-la-semana-senadis,en el sitio (adelanto del plan),social.png ig_1.png
2029-10-25,Presupuestado y pagado en 2029,posts/2029-10-25-presupuestado-y-pagado-en-2029,en el sitio (adelanto del plan),social.png ig_1.png ig_2.png
2029-10-29,La institución de la semana: Secretaría Nacional Antidrogas,posts/2029-10-29-la-institucion-de-la-semana-secretaria-nacional-antidrogas,en el sitio (adelanto del plan),social.png ig_1.png
2029-11-01,Calidad de datos: el primer informe anual,posts/2029-11-01-calidad-de-datos-el-primer-informe-anual,en el sitio (adelanto del plan),social.png ig_1.png
2029-11-05,Instituciones que reportan con atraso,posts/2029-11-05-instituciones-que-reportan-con-atraso,en el sitio (adelanto del plan),social.png ig_1.png
2029-11-08,Presupuesto 2030: qué cambió el Congreso en personal,posts/2029-11-08-presupuesto-2030-que-cambio-el-congreso-en-personal,programada,social.png
2029-11-12,¿Cuánto costaría un punto de reajuste en 2030?,posts/2029-11-12-cuanto-costaria-un-punto-de-reajuste-en-2030,en el sitio (adelanto del plan),social.png ig_1.png ig_2.png
2029-11-15,SITUCAP N.º 38 · Septiembre de 2029,situcap/ediciones/2029-09,programada,social.png ig_1.png ig_2.png ig_3.png
2029-11-19,La institución de la semana: Crédito Agrícola de Habilitación,posts/2029-11-19-la-institucion-de-la-semana-credito-agricola-de-habilitacion,en el sitio (adelanto del plan),social.png ig_1.png
2029-11-22,Estado del capital humano público: el informe anual,posts/2029-11-22-estado-del-capital-humano-publico-el-informe-anual,en el sitio (adelanto del plan),social.png ig_1.png
2029-11-26,La institución de la semana: Ministerio del Ambiente y Desarrollo Sostenible,posts/2029-11-26-la-institucion-de-la-semana-ministerio-del-ambiente-y,en el sitio (adelanto del plan),social.png ig_1.png
2029-11-29,Otros organismos: el último año en cifras,posts/2029-11-29-otros-organismos-el-ultimo-ano-en-cifras,en el sitio (adelanto del plan),social.png ig_1.png
2029-12-03,Aguinaldo 2029: cuánto costará,posts/2029-12-03-aguinaldo-2029-cuanto-costara,en el sitio (adelanto del plan),social.png ig_1.png
2029-12-06,Discapacidad 2029: ¿avanzó la cuota del 5%?,posts/2029-12-06-discapacidad-2029-avanzo-la-cuota-del-5,en el sitio (adelanto del plan),social.png ig_1.png ig_2.png
2029-12-10,2029 en masa salarial,posts/2029-12-10-2029-en-masa-salarial,en el sitio (adelanto del plan),social.png ig_1.png
2029-12-13,ISSP del tercer trimestre de 2029: los sueldos de los mismos cargos,posts/2029-12-13-issp-del-tercer-trimestre-de-2029-los-sueldos-de,en el sitio (adelanto del plan),social.png ig_1.png
2029-12-17,El dato de 2029: de dónde vino el crecimiento,posts/2029-12-17-el-dato-de-2029-de-donde-vino-el-crecimiento,en el sitio (adelanto del plan),social.png ig_1.png
2029-12-20,SITUCAP N.º 39 · Octubre de 2029,situcap/ediciones/2029-10,programada,social.png ig_1.png ig_2.png ig_3.png
2029-12-24,La institución de la semana: Ministerio de Tecnologías de la Información y Comunicación,posts/2029-12-24-la-institucion-de-la-semana-ministerio-de-tecnologias-de,en el sitio (adelanto del plan),social.png ig_1.png
2029-12-27,Anuario 2029: el empleo público en 12 gráficos,posts/2029-12-27-anuario-2029-el-empleo-publico-en-12-graficos,en el sitio (adelanto del plan),social.png ig_1.png ig_2.png ig_3.png
2029-12-31,La institución de la semana: Instituto Forestal Nacional,posts/2029-12-31-la-institucion-de-la-semana-instituto-forestal-nacional,en el sitio (adelanto del plan),social.png ig_1.png
2030-01-03,Balance 2029: el empleo público en 10 gráficos,posts/2030-01-03-balance-2029-el-empleo-publico-en-10-graficos,en el sitio (adelanto del plan),social.png ig_1.png ig_2.png ig_3.png
2030-01-07,El bache de enero de 2030,posts/2030-01-07-el-bache-de-enero-de-2030,en el sitio (adelanto del plan),social.png ig_1.png
2030-01-10,Quince años de datos: el Estado entero,posts/2030-01-10-quince-anos-de-datos-el-estado-entero,en el sitio (adelanto del plan),social.png ig_1.png ig_2.png
2030-01-14,El Estado de hoy frente al de 2015,posts/2030-01-14-el-estado-de-hoy-frente-al-de-2015,en el sitio (adelanto del plan),social.png ig_1.png
2030-01-17,SITUCAP N.º 40 · Noviembre de 2029,situcap/ediciones/2029-11,programada,social.png ig_1.png ig_2.png ig_3.png
2030-01-21,Cuánto costó el aguinaldo de 2029,posts/2030-01-21-cuanto-costo-el-aguinaldo-de-2029,en el sitio (adelanto del plan),social.png ig_1.png
2030-01-24,Alto Paraguay: la gobernación y las municipalidades por dentro,posts/2030-01-24-alto-paraguay-la-gobernacion-y-las-municipalidades-por-dentro,en el sitio (adelanto del plan),social.png ig_1.png
2030-01-28,La institución de la semana: Ministerio de Industria y Comercio,posts/2030-01-28-la-institucion-de-la-semana-ministerio-de-industria-y,en el sitio (adelanto del plan),social.png ig_1.png
2030-01-31,Salud: el último año en cifras,posts/2030-01-31-salud-el-ultimo-ano-en-cifras,en el sitio (adelanto del plan),social.png ig_1.png
2030-02-04,Mujeres en el Estado: cuántas son en 2030,posts/2030-02-04-mujeres-en-el-estado-cuantas-son-en-2030,en el sitio (adelanto del plan),social.png ig_1.png
2030-02-07,Quince años de datos: Educación,posts/2030-02-07-quince-anos-de-datos-educacion,en el sitio (adelanto del plan),social.png ig_1.png ig_2.png
2030-02-11,Cuántas instituciones reportan sus datos (2030),posts/2030-02-11-cuantas-instituciones-reportan-sus-datos-2030,en el sitio (adelanto del plan),social.png ig_1.png
2030-02-14,Educación al empezar las clases de 2030,posts/2030-02-14-educacion-al-empezar-las-clases-de-2030,en el sitio (adelanto del plan),social.png ig_1.png ig_2.png
2030-02-18,La institución de la semana: Dirección Nacional de Transporte,posts/2030-02-18-la-institucion-de-la-semana-direccion-nacional-de-transporte,en el sitio (adelanto del plan),social.png ig_1.png
2030-02-21,SITUCAP N.º 41 · Diciembre de 2029,situcap/ediciones/2029-12,programada,social.png ig_1.png ig_2.png ig_3.png
2030-02-25,La institución de la semana: Instituto Nacional de Tecnología y Normalización,posts/2030-02-25-la-institucion-de-la-semana-instituto-nacional-de-tecnologia,en el sitio (adelanto del plan),social.png ig_1.png
2030-02-28,Fuerzas públicas: el último año en cifras,posts/2030-02-28-fuerzas-publicas-el-ultimo-ano-en-cifras,en el sitio (adelanto del plan),social.png ig_1.png
2030-03-04,La brecha salarial de género en un número (2030),posts/2030-03-04-la-brecha-salarial-de-genero-en-un-numero-2030,en el sitio (adelanto del plan),social.png ig_1.png
2030-03-07,Quince años de datos: género,posts/2030-03-07-quince-anos-de-datos-genero,en el sitio (adelanto del plan),social.png ig_1.png
2030-03-11,8M 2030: las mujeres con discapacidad en el empleo público,posts/2030-03-11-8m-2030-las-mujeres-con-discapacidad-en-el-empleo,en el sitio (adelanto del plan),social.png ig_1.png
2030-03-14,ISSP del cuarto trimestre de 2029: los sueldos de los mismos cargos,posts/2030-03-14-issp-del-cuarto-trimestre-de-2029-los-sueldos-de,en el sitio (adelanto del plan),social.png ig_1.png
2030-03-18,La institución de la semana: Jurado de Enjuiciamiento de Magistrados,posts/2030-03-18-la-institucion-de-la-semana-jurado-de-enjuiciamiento-de,en el sitio (adelanto del plan),social.png ig_1.png
2030-03-21,SITUCAP N.º 42 · Enero de 2030,situcap/ediciones/2030-01,programada,social.png ig_1.png ig_2.png ig_3.png
2030-03-25,La institución de la semana: Comisión Nacional de Telecomunicaciones,posts/2030-03-25-la-institucion-de-la-semana-comision-nacional-de-telecomunicaciones,en el sitio (adelanto del plan),social.png ig_1.png
2030-03-28,¿Hay un techo de cristal en el Estado? Medición 2030,posts/2030-03-28-hay-un-techo-de-cristal-en-el-estado-medicion,en el sitio (adelanto del plan),social.png ig_1.png ig_2.png
2030-04-01,La masa salarial como porcentaje del PIB (2030),posts/2030-04-01-la-masa-salarial-como-porcentaje-del-pib-2030,en el sitio (adelanto del plan),social.png ig_1.png
2030-04-04,Masa salarial 2029: ¿más gente o mejores sueldos?,posts/2030-04-04-masa-salarial-2029-mas-gente-o-mejores-sueldos,en el sitio (adelanto del plan),
2030-04-08,La masa salarial del último trimestre (2030),posts/2030-04-08-la-masa-salarial-del-ultimo-trimestre-2030,en el sitio (adelanto del plan),social.png ig_1.png
2030-04-11,¿Cuánto gana un docente? Edición 2030,posts/2030-04-11-cuanto-gana-un-docente-edicion-2030,en el sitio (adelanto del plan),social.png ig_1.png ig_2.png
2030-04-15,La institución de la semana: Ministerio del Interior,posts/2030-04-15-la-institucion-de-la-semana-ministerio-del-interior,en el sitio (adelanto del plan),social.png ig_1.png
2030-04-18,SITUCAP N.º 43 · Febrero de 2030,situcap/ediciones/2030-02,programada,social.png ig_1.png ig_2.png ig_3.png
2030-04-22,La institución de la semana: Instituto Nacional de Educación Superior,posts/2030-04-22-la-institucion-de-la-semana-instituto-nacional-de-educacion,en el sitio (adelanto del plan),social.png ig_1.png
2030-04-25,Educación: el último año en cifras,posts/2030-04-25-educacion-el-ultimo-ano-en-cifras,en el sitio (adelanto del plan),social.png ig_1.png
2030-04-29,La institución de la semana: Gabinete Civil,posts/2030-04-29-la-institucion-de-la-semana-gabinete-civil,en el sitio (adelanto del plan),social.png ig_1.png
2030-05-02,Quince años de datos: Salud,posts/2030-05-02-quince-anos-de-datos-salud,en el sitio (adelanto del plan),social.png ig_1.png ig_2.png
2030-05-06,Quince años de salario mínimo y sueldo básico público,posts/2030-05-06-quince-anos-de-salario-minimo-y-sueldo-basico-publico,en el sitio (adelanto del plan),social.png ig_1.png
2030-05-09,Público y privado: los salarios por rama (2030),posts/2030-05-09-publico-y-privado-los-salarios-por-rama-2030,en el sitio (adelanto del plan),social.png ig_1.png ig_2.png
2030-05-13,1 de mayo de 2030: cargos públicos con sueldo básico bajo el mínimo,posts/2030-05-13-1-de-mayo-de-2030-cargos-publicos-con-sueldo,en el sitio (adelanto del plan),social.png ig_1.png
2030-05-16,SITUCAP N.º 44 · Marzo de 2030,situcap/ediciones/2030-03,programada,social.png ig_1.png ig_2.png ig_3.png
2030-05-20,La institución de la semana: Universidad Nacional de Misiones,posts/2030-05-20-la-institucion-de-la-semana-universidad-nacional-de-misiones,en el sitio (adelanto del plan),social.png ig_1.png
2030-05-23,Municipalidades: el último año en cifras,posts/2030-05-23-municipalidades-el-ultimo-ano-en-cifras,en el sitio (adelanto del plan),social.png ig_1.png
2030-05-27,La institución de la semana: Gobernación de Alto Paraná,posts/2030-05-27-la-institucion-de-la-semana-gobernacion-de-alto-parana,en el sitio (adelanto del plan),social.png ig_1.png
2030-05-30,Servicio civil del Ejecutivo: el último año en cifras,posts/2030-05-30-servicio-civil-del-ejecutivo-el-ultimo-ano-en-cifras,en el sitio (adelanto del plan),social.png ig_1.png
2030-06-03,Lo que va de 2030: vínculos y masa salarial,posts/2030-06-03-lo-que-va-de-2030-vinculos-y-masa-salarial,en el sitio (adelanto del plan),social.png ig_1.png
2030-06-06,Quince años de datos: Fuerzas públicas,posts/2030-06-06-quince-anos-de-datos-fuerzas-publicas,en el sitio (adelanto del plan),social.png ig_1.png ig_2.png
2030-06-10,La institución de la semana: Secretaría Nacional de Turismo,posts/2030-06-10-la-institucion-de-la-semana-secretaria-nacional-de-turismo,en el sitio (adelanto del plan),social.png ig_1.png
2030-06-13,ISSP del primer trimestre de 2030: los sueldos de los mismos cargos,posts/2030-06-13-issp-del-primer-trimestre-de-2030-los-sueldos-de,en el sitio (adelanto del plan),social.png ig_1.png
2030-06-17,La institución de la semana: Dirección Nacional de Contrataciones Públicas,posts/2030-06-17-la-institucion-de-la-semana-direccion-nacional-de-contrataciones,en el sitio (adelanto del plan),social.png ig_1.png
2030-06-20,SITUCAP N.º 45 · Abril de 2030,situcap/ediciones/2030-04,programada,social.png ig_1.png ig_2.png ig_3.png
2030-06-24,La institución de la semana: Consejo de la Magistratura,posts/2030-06-24-la-institucion-de-la-semana-consejo-de-la-magistratura,en el sitio (adelanto del plan),social.png ig_1.png
2030-06-27,Poder Judicial: el último año en cifras,posts/2030-06-27-poder-judicial-el-ultimo-ano-en-cifras,en el sitio (adelanto del plan),social.png ig_1.png
2030-07-01,El salario mínimo de 2030 y la remuneración pública,posts/2030-07-01-el-salario-minimo-de-2030-y-la-remuneracion-publica,en el sitio (adelanto del plan),social.png ig_1.png
2030-07-04,Contratados 2030: quiénes son y dónde están,posts/2030-07-04-contratados-2030-quienes-son-y-donde-estan,en el sitio (adelanto del plan),social.png ig_1.png ig_2.png
2030-07-08,El sueldo básico medio de un cargo público (2030),posts/2030-07-08-el-sueldo-basico-medio-de-un-cargo-publico-2030,en el sitio (adelanto del plan),social.png ig_1.png
2030-07-11,Entes autónomos y autárquicos: el último año en cifras,posts/2030-07-11-entes-autonomos-y-autarquicos-el-ultimo-ano-en-cifras,en el sitio (adelanto del plan),social.png ig_1.png
2030-07-15,La institución de la semana: Gobernación de Caaguazú,posts/2030-07-15-la-institucion-de-la-semana-gobernacion-de-caaguazu,en el sitio (adelanto del plan),social.png ig_1.png
2030-07-18,SITUCAP N.º 46 · Mayo de 2030,situcap/ediciones/2030-05,programada,social.png ig_1.png ig_2.png ig_3.png
2030-07-22,La institución de la semana: Gobernación de Itapúa,posts/2030-07-22-la-institucion-de-la-semana-gobernacion-de-itapua,en el sitio (adelanto del plan),social.png ig_1.png
2030-07-25,Gobiernos departamentales: el último año en cifras,posts/2030-07-25-gobiernos-departamentales-el-ultimo-ano-en-cifras,en el sitio (adelanto del plan),social.png ig_1.png
2030-07-29,La institución de la semana: Dirección Nacional de Vigilancia Sanitaria,posts/2030-07-29-la-institucion-de-la-semana-direccion-nacional-de-vigilancia,en el sitio (adelanto del plan),social.png ig_1.png
2030-08-01,Proyecciones 2030–2035: cuánto personal y cuánta masa salarial,posts/2030-08-01-proyecciones-20302035-cuanto-personal-y-cuanta-masa-salarial,en el sitio (adelanto del plan),social.png ig_1.png
2030-08-05,Municipalidades al final del mandato,posts/2030-08-05-municipalidades-al-final-del-mandato,en el sitio (adelanto del plan),social.png ig_1.png
2030-08-08,Empresas públicas: el último año en cifras,posts/2030-08-08-empresas-publicas-el-ultimo-ano-en-cifras,en el sitio (adelanto del plan),social.png ig_1.png
2030-08-12,El Estado en un año: cuántos vínculos sumó (2030),posts/2030-08-12-el-estado-en-un-ano-cuantos-vinculos-sumo-2030,en el sitio (adelanto del plan),social.png ig_1.png
2030-08-15,SITUCAP N.º 47 · Junio de 2030,situcap/ediciones/2030-06,programada,social.png ig_1.png ig_2.png ig_3.png
2030-08-19,Qué mirar del Presupuesto 2031 en personal,posts/2030-08-19-que-mirar-del-presupuesto-2031-en-personal,en el sitio (adelanto del plan),social.png ig_1.png
2030-08-22,Poder Legislativo: el último año en cifras,posts/2030-08-22-poder-legislativo-el-ultimo-ano-en-cifras,en el sitio (adelanto del plan),social.png ig_1.png
2030-08-26,La institución de la semana: Secretaría Nacional de Cultura,posts/2030-08-26-la-institucion-de-la-semana-secretaria-nacional-de-cultura,en el sitio (adelanto del plan),social.png ig_1.png
2030-08-29,SA del Estado: el último año en cifras,posts/2030-08-29-sa-del-estado-el-ultimo-ano-en-cifras,en el sitio (adelanto del plan),social.png ig_1.png
2030-09-02,Vínculos públicos por cada 100 habitantes (2030),posts/2030-09-02-vinculos-publicos-por-cada-100-habitantes-2030,en el sitio (adelanto del plan),social.png ig_1.png
2030-09-05,Presupuesto 2031: qué pide en personal,posts/2030-09-05-presupuesto-2031-que-pide-en-personal,en el sitio (adelanto del plan),social.png ig_1.png
2030-09-09,La institución de la semana: Gobernación de Guairá,posts/2030-09-09-la-institucion-de-la-semana-gobernacion-de-guaira,en el sitio (adelanto del plan),social.png ig_1.png
2030-09-12,ISSP del segundo trimestre de 2030: los sueldos de los mismos cargos,posts/2030-09-12-issp-del-segundo-trimestre-de-2030-los-sueldos-de,en el sitio (adelanto del plan),social.png ig_1.png
2030-09-16,La institución de la semana: Instituto Superior de Bellas Artes,posts/2030-09-16-la-institucion-de-la-semana-instituto-superior-de-bellas,en el sitio (adelanto del plan),social.png ig_1.png
2030-09-19,SITUCAP N.º 48 · Julio de 2030,situcap/ediciones/2030-07,programada,social.png ig_1.png ig_2.png ig_3.png
2030-09-23,La institución de la semana: Secretaría de Emergencia Nacional,posts/2030-09-23-la-institucion-de-la-semana-secretaria-de-emergencia-nacional,en el sitio (adelanto del plan),social.png ig_1.png
2030-09-26,La masa salarial en 2031: tres escenarios,posts/2030-09-26-la-masa-salarial-en-2031-tres-escenarios,en el sitio (adelanto del plan),social.png ig_1.png ig_2.png
2030-09-30,La institución de la semana: Defensoría del Pueblo,posts/2030-09-30-la-institucion-de-la-semana-defensoria-del-pueblo,en el sitio (adelanto del plan),social.png ig_1.png
2030-10-03,Bonificaciones 2030: la parte del sueldo que no es sueldo,posts/2030-10-03-bonificaciones-2030-la-parte-del-sueldo-que-no-es,en el sitio (adelanto del plan),social.png ig_1.png ig_2.png
2030-10-07,¿Cuesta más un contrato o un cargo de planta? (2030),posts/2030-10-07-cuesta-mas-un-contrato-o-un-cargo-de-planta,en el sitio (adelanto del plan),social.png ig_1.png
2030-10-10,Quince años de datos: las municipalidades,posts/2030-10-10-quince-anos-de-datos-las-municipalidades,en el sitio (adelanto del plan),social.png ig_1.png ig_2.png
2030-10-14,Municipalidades por dentro (2030),posts/2030-10-14-municipalidades-por-dentro-2030,en el sitio (adelanto del plan),
2030-10-17,SITUCAP N.º 49 · Agosto de 2030,situcap/ediciones/2030-08,programada,social.png ig_1.png ig_2.png ig_3.png
2030-10-21,La institución de la semana: Caja de Jubilaciones y Pensiones del Personal Municipal,posts/2030-10-21-la-institucion-de-la-semana-caja-de-jubilaciones-y,en el sitio (adelanto del plan),social.png ig_1.png
2030-10-24,Presupuestado y pagado en 2030,posts/2030-10-24-presupuestado-y-pagado-en-2030,en el sitio (adelanto del plan),social.png ig_1.png ig_2.png
2030-10-28,La institución de la semana: Instituto Nacional de Cooperativismo,posts/2030-10-28-la-institucion-de-la-semana-instituto-nacional-de-cooperativismo,en el sitio (adelanto del plan),social.png ig_1.png
2030-10-31,Otros organismos: el último año en cifras,posts/2030-10-31-otros-organismos-el-ultimo-ano-en-cifras,en el sitio (adelanto del plan),social.png ig_1.png
2030-11-04,Quince años de cuota de discapacidad,posts/2030-11-04-quince-anos-de-cuota-de-discapacidad,en el sitio (adelanto del plan),social.png ig_1.png
2030-11-07,Estado del capital humano público: el informe anual,posts/2030-11-07-estado-del-capital-humano-publico-el-informe-anual,en el sitio (adelanto del plan),social.png ig_1.png
2030-11-11,¿Cuánto costaría un punto de reajuste en 2031?,posts/2030-11-11-cuanto-costaria-un-punto-de-reajuste-en-2031,en el sitio (adelanto del plan),social.png ig_1.png ig_2.png
2030-11-14,Presupuesto 2031: qué cambió el Congreso en personal,posts/2030-11-14-presupuesto-2031-que-cambio-el-congreso-en-personal,programada,social.png
2030-11-18,La institución de la semana: Ministerio de la Mujer,posts/2030-11-18-la-institucion-de-la-semana-ministerio-de-la-mujer,en el sitio (adelanto del plan),social.png ig_1.png
2030-11-21,SITUCAP N.º 50 · Septiembre de 2030,situcap/ediciones/2030-09,programada,social.png ig_1.png ig_2.png ig_3.png
2030-11-25,La institución de la semana: Cañas Paraguayas S.A.,posts/2030-11-25-la-institucion-de-la-semana-canas-paraguayas-s-a,en el sitio (adelanto del plan),social.png ig_1.png
2030-11-28,Quince años de datos: el servicio civil,posts/2030-11-28-quince-anos-de-datos-el-servicio-civil,en el sitio (adelanto del plan),social.png ig_1.png ig_2.png
2030-12-02,Aguinaldo 2030: cuánto costará,posts/2030-12-02-aguinaldo-2030-cuanto-costara,en el sitio (adelanto del plan),social.png ig_1.png
2030-12-05,Discapacidad 2030: ¿avanzó la cuota del 5%?,posts/2030-12-05-discapacidad-2030-avanzo-la-cuota-del-5,en el sitio (adelanto del plan),social.png ig_1.png ig_2.png
2030-12-09,2030 en masa salarial,posts/2030-12-09-2030-en-masa-salarial,en el sitio (adelanto del plan),social.png ig_1.png
2030-12-12,ISSP del tercer trimestre de 2030: los sueldos de los mismos cargos,posts/2030-12-12-issp-del-tercer-trimestre-de-2030-los-sueldos-de,en el sitio (adelanto del plan),social.png ig_1.png
2030-12-16,El dato de 2030: de dónde vino el crecimiento,posts/2030-12-16-el-dato-de-2030-de-donde-vino-el-crecimiento,en el sitio (adelanto del plan),social.png ig_1.png
2030-12-19,SITUCAP N.º 51 · Octubre de 2030,situcap/ediciones/2030-10,programada,social.png ig_1.png ig_2.png ig_3.png
2030-12-23,La institución de la semana: Gobernación de Paraguarí,posts/2030-12-23-la-institucion-de-la-semana-gobernacion-de-paraguari,en el sitio (adelanto del plan),social.png ig_1.png
2030-12-26,Anuario 2030: diez preguntas para la próxima década,posts/2030-12-26-anuario-2030-diez-preguntas-para-la-proxima-decada,en el sitio (adelanto del plan),social.png ig_1.png
2030-12-30,La institución de la semana: Gobernación de Boquerón,posts/2030-12-30-la-institucion-de-la-semana-gobernacion-de-boqueron,en el sitio (adelanto del plan),social.png ig_1.png
