id,tipo,item,que_falta,mientras_tanto,se_completa_con,afecta,cuando
1,Dato periódico,Corte mensual del DW de SINARH y SICCA,"Los meses posteriores a agosto de 2026 (vínculos, masa salarial, categorías, discapacidad)","Las notas usan el último mes con datos; las que necesitan un mes futuro lo estiman (mismo mes del año anterior × crecimiento de los últimos 12 meses) y lo rotulan como estimación provisoria","Actualizar los Excel de data/raw/ y correr preparar_series.py, preparar_instituciones.py, preparar_issp.py y preparar_estimaciones.py","Todas las notas y productos; las 36 ediciones del SITUCAP 2027-11 a 2030-10",Cada mes
2,Dato periódico,Inflación interanual del mes (BCP),"data/manual/ipc_interanual.csv tiene hasta agosto de 2026","Las variaciones reales anuales usan el IPC promedio anual del BCP; las ediciones del SITUCAP esperan","Agregar una fila por mes a data/manual/ipc_interanual.csv (informe mensual de inflación del BCP)","SITUCAP, ISSP trimestral (variación real), «El año en masa salarial»",Cada mes
3,Nota que espera,Ediciones del SITUCAP N.º 16 a 51,"El corte del DW y el IPC de cada mes (dos meses antes de la publicación)","No se estiman: el SITUCAP es el reporte mensual de datos reales. Cada edición sale sola cuando llegan sus datos","Puntos 1 y 2","SITUCAP",Tercer jueves de cada mes
4,Dato anual,Proyecto de Presupuesto General de la Nación 2029 / 2030 / 2031 por institución (grupo 100),"data/manual/pgn_AAAA_servicios_personales.csv (codigo_nivel, codigo_entidad, codigo_oee, proyecto_AAAA)","Estimación provisoria rotulada: lo devengado por cada institución proyectado con el crecimiento nominal promedio de su sector en tres años","Proyecto que el MEF presenta al Congreso a más tardar el 1 de septiembre","«Presupuesto AAAA: qué pide en personal» (sept. 2028, 2029 y 2030)",Septiembre de cada año
5,Nota que espera,Ley de Presupuesto aprobada 2029 / 2030 / 2031 por institución,"data/manual/pgn_AAAA_aprobado.csv (codigo_nivel, codigo_entidad, codigo_oee, monto)","No se puede estimar qué cambia el Congreso: la nota espera","Ley del PGN publicada (MEF o Biblioteca del Congreso)","«Presupuesto AAAA: qué cambió el Congreso en personal» (nov. 2028, 2029 y 2030)",Diciembre–enero de cada año
6,Dato anual,PIB nominal de 2026 en adelante,"data/manual/pib_nominal.csv tiene hasta 2025","Estimación rotulada con el crecimiento nominal del año anterior","Cuentas nacionales del BCP (o la serie NY.GDP.MKTP.CN del Banco Mundial)","«La masa salarial como porcentaje del PIB», informe anual",Cada año
7,Fecha externa,Elecciones generales de 2028 e internas previas,"Fecha oficial del TSJE","Se usa abril de 2028 como referencia (en 2018 y 2023 fueron en abril), rotulado","Cronograma electoral del TSJE","Monitor del ciclo electoral; notas de febrero, abril y mayo de 2028",Cuando el TSJE la fije
8,Fecha externa,Internas y elecciones municipales de 2031,"Fecha oficial del TSJE","Se usa octubre de 2031 como referencia, rotulado","Cronograma electoral del TSJE","Monitor del ciclo electoral; notas municipales de 2030",Cuando el TSJE la fije
9,Dato nuevo,Identificador de persona seudonimizado en los registros mensuales,"Saber quién entra, quién sale y cuánto permanece","La nota de rotación aproxima el recambio con personas distintas en el año ÷ promedio mensual","Pedido al MEF (administradores del DW): un código por persona, sin nombre ni cédula","Rotación, trayectorias, personas con varios vínculos, efectos de la Ley 7445",Sin fecha
10,Dato nuevo,Resumen de personas por institución posterior a 2025,"personas_vinculos_oee.csv llega hasta 2025","La nota de rotación usa el último año completo disponible","Nueva versión del resumen de personas y vínculos (DW)","Rotación",Cada año
11,Dato nuevo,Fecha de ingreso y edad (o tramos),"Antigüedad, edad y jubilaciones esperadas","No se estima","Pedido al MEF","Indicadores de la guía del BID, proyecciones",Sin fecha
12,Dato nuevo,Lugar donde se presta el servicio,"Docentes, médicos y policías por departamento","Las notas por departamento usan solo gobernaciones y municipalidades","Pedido al MEF, MEC, Ministerio de Salud y Policía","Notas territoriales",Sin fecha
13,Dato nuevo,Registro de concursos y cargos de confianza (Ley 7445/2025),"Cuántos ingresos y ascensos fueron por concurso; cuántos cargos de confianza hay","Las notas sobre la ley usan señales indirectas (contratos, planta, escalas)","Portal Paraguay Concursa (SFP/MEF) y resoluciones de la ley","«La ley de la función pública a cuatro años» I y II",Sin fecha
14,Dato nuevo,Jubilaciones de la Caja Fiscal,"El costo del empleo público pasivo","No se estima","Ejecución presupuestaria de la Caja Fiscal (MEF)","Informe anual, proyecciones",Sin fecha
15,Dato nuevo,Microdatos de la Encuesta Permanente de Hogares Continua (INE),"Ingresos de asalariados públicos y privados con el mismo instrumento","Se usa el Índice de Sueldos y Salarios del BCP por rama","Microdatos públicos del INE","«Público y privado», informe anual",Sin fecha
16,Dato nuevo,Población proyectada por departamento,"Población posterior al Censo 2022","Las notas por habitante usan el Censo 2022","Proyecciones de población del INE","Notas por departamento, vínculos por habitante",Cuando el INE las publique
17,Limitación,Municipalidad de Asunción,"No figura en los registros de SICCA","No se puede estimar","Que la Municipalidad reporte al SICCA","Notas municipales y territoriales",Sin fecha
18,Decisión metodológica,Corrección del aguinaldo de diciembre de 2021,"Elegir entre el promedio 2020–2022 por institución (actual) y dividir por 6 solo la Administración Central","Se usa el promedio 2020–2022","Confirmación del MEF del valor real del objeto 114 de diciembre de 2021","Masa salarial, aguinaldo",Pendiente de decisión
19,Dato nuevo,Nombres oficiales de algunos objetos de gasto,"Los objetos 132, 134, 135, 138, 141, 143, 146, 148, 161, 162, 163, 193, 194 y 195 no tienen nombre verificado","No se publican notas sobre esos objetos","Clasificador presupuestario oficial del MEF","Serie «Objeto de gasto»",Sin fecha
20,Producto,Identificador permanente (DOI) para citar los datos,"Vincular el repositorio con Zenodo","Ya está el archivo CITATION.cff y la cita en la página de datos","Cuenta en Zenodo vinculada a GitHub (una vez)","Datos citables",Cuando se decida
